score_maths,score_prog,score_stats,score_design,score_electronique,score_gestion,score_physique,score_sciences_vie,score_langues,score_droit_eco,note_moyenne,pref_environnement,pref_professionnelle,comp_python,comp_web,comp_data,comp_hardware,comp_design,comp_gestion,comp_labo,interet_ia,interet_jeux,interet_finance,interet_multimedia,interet_reseaux,interet_recherche,interet_industrie,interet_construction,interet_agro,interet_tourisme,interet_droit,parcours_recommande,source_id,anonymized_id,population
7.267662703237059,2.093736696699575,1.712560253252625,0.8796457222439349,4.70595237369865,5.018494072816211,4.099130458081865,10.0,6.018191934585992,3.529338466303744,12.559895363404038,labo,agroalimentaire,1,0,1,1,1,0,1,0,1,1,0,0,0,1,1,1,0,1,IAA,synthetic_corpus_v2,syn_494a96be1a8c,synthetic
6.936036557210615,3.463107401287364,4.299164800133591,2.642948715239533,4.3815984332968565,3.558889789301784,6.849946700968139,6.767881360731463,6.759596883537807,3.3923230761060577,15.31784822754484,atelier,chimie_procedes,0,1,1,1,0,1,1,0,1,0,1,0,1,0,1,0,1,1,ICMP,synthetic_corpus_v2,syn_1fff860dd77e,synthetic
8.331726321195534,2.07610756980687,3.994616420811414,3.1423970036687954,3.6846968235800914,4.31994436962782,3.742846083441443,9.768627124289639,4.954367188605643,1.0463260843942153,10.661912300796338,labo,gestion_projet_si,1,0,1,0,0,0,1,0,0,1,0,0,0,1,0,1,1,1,AEE,synthetic_corpus_v2,syn_8caa84fe20a6,synthetic
8.066779816485578,5.208271366718039,8.195030469246833,1.8789131230224483,0.9157586641084734,7.909074228248211,1.9585895713127026,1.1340079276468689,5.469969846992407,7.930584479657153,12.492228390358191,labo,finance_compta,0,1,1,1,1,1,0,0,1,1,0,1,1,1,1,0,0,0,FIC,synthetic_corpus_v2,syn_8487965ec39d,synthetic
6.684895990578642,9.663291748897846,6.985792361787819,3.2019259355660523,4.624852360303578,6.559029247835509,5.69145121628816,1.1394747694963259,6.094174572950077,4.212216671817531,16.5198696821919,remote,finance_compta,1,1,0,0,1,1,0,1,1,1,0,0,0,0,1,0,0,0,IGGLIA,synthetic_corpus_v2,syn_a6b6b58201ed,synthetic
4.443647110766956,3.3021012223432114,3.1963822863133564,5.5621985187914165,1.2516769884447685,6.368191964180662,1.6500847738774145,5.518929910199867,9.778822209664057,6.144920625072805,15.45829392791572,startup,tourisme_hotellerie,1,1,0,0,1,1,1,0,0,0,1,1,1,0,0,1,1,0,TEH,synthetic_corpus_v2,syn_c42771b7d7b5,synthetic
4.898749230599689,1.5739333744820767,6.27705138662961,3.826334041174665,4.171998443973756,5.547175679229156,5.932169238638176,6.3864527144289465,5.535705021654426,3.7125437960060363,13.94066440022375,terrain,developpement_logiciel,1,1,1,0,1,0,1,1,0,1,0,0,0,0,0,1,1,1,IAA,synthetic_corpus_v2,syn_7910eec6edd6,synthetic
6.384539416615246,4.225059385202969,4.341985354561978,3.0494472801379437,2.926181184474435,6.344977769967742,3.769784966666989,9.720372457885427,5.0595945266045,1.9196899116404644,14.812394238220751,atelier,agroalimentaire,0,0,1,0,1,1,1,1,1,0,0,0,1,1,1,1,1,0,IAA,synthetic_corpus_v2,syn_bcc4ed0f6b1b,synthetic
5.987428025770332,4.8801591052451405,6.046818415954123,3.2230014930226987,9.879252209149382,3.9463204789745583,5.8138027671876475,3.6593556172049273,3.5555552684066716,3.4104041489052253,12.028810857280721,atelier,electronique_embarque,1,0,1,1,0,0,1,1,1,1,0,1,0,0,0,1,0,0,CAA,synthetic_corpus_v2,syn_a892407ea295,synthetic
6.512639625434817,2.2657949108704765,4.739427664308423,2.8328130156642577,3.4063018833691454,5.1647442071943885,6.300407339603119,8.24444687271763,4.53066647444392,3.426892334350478,12.337926531451075,startup,industrie_automatisme,0,0,0,0,0,0,1,1,0,0,0,0,1,1,1,0,0,0,ICMP,synthetic_corpus_v2,syn_b529e643ba0a,synthetic
6.691377974183327,5.1864827307504955,4.52278942396813,2.958384899977692,5.237312514667835,4.023019998084683,8.567446783706982,2.6623560097131587,3.7038114453860973,3.5855896449655047,11.38156421942705,labo,data_science,0,1,0,1,1,0,0,0,0,0,0,1,1,1,1,1,0,0,EMII,synthetic_corpus_v2,syn_fdb1794ca47b,synthetic
4.149636733181616,2.193802989974255,2.1564732231469064,3.2273504438467624,1.2993356730893373,5.990064139284495,2.7701024633610594,7.250254316695359,8.16493489694598,3.8419847302645875,12.082855560518135,bureau,tourisme_hotellerie,1,1,0,0,1,0,0,0,0,0,0,0,0,0,0,0,0,0,TEE,synthetic_corpus_v2,syn_3fae9206534e,synthetic
5.559976316453484,5.005345474275897,6.092118385820434,3.451589136159185,0.0,6.073063532747825,2.6552914442750426,2.0703247965145906,5.172997781417458,8.07863909699606,13.172697051261714,startup,gestion_projet_si,1,0,0,0,0,1,0,0,0,0,1,0,0,0,0,1,0,1,EMP,synthetic_corpus_v2,syn_553cc03fe214,synthetic
5.105296155599947,1.9943952704251608,5.674311436397957,2.354041085620021,2.454693958661763,3.1024270621868086,5.345028414147801,10.0,5.36547044735975,5.254159001056766,11.230846795734003,terrain,agriculture_elevage,0,1,1,0,0,0,0,0,1,0,0,0,0,0,0,0,1,0,AEE,synthetic_corpus_v2,syn_3033e827c3af,synthetic
8.57204763144034,4.5492109141356645,6.297649752724576,3.3794902689250415,4.318634378939766,4.607410799716577,6.715288337083118,6.045158048328329,2.8536261894162296,3.1615826216777485,13.362178239403644,labo,industrie_automatisme,1,0,0,0,0,0,1,1,0,0,1,0,1,1,0,1,1,1,ICMP,synthetic_corpus_v2,syn_38564041b216,synthetic
3.0972759504796934,5.395453092500841,6.381847736476598,8.96166797750228,1.411694038318333,3.6515747489819073,2.8654033198672995,4.373423839811778,5.775890238234777,5.068399464084819,13.027896156227985,bureau,multimedia_ux,1,0,0,0,1,1,0,0,1,0,0,0,1,0,1,0,0,0,IMTICIA,synthetic_corpus_v2,syn_6981d7e1230b,synthetic
7.157534818670711,5.011913757894836,5.860818149130413,2.5715878141979562,2.588728282947066,9.521033084631032,3.3708495799824663,3.4419451464255015,7.435915695097037,7.913105193403347,11.587448756143973,bureau,commerce_gestion,1,0,1,0,0,1,0,0,0,1,1,1,0,0,0,1,1,1,CAA,synthetic_corpus_v2,syn_2051257cd3d8,synthetic
6.5841626220393525,9.467320260160164,3.522667430674635,5.761698187198356,4.443820101598196,7.453307958256539,4.274135225193346,1.5814056387493012,3.8046718973019606,4.443866463649525,10.720908207464582,bureau,finance_compta,1,1,0,0,0,0,0,0,0,0,0,0,0,0,0,0,0,0,IGGLIA,synthetic_corpus_v2,syn_51fbe95a9ff6,synthetic
3.7272306948192018,4.207714179413943,4.028336474896765,4.640881833286106,2.561982057336778,6.715438369482127,4.808033398851703,9.523879195442891,5.362911655306004,4.247949279502365,13.021901715774066,remote,agriculture_elevage,0,1,1,0,0,0,1,1,0,0,1,1,1,0,0,1,0,0,AEE,synthetic_corpus_v2,syn_10e9f9cc70b3,synthetic
4.739793456383148,3.3213290369910133,4.044737441148892,4.012977250545006,5.15178189084428,10.0,3.3620174642729954,2.3972712427106226,4.17349684759577,6.413256324919779,14.924189284154071,bureau,gestion_projet_si,0,0,1,0,1,1,0,0,0,1,1,1,1,1,1,0,0,0,EMP,synthetic_corpus_v2,syn_d7f99a98a603,synthetic
5.593473606228777,2.3790665008648157,5.664391275890606,3.2741528180787856,2.2588514310789582,7.338505469001856,2.296408048981009,1.1170976116996165,8.841621006013792,10.0,12.437807387814875,bureau,droit_affaires,0,0,1,0,0,1,0,0,0,0,1,0,0,0,0,0,0,1,DTJA,synthetic_corpus_v2,syn_ba6dba26d5fe,synthetic
7.967054254761382,6.9112622505968915,8.86365793951926,4.208384687583669,2.921945192737429,6.40369541718262,5.109639036123751,3.5353692050972096,5.613054932776252,5.400508265284292,13.340804729979665,remote,recherche_appliquee,1,0,1,0,1,1,0,1,1,0,0,0,0,1,0,0,1,0,ISAIA,synthetic_corpus_v2,syn_22039b48c299,synthetic
3.7352127121104606,2.8613358005208323,5.1794994477541145,2.3498239790838373,1.0018865908846284,7.190915490626807,2.881364260845257,4.48405149103207,8.821048343351865,5.134158564407912,11.709720206019234,startup,tourisme_hotellerie,0,0,0,0,0,1,0,0,0,0,0,1,0,0,0,1,1,0,TEH,synthetic_corpus_v2,syn_13fda1c26a62,synthetic
6.894487108696123,3.355239692451141,7.720555880612505,3.1031988780062587,0.1989875493476343,4.387217480658454,8.787404959729967,10.0,4.026933267429694,4.209327817316668,12.88697986266539,labo,recherche_appliquee,1,0,1,0,0,0,1,0,0,1,1,1,1,1,0,1,0,1,PIP,synthetic_corpus_v2,syn_45769fde8378,synthetic
5.413580917244445,4.687938640380773,5.388462674694878,4.48293947159297,2.0932239402897688,5.567372008293001,3.822695410260466,8.003673708706698,4.185474932706445,2.628970135175433,11.176745711731456,labo,agroalimentaire,1,0,0,0,0,0,1,1,1,0,1,0,0,1,0,1,1,0,IAA,synthetic_corpus_v2,syn_0d610419e469,synthetic
7.265650304771474,6.974207771378584,5.387699909525481,2.6206501536378153,7.178053804510886,4.7989997173680585,7.515016511305837,3.56602902980158,4.948090659366677,1.2938855171434613,10.848666688813594,bureau,electronique_embarque,0,0,0,0,0,0,1,1,0,0,0,0,0,1,1,1,0,0,ESIIA,synthetic_corpus_v2,syn_165672bc2331,synthetic
6.245265574080671,2.5053498046396743,6.571430763817281,4.1083052811421945,4.62038856659337,3.9538591991535994,6.712634721860412,6.535020046110049,2.8062722571656264,2.2467002140298815,12.072918389822188,startup,chimie_procedes,0,1,0,0,1,1,1,0,0,0,0,1,0,1,1,1,0,0,ICMP,synthetic_corpus_v2,syn_0c50bac4e96e,synthetic
4.996033685185805,8.80384541235442,6.574262082671416,4.327985507844249,6.186597999697309,9.215744942964502,3.130966682339581,2.118367079431517,5.063636063382424,3.994376983489178,15.24943245979873,remote,gestion_projet_si,0,1,0,0,0,1,0,0,0,0,0,0,1,0,0,0,0,0,IGGLIA,synthetic_corpus_v2,syn_686bfb83f125,synthetic
7.1106125290322,6.318597943171341,4.962374359188198,1.2678638436757925,7.344843429896859,3.8207977155142028,7.301678435973076,1.8205728701679993,3.7875836967082757,3.0732178264970464,14.334120184786787,labo,electronique_embarque,1,1,0,1,1,0,1,1,1,0,1,1,0,0,0,0,0,0,IAA,synthetic_corpus_v2,syn_a59b0272552c,synthetic
8.329212807380513,4.532741026804356,7.093428069120765,2.5552643357521654,3.2314276017282366,7.976290568196978,1.5180759532978505,0.44050158701853803,5.4704226073251805,9.40557234060713,16.914808034314635,bureau,tourisme_hotellerie,1,0,0,0,0,1,1,0,0,1,1,1,0,0,0,0,0,1,FIC,synthetic_corpus_v2,syn_8cb2456e5b8c,synthetic
3.7252840770507936,3.379167479758589,2.8000182630275234,3.428055166843143,2.3962161727611537,6.89410545964828,3.212076436237913,1.634827796612249,7.743373278807303,7.827304522641772,14.525766021430307,bureau,droit_affaires,0,1,0,1,1,0,0,0,0,0,1,0,1,0,1,1,1,0,ICMP,synthetic_corpus_v2,syn_16dc8c596684,synthetic
5.262907615359005,3.047214618530954,2.40202628793102,3.906480983207871,2.639902425456516,5.385434682480527,2.729319574717675,4.364980535423412,7.134887205564773,4.2708851987693635,12.358818403148272,terrain,tourisme_hotellerie,0,0,0,1,0,1,0,1,0,0,0,1,0,0,1,1,1,0,TEE,synthetic_corpus_v2,syn_d482c36719cc,synthetic
8.839944157780774,4.032732113442517,6.050969379222977,3.881949443183738,2.02908087936611,2.6129989144432724,4.648731403536491,5.544096925260947,6.167472310296074,4.191218537681193,14.013267960045418,labo,data_science,1,0,0,0,0,0,0,1,1,1,1,0,0,1,1,0,1,1,ISAIA,synthetic_corpus_v2,syn_20a83b531dc6,synthetic
7.771329612053245,5.4055170493127465,5.26894216110317,3.037361823533973,6.481770029576831,3.2416900262068893,7.597556495617249,3.266558691059342,3.967652996277751,3.258412551946499,13.751219700319167,labo,electronique_embarque,1,0,0,1,0,1,1,0,0,0,1,1,1,1,0,1,1,1,EMII,synthetic_corpus_v2,syn_03325c2194de,synthetic
6.712601637295904,3.0460577391629524,3.849849073165684,4.190138613095627,0.9529504990052038,5.457431040335123,6.443506074642956,7.007591122258065,6.030778187341375,2.6430426893599384,11.979896268957384,labo,chimie_procedes,0,1,0,1,0,0,1,0,0,0,1,0,0,1,0,0,1,0,ICMP,synthetic_corpus_v2,syn_bbf0e5c4a703,synthetic
7.7356530517249436,5.849503043366599,3.8627763972329894,6.628537743146869,7.6409710674625195,4.120171494952092,5.705207698949559,2.6397620980617065,2.880129339172798,2.4690324685799867,14.567596998656686,atelier,recherche_appliquee,1,0,1,1,0,0,1,1,0,1,0,1,0,1,1,0,0,0,ESIIA,synthetic_corpus_v2,syn_851f11dd1fc8,synthetic
6.462560305868247,8.845631018493496,5.422954996626457,3.406793412569791,8.05635910574947,3.2843539988358668,4.876312271979419,3.66248863830827,4.537971646907655,2.785000808143904,12.794159947245616,chantier,electronique_embarque,1,0,0,0,1,0,0,1,0,0,1,1,0,0,0,0,0,0,ESIIA,synthetic_corpus_v2,syn_083578080cf5,synthetic
7.441819319435213,2.94129586449368,3.677271609170085,8.35650738335793,2.9012091861687193,6.524051520712311,7.360097380780764,3.2937315405583885,4.433428780492398,1.9628532285782527,15.142507459395869,chantier,genie_civil_archi,1,0,0,0,1,0,0,1,0,1,0,0,1,0,1,1,0,0,GCA,synthetic_corpus_v2,syn_54199095e05f,synthetic
5.399771038490132,3.9101004047024874,4.455407058079341,7.275684049457896,3.1215684661839163,4.206716370343284,3.5090977649462265,2.5231929084008677,7.680439100257597,3.5080814409219467,11.3470357925578,startup,droit_affaires,0,1,0,0,1,0,0,1,1,0,0,1,0,0,0,0,0,0,IMTICIA,synthetic_corpus_v2,syn_f523e1b7b2e7,synthetic
6.949696346509206,4.017265391119581,7.275265193790951,3.0709119996300207,1.2307809008149238,10.0,1.2394960679817435,3.013163462655694,5.615711109238281,10.0,12.144776194164239,bureau,finance_compta,0,0,0,0,1,0,0,1,0,1,1,0,0,1,0,0,1,0,FIC,synthetic_corpus_v2,syn_171c95e35b34,synthetic
7.942411789037748,2.2325060088017654,5.38203107188968,2.3345413732693165,4.089912494279472,5.747104331560872,5.575212269125271,7.21658363732082,4.226453156093461,2.655008074910581,15.147215670891125,labo,chimie_procedes,1,0,1,1,0,1,1,0,1,1,0,0,1,0,0,0,0,0,ICMP,synthetic_corpus_v2,syn_f1dfd2ba573d,synthetic
6.44979871850179,0.9916195895567812,5.272978004582379,2.1191118382277665,2.882173680155897,4.727038846871196,5.1014499925370576,8.641724158007753,0.8123636750144403,3.7146700540462168,13.463229428448894,terrain,agriculture_elevage,0,0,1,1,0,0,1,1,0,0,0,0,0,0,0,1,1,1,AEE,synthetic_corpus_v2,syn_6e564c998900,synthetic
8.855075775734377,3.7880858151704966,6.648755002694216,3.9085420424093336,3.0424432102780194,7.568405985599231,2.8963687746130553,3.916632714894363,8.268550791929343,9.39112595108235,13.56620834499839,bureau,finance_compta,1,0,1,1,0,0,1,1,0,1,1,0,1,0,1,1,0,0,IGGLIA,synthetic_corpus_v2,syn_b6fabfe63518,synthetic
6.621845926599519,4.924265812650874,7.0866522787589545,3.8758838328496608,1.5607178090111578,1.2276004375703073,2.7473058704926414,2.433768422734297,3.773460614553642,6.323429615171021,13.079686161066276,bureau,data_science,1,0,1,1,0,0,1,1,0,1,0,1,0,0,0,1,0,0,ISAIA,synthetic_corpus_v2,syn_81d2341ce9f0,synthetic
5.681820366097575,2.8305671331613405,6.0850920032038465,3.4584690893549994,3.458695513109226,3.8725247097766893,3.1855275729407557,10.0,4.621081842176482,2.752124979864638,11.567908259679323,terrain,agriculture_elevage,0,0,0,0,0,0,1,1,0,0,0,0,0,0,0,1,0,0,AEE,synthetic_corpus_v2,syn_d809f08afa0c,synthetic
7.331309027030468,1.9405613825428794,4.299771945450751,4.963710254809998,4.042298325280695,5.070388832930773,5.344856851572261,8.685750693428606,1.205263362027146,2.412231260631942,12.923730074336078,atelier,agroalimentaire,0,0,1,0,1,0,1,0,1,0,0,1,1,0,1,1,1,1,IAA,synthetic_corpus_v2,syn_261ca74df5de,synthetic
8.53967688042912,5.800387951828556,5.106321019119325,1.284602113963838,9.641937747456165,3.769378910225571,8.701846968533507,4.025261592814046,2.8156242930447135,2.3444107697848,13.268757661901311,terrain,industrie_automatisme,0,1,0,1,0,0,1,0,1,0,0,0,0,1,0,0,0,0,CAA,synthetic_corpus_v2,syn_591312896212,synthetic
6.4292382098264405,2.267414321856795,9.379664311605255,3.384543820486161,4.369519163412443,3.94313849514627,4.420254997430232,4.015408155633435,3.9630436341522217,3.9886973157227215,14.037894246647586,labo,data_science,1,0,1,0,1,0,1,0,1,1,0,0,0,0,0,0,0,1,EMP,synthetic_corpus_v2,syn_9b21b75e283e,synthetic
5.694997456286259,2.526079938569471,5.062622495091533,2.119022704062397,0.0,6.778413531478782,3.9405044798922404,2.9843056843373232,6.224961206607033,7.296665732465063,11.195872561432914,labo,finance_compta,1,1,1,0,0,1,1,0,0,1,1,1,1,1,0,1,0,0,FIC,synthetic_corpus_v2,syn_e20e8bcd1ea4,synthetic
5.377844888724028,5.061187528981986,3.750652236861451,2.4668286573651796,9.624362794707041,4.694077837620207,8.127594393896795,1.1812905212913491,3.350422773477222,3.326401328259826,12.05752002191738,bureau,electronique_embarque,1,0,1,1,1,1,1,1,0,0,0,1,1,0,1,1,1,0,ESIIA,synthetic_corpus_v2,syn_d16f351f6934,synthetic
8.436180050915349,6.622772400570632,2.9251146239092987,2.938388569986037,8.837447747107486,5.167350833722889,7.095028316248061,3.4935259209366487,4.224570384124259,1.4219344691549047,10.87724983977623,atelier,electronique_embarque,1,0,0,0,0,0,1,1,1,0,0,1,0,1,1,0,0,0,ESIIA,synthetic_corpus_v2,syn_44791640a0b8,synthetic
6.596099149547703,5.949987850116381,6.2306686198924375,2.9150930006211038,2.703980670002648,8.251891667749204,3.8054649506152693,1.914269469593678,3.720473240878003,5.151003266265,12.885801671231448,remote,gestion_projet_si,1,0,0,0,0,1,1,0,0,1,1,0,0,1,0,1,0,0,IGGLIA,synthetic_corpus_v2,syn_38248f2236e1,synthetic
6.936817307910933,3.0596887985335184,3.9287213489143897,2.6904574881107233,2.640616931050062,4.6640081049934645,5.514179514387001,8.78157542524571,2.5912203620766983,1.518168805712771,13.637026679808631,atelier,agroalimentaire,1,0,0,1,1,1,1,0,0,1,0,0,0,1,1,1,1,0,IAA,synthetic_corpus_v2,syn_c6c245c5097c,synthetic
5.234507158111714,4.355657078245439,6.0746046854800655,1.0183178010924765,0.6510313782027672,8.006637366355125,1.510840950138876,2.9512882380349597,3.8301149339951794,5.947482947660966,15.558581151215364,remote,finance_compta,0,0,1,1,1,1,0,0,0,0,1,0,0,0,0,1,0,0,FIC,synthetic_corpus_v2,syn_5c9e137d695a,synthetic
6.667194149447598,4.98661986160815,7.0468541026774725,3.4985025963521874,2.0839503072936494,9.017421951560149,1.6773620645763385,1.3191417723769776,5.233708571547574,8.619652451588909,13.168771821674506,chantier,pharmacie,1,0,1,0,1,1,0,1,0,1,1,1,1,0,0,0,0,1,FIC,synthetic_corpus_v2,syn_28c36e805c18,synthetic
7.9757916905806,3.7025834786952982,5.96397706834912,2.760175125478651,2.1506425641975397,6.284783478682138,5.205488989520686,6.792845621500301,4.106316451889282,3.4005235718221356,12.234313199457281,startup,agroalimentaire,1,0,0,0,0,0,1,0,1,0,1,1,0,1,0,0,0,0,IAA,synthetic_corpus_v2,syn_ba52a5d941bd,synthetic
8.625160558606748,4.2937740735745775,3.9492455210039124,1.7232664910952211,4.593917565427958,3.751054733924472,4.459308025455368,7.436111041633106,2.223744806650229,5.439538104276471,13.26518145664473,atelier,industrie_automatisme,1,0,0,0,0,1,1,0,0,1,0,0,1,1,1,1,0,0,ICMP,synthetic_corpus_v2,syn_35db10d925a6,synthetic
6.113678795409246,3.3931207011253544,5.684241084694509,5.6951294807634785,3.12435985029721,8.585553536196924,1.0938899777400666,1.7799936703466566,6.736442617699102,8.302814997609737,11.782500857750907,bureau,commerce_gestion,0,0,1,0,0,1,1,1,1,1,1,1,0,0,1,0,0,0,CAA,synthetic_corpus_v2,syn_2c77e3e70326,synthetic
8.041451320078135,4.59625202653736,4.350108965846867,5.453787898171976,7.748703443713129,3.7135795323238265,6.440902879979909,2.9030148074629887,3.116482131829366,2.77726687823154,14.273299804052606,labo,electronique_embarque,1,0,1,1,1,0,0,1,0,0,1,1,0,0,0,0,0,0,ESIIA,synthetic_corpus_v2,syn_70be57660661,synthetic
7.830017093456046,7.7568192104521625,6.208373313466359,3.20661192566363,1.2849453504478112,7.64797128533095,2.934951344341087,1.971893187295442,6.87041174141463,3.168971620720794,14.074306703057207,remote,developpement_logiciel,1,0,0,0,1,1,0,0,0,0,0,0,0,0,0,0,0,1,IGGLIA,synthetic_corpus_v2,syn_02afbddc532a,synthetic
7.590316241627571,3.2872704062192004,6.968284054311163,4.2870400376522335,2.9108445739820428,9.595847898102118,0.1821566723519603,2.804077500665441,6.833626226876648,6.668096971974779,12.517656538035041,remote,finance_compta,0,1,1,0,1,1,1,0,0,1,0,1,0,0,1,0,1,0,FIC,synthetic_corpus_v2,syn_274963320298,synthetic
8.689723311981016,2.507640987743671,4.494205953268068,7.5416797986214075,0.6767986450990442,4.930916285113515,7.484850355342954,2.8394041706939595,3.8980457323537165,4.165149526248754,15.885440830634078,bureau,genie_civil_archi,0,0,1,1,1,0,1,0,0,0,0,1,1,1,0,1,0,0,GCA,synthetic_corpus_v2,syn_1b5bebb5b0cf,synthetic
3.5573616480637718,2.005735015879677,5.344772723091191,4.744905784768908,2.5249381218338396,9.910822483877219,0.3842972869192849,3.9260038460307243,6.62548561594445,8.877793171765841,10.514861859855193,bureau,commerce_gestion,0,1,0,0,0,1,0,0,0,1,0,1,0,0,1,1,0,1,CAA,synthetic_corpus_v2,syn_8f494417d7b4,synthetic
6.378410421343894,1.6961579685188497,6.222573491848091,1.8737465432289204,2.1904221381812112,4.792874969123204,4.908561273536235,8.887837116230449,5.080441672330216,3.49307894458066,11.005163466339129,terrain,agroalimentaire,0,0,0,0,1,0,0,0,0,0,0,0,1,1,0,1,0,1,IAA,synthetic_corpus_v2,syn_53bdd5da5a34,synthetic
5.643426315323829,2.4260674343901663,6.068406268980162,3.0362325527397096,2.323022946593189,7.226569372797495,1.4420467810284388,3.262491161221948,7.564028090487316,6.817212597239983,14.00592146575963,bureau,commerce_gestion,0,0,0,0,1,1,0,0,0,1,1,0,1,1,0,0,1,1,EMP,synthetic_corpus_v2,syn_2154541331a3,synthetic
6.01085751350189,3.482838418103787,5.014833358286311,2.1507124041983268,1.256055603328579,8.01123199321782,2.01604562449525,2.5899774615878037,8.710649646845223,8.97451545522152,11.018723330226958,startup,commerce_gestion,0,1,0,1,0,1,1,0,0,1,0,0,0,0,1,0,0,1,CAA,synthetic_corpus_v2,syn_bede6f589c36,synthetic
5.904991766582607,1.793872333385547,5.862345950469264,3.810374525503791,2.672633930327413,7.74058785417746,2.2924802645920854,2.6969768320917096,7.29553370979263,8.592467257352297,11.631207523212652,startup,commerce_gestion,0,0,1,1,1,1,0,0,1,0,0,0,0,1,0,1,1,1,CAA,synthetic_corpus_v2,syn_fc3d7e3046c5,synthetic
9.43976384232694,5.775120934915219,7.308960631003373,3.578926010225194,3.2044065249681455,6.1216184754755965,4.471769083776909,3.553375669631803,4.88435002080867,4.274132974449683,12.925671327333102,labo,recherche_appliquee,1,0,0,0,0,1,1,0,1,0,0,1,1,0,1,1,0,0,ISAIA,synthetic_corpus_v2,syn_a6557e5623a2,synthetic
4.367973478685224,9.308827842779436,7.801797273554523,1.6049108966562482,5.323265210774615,4.173653243248886,4.625598734064096,2.489621648785312,1.6800345417064606,5.535365392687744,15.226259623728088,startup,gestion_projet_si,1,0,0,0,0,0,0,1,1,1,0,0,0,0,0,0,0,0,IGGLIA,synthetic_corpus_v2,syn_2a897e47cb8d,synthetic
6.223889300224514,4.127455600301125,4.333728866995754,2.963376281190629,4.033906445812055,4.135278388175828,6.606228601424007,6.890254809101176,2.025038593493184,3.9594741141940304,13.347320237917481,labo,chimie_procedes,0,0,0,1,1,0,1,0,1,1,0,1,1,1,0,1,0,0,ICMP,synthetic_corpus_v2,syn_ce47428fe3aa,synthetic
5.200082203560031,5.543650816062553,5.540618176934415,4.741714217506983,3.459414850638174,8.58438637713352,1.1899519352017838,2.210356654358361,5.990506811850328,2.9449006231321073,14.05456136383847,bureau,developpement_logiciel,1,1,0,0,0,1,1,0,1,1,1,1,0,1,1,0,0,1,IMTICIA,synthetic_corpus_v2,syn_e4a20520198b,synthetic
7.3442157939929364,5.965764307969815,4.88961798387462,4.340526973747237,8.87819435829642,3.4531378700474487,8.786291332060566,1.982602142733794,3.77410355397572,3.386149642858194,8.0,atelier,multimedia_ux,1,1,0,0,0,1,0,1,0,1,0,0,1,1,0,1,1,0,EMII,synthetic_corpus_v2,syn_1cce1cb8fd7d,synthetic
5.5337798922690435,1.9689682413534013,5.849919402845572,1.8080074479303763,2.9704364776690277,7.727190789071997,4.746426818701749,7.5692686248860745,4.992442443205845,2.935989537181583,10.40882623436988,labo,agriculture_elevage,0,0,1,0,0,0,1,0,0,0,0,1,1,1,0,1,1,0,AEE,synthetic_corpus_v2,syn_e975dc2c9423,synthetic
4.353545724141119,5.16869476347291,4.750370287784408,8.742781816670027,2.026444398255901,5.290084141595392,0.6256011997327722,3.6116520973998956,5.0751848883934,3.4584123783044247,10.35995986805333,bureau,multimedia_ux,0,1,0,0,1,1,0,0,1,0,0,0,0,1,0,0,0,0,IMTICIA,synthetic_corpus_v2,syn_5f0ff732d5f4,synthetic
6.712676174321734,10.0,5.713025470620462,4.026976355384484,1.9647318944942045,8.832675288351322,2.8974498452714252,1.7235428327095277,6.0374766765150865,6.389867202555148,15.198077050816018,startup,gestion_projet_si,0,1,0,0,0,0,0,1,0,0,1,0,0,0,0,1,0,0,EMP,synthetic_corpus_v2,syn_6ebb4a9d011e,synthetic
10.0,7.949397415148107,8.744037429634853,4.189225139935083,2.8157396133959542,5.633622415633427,4.376758182999057,3.0699172647017847,4.665304430732555,5.0423067400723784,13.558771347731653,labo,data_science,1,1,0,1,0,0,0,1,1,1,1,1,1,1,0,1,0,0,ISAIA,synthetic_corpus_v2,syn_f2ab38a360ce,synthetic
9.334452577432778,3.8302047436875126,9.012122706661005,3.2518734037377275,3.155738786954212,3.9059764684061156,4.936649331395801,1.2619705944355428,5.9899647154784885,4.008899632067781,11.895963983895365,bureau,recherche_appliquee,1,0,0,0,1,0,1,1,0,1,1,1,1,1,0,1,1,0,ISAIA,synthetic_corpus_v2,syn_479a18de53f0,synthetic
7.291621073617832,3.123269054302578,5.840577553513075,1.236170980671438,2.2686712484816693,9.93612915227043,2.743799772089246,0.8406860726886087,6.270140072446083,8.435988445303927,14.796065439111345,remote,finance_compta,0,0,1,0,1,0,0,1,0,1,0,1,0,0,0,0,0,0,FIC,synthetic_corpus_v2,syn_febc5abf193b,synthetic
7.443322189687951,4.727931766920793,5.467768064646227,3.637983068642985,1.2370369321428432,8.13648904731323,3.1525686975014873,1.5313074334487005,7.908908581660457,10.0,12.407175147308907,remote,commerce_gestion,1,1,0,0,0,1,0,0,0,1,0,0,1,0,1,1,1,1,CAA,synthetic_corpus_v2,syn_7af365f44178,synthetic
4.616381541680844,1.844001515436547,3.6993244524732196,1.4014250931700254,3.954551849844484,5.848060109996506,5.095395275709739,5.388740181517278,6.966572230342342,2.426873595015733,16.077719133908438,atelier,agroalimentaire,0,0,1,0,0,0,1,1,0,1,0,0,0,0,1,1,0,0,IAA,synthetic_corpus_v2,syn_0e510fdec9ee,synthetic
9.935174333725634,5.0660125866157095,6.134725462241449,2.671661934354451,1.7429065479549075,8.17504637393912,1.6585288088422776,3.026579828034036,7.7425057584471775,6.923646269195004,11.8077798943619,labo,finance_compta,1,0,1,1,0,0,1,0,0,1,0,1,0,0,0,0,0,0,FIC,synthetic_corpus_v2,syn_4889a1c420b2,synthetic
6.882481392859022,4.686989059743237,2.0273652634508252,4.544510711936294,6.73004107303438,3.5382734642937645,7.084033982064789,2.7547686761564605,6.1161907726716915,5.51253462098726,10.508699686296875,atelier,industrie_automatisme,1,0,0,0,0,1,0,1,0,0,0,1,0,1,0,1,0,0,EMII,synthetic_corpus_v2,syn_6e5d857a2fc6,synthetic
6.079169403727204,5.057256384427923,4.723836568266035,2.794079281949916,4.0259517037976265,3.9083815983407866,4.73494015213897,7.953129986991387,4.33330582475388,4.518087738755406,13.83124222762326,terrain,agroalimentaire,0,0,1,0,0,1,1,0,0,0,1,0,0,1,1,1,0,0,IAA,synthetic_corpus_v2,syn_0515b50b5ca6,synthetic
6.620998998016211,6.524610276819601,5.910473624785201,3.028637305427498,8.142510022857628,3.963971862629834,8.572582024269101,1.7045773334359535,3.8485155912720823,3.0123440728049706,14.296877793291484,labo,electronique_embarque,1,0,0,1,0,1,0,1,1,0,0,1,0,1,0,0,0,0,ESIIA,synthetic_corpus_v2,syn_19c0c0570072,synthetic
5.7218982500379125,8.56186547598995,4.123644726080284,4.514563861400692,4.857664114349972,7.404955150814386,3.2568212080397503,2.9481284238586833,2.0658366974021463,5.644180947917441,18.152828705617296,startup,developpement_logiciel,1,0,0,1,1,1,0,1,0,1,0,0,0,0,0,0,0,0,IGGLIA,synthetic_corpus_v2,syn_f2f127c7c705,synthetic
7.6889140814814265,10.0,3.3858196468765627,3.584605517638362,5.017735816460042,5.763665374289278,4.180020688365303,3.9657666402490848,4.593874577228204,5.660315685128159,16.14135357919141,startup,developpement_logiciel,0,0,1,1,0,1,1,1,0,0,0,0,0,1,0,1,1,0,IGGLIA,synthetic_corpus_v2,syn_2dec13d853cd,synthetic
5.926019904726418,2.9255453929300272,3.718084686102073,3.7697195816804596,1.5107182477328382,7.459615780542021,1.0197825171494541,4.484478330692747,7.30445603878853,10.0,12.716696726043285,bureau,droit_affaires,1,1,0,1,0,1,0,0,1,1,0,0,0,0,0,1,0,1,DTJA,synthetic_corpus_v2,syn_dac1a70743af,synthetic
5.5946920171559125,4.114275094459091,7.489341673771349,4.282625786373158,2.193846468795216,3.8559143275880365,7.505740888666406,7.41566169358278,2.3207131380610946,3.9623791417681895,12.984974657325552,terrain,chimie_procedes,1,0,0,0,0,0,1,0,0,0,0,0,0,0,1,0,1,0,TEE,synthetic_corpus_v2,syn_ff10b579d000,synthetic
3.7928949013367186,6.7459271883842895,4.941216214326858,4.783246672218176,9.65761527299634,2.6395699773438395,8.990566342353096,2.185222569302806,2.914656128444746,3.2365239010454427,12.695845966504272,bureau,electronique_embarque,1,0,1,1,1,0,0,1,0,1,1,1,1,0,0,0,0,1,ESIIA,synthetic_corpus_v2,syn_d76fc4460292,synthetic
7.593553676952048,2.0171048257208577,5.307275254197295,6.675357969148338,6.112257602483169,6.748725035934272,8.85338018832143,3.2990046015458154,4.6964667060696215,2.7955727156402705,10.391519159200133,terrain,recherche_appliquee,1,0,0,0,1,0,0,0,0,0,1,0,0,1,0,1,1,1,GCA,synthetic_corpus_v2,syn_9c2650687192,synthetic
7.195684249519242,7.668488352117598,4.328916279926007,3.129223583393963,7.7227268283060235,4.477581469075458,6.717709094376215,1.675685800165939,4.496167951726605,2.8347462710633193,10.108718296424879,labo,recherche_appliquee,0,0,0,1,0,0,1,0,0,0,1,1,1,0,0,1,0,0,ESIIA,synthetic_corpus_v2,syn_3fe5b5519c3f,synthetic
6.9634874021168285,5.525594529762158,3.5989062608401383,1.851666781213076,2.006649011350157,6.697315718101397,2.190015571274659,2.3487093563561086,5.210776669449038,8.577362711323207,14.44222391663672,terrain,finance_compta,0,0,1,0,0,1,0,1,1,1,1,1,0,0,0,1,0,0,FIC,synthetic_corpus_v2,syn_345731854b35,synthetic
8.013485031659775,3.842247111638909,4.223580053658248,2.545267476018686,4.459802827187431,6.561884689741658,7.943588401949895,8.957468227144732,3.2672711244404438,2.870980512493997,12.646930010780515,atelier,industrie_automatisme,0,0,0,0,0,0,1,0,0,0,1,0,1,0,0,0,0,0,ICMP,synthetic_corpus_v2,syn_5b49caab1e4f,synthetic
7.362653987618031,6.1115809158475365,4.199137304733269,2.358635253944879,6.714871576818802,4.906754279089338,8.070334864947178,2.4554907182847048,2.396725893933513,3.0931686918326036,12.728164841812138,atelier,electronique_embarque,0,0,1,1,0,1,1,1,0,0,1,1,1,1,0,0,0,0,EMII,synthetic_corpus_v2,syn_28dd0f863682,synthetic
7.9979379164608915,6.97411091817523,8.364916111638411,2.4069113429600524,2.793377806445851,5.617741084354892,2.579534406681662,1.0245195732360235,6.891291361002384,3.7290879843498765,13.793970519620716,bureau,data_science,1,0,1,0,1,1,1,1,0,1,1,0,1,0,0,1,1,1,ISAIA,synthetic_corpus_v2,syn_c140b5f28537,synthetic
6.9616286836266585,4.799792156674573,6.928629645946771,3.0141724011897826,2.221106266885464,7.561506551597965,1.3101396249103663,1.1244389131255974,5.974912031619045,8.299526757217931,10.132277260372742,remote,gestion_projet_si,1,1,1,0,1,0,0,0,1,0,0,0,0,0,0,0,0,1,EMP,synthetic_corpus_v2,syn_87830f80e958,synthetic
7.895883457912753,5.131758024927642,5.292807495602701,2.9814350845958373,7.056944050237427,5.33520574397784,8.327233468934644,2.0419982655134077,4.719792130552781,2.9232172132457217,13.733365017636707,atelier,industrie_automatisme,0,0,0,0,0,1,0,0,0,1,0,1,0,0,1,0,0,0,EMII,synthetic_corpus_v2,syn_f94c30072b8d,synthetic
4.385458385032948,7.7248418417274705,3.7544342529640726,3.2526149961726105,4.393290480437258,7.04951980322972,3.926832058536453,1.631998408561322,4.578202879637078,7.305080986503225,12.977270882959655,remote,gestion_projet_si,1,0,1,0,0,1,1,1,1,1,1,1,1,0,0,0,0,0,IGGLIA,synthetic_corpus_v2,syn_201934d616bc,synthetic
3.4307843145991925,8.020850725900113,3.845723027677469,3.716073370662005,3.7467879687138788,8.604497398008734,2.134083218869744,2.979556823392086,4.517267631782679,5.417011171919701,12.7203420738696,chantier,developpement_logiciel,1,1,0,0,1,1,0,1,0,1,1,1,1,1,1,0,0,1,IGGLIA,synthetic_corpus_v2,syn_e8768941c528,synthetic
4.1762502077461825,0.7690397789852081,5.30450462710292,5.374706750637192,3.3905610327608144,6.758636586590057,2.836560349459226,2.5452190860496513,9.411708367621772,4.44899205517229,11.770366440201157,startup,tourisme_hotellerie,0,0,1,1,0,1,0,0,0,0,1,0,0,1,1,0,0,0,TEH,synthetic_corpus_v2,syn_50c56f6f272c,synthetic
5.768701598882421,3.047073513314108,5.5634215718427384,5.79336640371191,3.756510345576198,3.788515182804872,6.322058756380617,10.0,3.044436691418846,2.489021548917528,13.644653661330059,labo,pharmacie,1,1,1,1,0,1,1,0,0,1,0,0,0,0,0,0,1,0,ISAIA,synthetic_corpus_v2,syn_5d4f5739fbdb,synthetic
9.346583852756545,4.411200525750162,8.659024770889872,3.920129150715744,4.05187910711286,10.0,3.6413982049347124,3.3476561757095022,5.753721393675159,8.450395262843308,12.993244002974606,bureau,finance_compta,1,1,1,0,1,0,1,0,0,0,0,0,0,0,0,1,0,0,FIC,synthetic_corpus_v2,syn_c3a46bb12a52,synthetic
5.484226816944707,5.165201702262373,5.388341200383499,7.704440743636296,1.5443594329816228,4.866629024368127,3.404048630107567,2.167176085682777,6.041052141999358,4.335448954203301,14.123632177425423,startup,recherche_appliquee,0,1,0,0,1,1,1,1,1,0,0,0,1,0,0,1,0,0,IMTICIA,synthetic_corpus_v2,syn_71cb8dee67e3,synthetic
4.23637516551112,2.1852608547807275,4.6079270916153465,5.283459967447401,4.016368527174002,7.094164093812414,2.5132288409845955,3.448461896711289,7.044357297761551,6.167870953711987,11.269983196040746,bureau,commerce_gestion,1,1,1,1,1,1,0,1,1,1,1,0,0,0,0,1,0,0,TEH,synthetic_corpus_v2,syn_3bad66951297,synthetic
3.4031077542323156,2.89731278425365,5.492661962069955,3.2683378877276485,4.153388656461421,5.060914905835054,5.0585445260415565,9.91747211729799,1.765573195865572,4.207220601966009,12.499172761009671,terrain,agroalimentaire,0,0,0,0,1,0,1,0,0,0,1,1,0,1,0,1,0,1,IAA,synthetic_corpus_v2,syn_e4b6815ca294,synthetic
4.335063608528252,3.0021392427819067,4.413780493467746,3.698823128840547,2.17353663168146,5.821633233261219,3.1883197972459323,3.400139794628286,8.223299472428359,7.2070136321403995,12.827881440999864,bureau,droit_affaires,1,0,0,0,0,1,1,1,0,1,0,0,1,0,0,0,1,1,DTJA,synthetic_corpus_v2,syn_8f78dcecbef0,synthetic
6.746845264755183,2.972244980612711,6.930997962593099,3.179681623191094,5.167587324939049,5.021903615423936,6.466666571448282,8.23362530430985,5.451058471221353,3.661685652221064,15.702463906519759,labo,industrie_automatisme,0,1,0,0,0,1,1,1,1,1,1,0,1,0,1,1,0,0,ICMP,synthetic_corpus_v2,syn_f951bbdd1b5d,synthetic
5.245065110745963,7.223523225509509,3.7570356510292693,9.35216362345185,1.912426208459394,4.8129200180545135,2.3652899290251073,1.2135378731515862,7.218794740062795,2.3371370285722435,11.451625493889992,startup,developpement_logiciel,1,1,0,0,1,0,0,1,1,1,0,0,0,0,0,0,1,1,IMTICIA,synthetic_corpus_v2,syn_cd4ee5fb4b2f,synthetic
6.280507051774751,7.555458837751473,5.636941085366336,2.484790585578013,4.147326224763978,6.375420952184239,4.601879031840139,2.0938531045097024,5.775040219571901,3.6528521736940216,12.48334544890677,startup,gestion_projet_si,1,1,1,0,0,0,0,0,0,0,1,1,0,1,1,0,0,1,IGGLIA,synthetic_corpus_v2,syn_d627a7c63961,synthetic
7.666083664085614,3.505414900397071,4.852072985688713,3.739139924577689,5.234990606462847,5.066040798075157,6.179627654884805,9.80658597384085,3.2468280711738315,4.052269607847546,12.474860637742209,atelier,pharmacie,0,0,0,1,1,1,1,1,0,0,0,0,1,0,0,0,0,1,PIP,synthetic_corpus_v2,syn_39775c07a053,synthetic
6.946290830517046,2.97338079206406,5.388727570503222,0.3222859015897641,3.123440489309258,4.164086608556574,5.9726617755632745,9.45503761777067,4.022634216069942,3.712123613871084,12.275153938051808,terrain,industrie_automatisme,0,0,0,0,0,0,1,0,0,0,0,1,1,1,1,1,0,0,ICMP,synthetic_corpus_v2,syn_4816a7a8d665,synthetic
5.667486961967936,4.271135799542103,6.0441192047484655,8.0810870039921,3.638881567485429,6.244855407074256,4.644955872916609,2.37417113466036,3.451635049148483,3.568553136144273,12.801060287242402,bureau,developpement_logiciel,0,1,1,1,1,1,1,0,1,0,0,1,1,0,0,0,0,0,IMTICIA,synthetic_corpus_v2,syn_74893a77b979,synthetic
8.306049083170196,6.835597057682058,8.743856514753631,1.817514752907134,2.8912101891153896,3.51725108080558,3.8702549941396946,2.105843019323173,4.95835564018177,2.8891747950405584,14.022052737919156,remote,recherche_appliquee,1,0,1,0,0,0,0,1,0,0,0,0,0,0,0,0,0,0,ISAIA,synthetic_corpus_v2,syn_cd47d080daa5,synthetic
5.102960317834669,2.800082030820459,6.257917251668972,3.1366773321797257,3.621421194150801,10.0,3.403341324837246,1.3232550270790937,4.3764481052476825,9.29460189711193,12.66707759199662,remote,electronique_embarque,1,0,0,0,0,1,0,0,0,0,1,0,0,1,0,0,0,1,CAA,synthetic_corpus_v2,syn_c3546617e70e,synthetic
6.519720628112972,7.50765192387196,5.178750249490819,3.9466148557827285,8.732924929658598,4.451685485784673,6.741129891780774,1.743073953770532,5.469275775914532,3.7626125334243987,11.465552250666397,bureau,recherche_appliquee,1,0,0,0,0,0,0,0,0,0,1,1,0,0,0,1,0,1,ESIIA,synthetic_corpus_v2,syn_2f49ea6f7499,synthetic
4.538688049197474,1.6014904148564053,3.572287805813904,4.164070308249125,1.0436766662330292,5.36117512932579,4.689956444661499,9.652546092966004,4.340241753915683,4.449357160637071,12.241669792858852,terrain,agriculture_elevage,0,0,0,1,1,1,0,0,1,1,0,0,1,1,0,1,0,1,AEE,synthetic_corpus_v2,syn_c9c103335429,synthetic
6.411001960406756,2.8586176533260725,3.7294335583597142,3.9091653954188916,2.065280729819269,7.330828879290457,2.821997687320192,2.160721692510388,8.80426574838991,9.90373476105333,13.244078102549205,bureau,droit_affaires,0,1,0,0,0,1,1,0,0,0,1,1,0,0,0,0,0,1,DTJA,synthetic_corpus_v2,syn_a7265232ee45,synthetic
5.839959187393928,1.9505184470372945,4.858872737289727,1.8329606001115037,0.077911148036093,9.371666484197439,0.8516203197942629,3.3753279668620966,8.142104385723826,8.495855929967794,12.93275667350469,bureau,droit_affaires,0,0,0,0,0,1,0,0,0,1,0,0,0,0,0,1,0,1,DTJA,synthetic_corpus_v2,syn_314098b46669,synthetic
7.395181278334521,2.501735660403421,5.005406078611221,2.8702160375359482,1.9756405136697524,4.272815612918523,6.636332577561174,8.733681623952387,1.786603607426759,3.042192776355547,12.27736802895312,atelier,chimie_procedes,1,1,0,1,0,1,1,1,0,0,0,1,1,1,0,1,0,0,ICMP,synthetic_corpus_v2,syn_96fa9af21a7d,synthetic
4.956339165210116,2.3491301886380525,6.789808210843129,3.340644256471209,1.1665837963162737,9.611329300538252,5.071298247938495,2.751619161170737,7.98061095303852,9.243293540689747,12.091540372512501,startup,commerce_gestion,0,1,1,0,1,1,0,1,0,0,0,1,1,0,1,1,1,1,EMP,synthetic_corpus_v2,syn_e567b0c0cac2,synthetic
4.88690480587999,2.731221403505075,2.0945865711329725,3.637704142699701,2.109307960142033,8.007940459163393,4.607425681702168,1.1050406976096683,6.323702515475289,6.914152868016976,11.654334531506793,remote,commerce_gestion,1,0,0,0,0,1,0,0,0,0,0,0,0,0,0,1,0,1,CAA,synthetic_corpus_v2,syn_43e87c5f00ce,synthetic
5.2817295925143855,3.6814851761934397,3.0442843605419414,4.0276488660975645,0.0,8.227783927961852,3.5250915823821893,3.246754367270051,4.94190742524567,6.596402724687779,11.966991939516047,remote,commerce_gestion,0,1,0,0,0,1,1,0,0,1,0,1,1,0,0,0,0,1,EMP,synthetic_corpus_v2,syn_bef92fb5403b,synthetic
5.20568868399592,8.422359902140572,5.916025787230736,4.321141010837337,3.2723075551923215,7.27828755536843,3.2180817604544534,1.1608793696903537,7.080263057307274,4.736010898743948,14.395396489234644,remote,developpement_logiciel,0,0,0,0,0,1,1,1,0,1,0,0,0,1,0,0,0,0,IGGLIA,synthetic_corpus_v2,syn_e471fe3b4539,synthetic
8.278506357460637,4.2564864543174785,5.0605630534863035,4.671386219180363,7.520114948714337,5.694918997996237,8.684557216643443,4.9049151937693765,2.725471469491473,2.990142023500212,14.009742407562202,terrain,industrie_automatisme,1,0,0,0,0,0,1,1,0,0,0,1,0,0,1,0,0,0,EMII,synthetic_corpus_v2,syn_91567b4f7f14,synthetic
6.516082229861646,8.219101512303824,6.733125233681408,2.6783029465830595,2.2506542391288726,6.27092967468235,3.0676068950888156,1.0256917409057846,4.441714213440875,4.80141176644296,12.32022732900138,remote,gestion_projet_si,1,1,0,0,1,0,1,0,0,1,0,1,0,1,0,0,0,1,IGGLIA,synthetic_corpus_v2,syn_114b93c111ee,synthetic
7.2410932519826146,5.946528426581462,3.8685532334470376,7.5151810157081504,4.298636796719166,4.374397001357596,7.108495078509157,3.8896398371170857,5.1898703014967165,2.307267879146888,11.307346545542918,terrain,genie_civil_archi,1,0,0,1,0,0,1,0,0,0,0,0,0,1,1,0,0,0,GCA,synthetic_corpus_v2,syn_1f76ef78c8dc,synthetic
8.913798051372456,6.711863256844932,9.422180484808719,3.392310633524805,3.6343400658655,5.894754328308105,4.24068296628022,2.8288102640828447,2.765646062122644,5.219008988135987,14.063260548711726,remote,data_science,1,1,1,0,0,0,0,1,1,1,1,1,1,0,1,0,0,0,ISAIA,synthetic_corpus_v2,syn_a1097b4854d8,synthetic
7.58693720349166,5.217701512781157,5.256571645564798,3.0088391254204474,7.4761693884677864,4.429602921032952,7.675547455330221,2.41289566323134,3.917707037129578,2.891987689291657,12.448450568130509,atelier,electronique_embarque,1,0,0,1,0,0,1,1,0,0,0,1,0,0,0,0,0,1,ESIIA,synthetic_corpus_v2,syn_abca2965f2de,synthetic
8.298765994929045,6.741393212585319,6.395320401453883,3.4079947424800343,2.3836398288328207,8.237363840765331,4.633941830203056,3.5983220639758535,4.75783186667375,5.158348761595087,14.290299878549854,bureau,developpement_logiciel,1,1,0,0,0,1,0,1,0,1,1,1,0,1,1,0,1,0,IGGLIA,synthetic_corpus_v2,syn_85542f72b0dd,synthetic
4.355471152761895,4.532368392900196,5.652688643109695,4.394301209828371,1.2396414980658252,9.010796575164118,1.197666328405678,3.2608748272948382,8.654664039527452,9.957254652689542,13.562786081164724,remote,commerce_gestion,0,0,0,0,1,1,0,1,1,0,1,1,0,0,1,0,0,1,CAA,synthetic_corpus_v2,syn_301549d0eea9,synthetic
9.133619292168746,7.996600300843081,4.809400740238095,1.5500640664009675,10.0,3.9411348718463626,5.4281994892771745,3.3549161421916436,5.230824021080158,0.0889099140783971,11.763168036800645,atelier,recherche_appliquee,1,0,0,1,1,0,0,1,0,0,1,1,0,1,0,0,0,1,ESIIA,synthetic_corpus_v2,syn_98633eec0221,synthetic
5.270297264481254,3.0724931091162535,5.175914931636625,3.45545941211867,1.8539066514669038,5.953220678126964,3.207500063677661,7.032663956380071,9.2612555853949,5.470708492485378,12.234584178167994,bureau,tourisme_hotellerie,0,1,0,1,0,1,0,0,1,1,0,0,1,0,0,0,1,0,TEE,synthetic_corpus_v2,syn_5fa8fb369e52,synthetic
7.703708448896107,3.278695911268629,3.0636922256486905,4.501817633904118,2.6547964672927744,8.349846366106314,1.0439239907089586,4.609665634376155,5.716139303702492,8.79292664769912,12.800075793595903,remote,commerce_gestion,1,0,0,0,0,1,0,0,0,0,0,0,0,0,1,0,0,1,CAA,synthetic_corpus_v2,syn_6007dcf11376,synthetic
9.504107237465066,6.630076931980728,6.995404549056507,2.757036748470396,1.915522132864416,7.131583157648697,5.08721251308473,2.494986184793671,5.1914336272121915,2.872576576883005,12.99103077321576,bureau,data_science,0,0,0,0,0,0,0,1,1,0,1,1,1,1,0,0,0,0,ISAIA,synthetic_corpus_v2,syn_f8ef68b85fbb,synthetic
6.329322683273052,1.1351054147752548,5.803235786533132,3.445085522068233,2.155959550539196,8.54275565618868,2.8110038475400985,4.104811870811389,5.084591105497869,7.589417197399496,13.999927943444254,labo,commerce_gestion,0,0,1,1,1,1,0,0,1,1,0,0,0,0,0,0,0,1,EMP,synthetic_corpus_v2,syn_03967881f26b,synthetic
5.883423819912832,7.972332398220113,6.8344175177641535,3.2817391182876,4.179689459205927,7.877514002437373,1.823623861069789,3.1230033261117294,2.8037841482907666,5.753710193798192,12.739212535303729,remote,gestion_projet_si,0,1,1,0,0,1,0,0,1,0,1,1,0,0,1,1,1,1,IGGLIA,synthetic_corpus_v2,syn_2dd42de4370e,synthetic
2.1357789493056316,4.303841696836825,5.354589355507006,4.962393070813477,0.5297788912026198,5.296559188105231,1.3146252981349882,7.634097023141573,6.576029239762984,5.344197044176012,11.234459978330468,bureau,tourisme_hotellerie,0,1,0,1,0,1,0,0,0,0,0,0,0,0,1,1,1,0,TEE,synthetic_corpus_v2,syn_435524724808,synthetic
5.3495605729394065,2.935564383631286,4.533226345291287,8.807996815047751,0.6480575000881315,4.884548165728668,9.748026621099516,2.0579755136797537,4.244593427489196,4.398086782066647,13.27676283058417,terrain,genie_civil_archi,0,0,0,0,1,1,0,0,1,0,1,1,0,0,1,0,1,0,IMTICIA,synthetic_corpus_v2,syn_987920f6c359,synthetic
6.786426121738804,2.6361011647073833,6.123715135359796,2.786158868564372,4.228091732937946,6.007965381050922,5.345569992456978,8.05118656151167,4.77891313687382,4.931423257943251,12.918676812005021,remote,agroalimentaire,1,1,0,0,1,1,1,1,0,0,0,0,1,0,1,1,1,0,IAA,synthetic_corpus_v2,syn_3d3c16ae0f4d,synthetic
7.1057761164849005,8.166087953958906,5.895994424798751,4.892088209533916,2.8202697344038454,6.160670408778795,3.962982161446374,1.8599345736676318,4.675314942878877,3.3880082756452827,13.121725913288044,bureau,developpement_logiciel,1,0,0,0,1,0,1,0,1,1,0,0,1,1,0,1,1,1,IGGLIA,synthetic_corpus_v2,syn_82ef5ceabdc5,synthetic
7.004362409982654,3.206799930471595,5.681569785999915,8.910432368347784,4.785537522956184,5.9662935556736265,8.04218069526861,3.2516626971207883,3.595791216686095,2.262198974436812,11.30980246336009,bureau,genie_civil_archi,1,1,0,1,1,0,0,0,0,0,1,0,1,0,1,0,0,0,GCA,synthetic_corpus_v2,syn_97ebd7207af3,synthetic
7.6204011478045395,2.8088073173194723,4.890622563407122,8.93437500490951,4.452818290756269,5.364701626669564,9.026995757727189,1.9569889095232174,4.187385414960337,5.137419813020866,15.230750790187287,chantier,genie_civil_archi,1,1,1,0,1,1,1,0,0,0,0,0,1,0,0,1,0,0,GCA,synthetic_corpus_v2,syn_58beefd9fd90,synthetic
2.786107324527765,0.26447014260121504,4.502824724629576,2.836719739934358,2.0380750382426482,7.967428818896908,5.5081207775250824,4.332910916985415,8.858091521957148,3.8132344443434545,10.710295946434613,bureau,tourisme_hotellerie,0,0,0,1,0,1,1,0,1,0,0,0,0,0,0,0,0,0,TEE,synthetic_corpus_v2,syn_88c26ec78a5c,synthetic
4.898990612165761,2.5551015120720972,5.11472336947274,3.605869865314587,1.8405358344531206,4.264948056371515,2.568591803202193,2.521367945783974,8.246282556894872,9.570873137935282,12.218437907912303,remote,finance_compta,0,0,1,0,1,1,1,0,0,0,0,0,0,1,1,0,1,0,CAA,synthetic_corpus_v2,syn_624059d3acc5,synthetic
7.536083524936298,2.017191703022048,3.064945822630662,6.6670759059915214,1.6446863991708254,3.125235815691007,8.762643189120812,3.8213980834423733,4.058236159327376,4.352391149382051,13.282182466293252,bureau,genie_civil_archi,0,1,0,0,0,0,0,1,1,0,0,1,1,0,1,0,0,1,GCA,synthetic_corpus_v2,syn_bccaf49b8197,synthetic
4.642428940628725,6.306751663044696,3.9622550308133477,9.473698458015662,3.769585666158427,6.899880562124751,2.6027697826665603,3.9430330811774823,4.363203496827545,1.8339388388121716,10.67929747086318,startup,developpement_logiciel,0,1,0,0,1,1,0,0,0,0,1,1,0,0,1,0,0,1,IMTICIA,synthetic_corpus_v2,syn_ed33b98143d0,synthetic
9.646655710663337,6.337211106584174,8.324380331391437,3.1988134152939667,1.9581225911823432,5.948516257621081,5.7876448440897255,2.331997969307898,5.164248605965314,5.0186203495922905,14.012146717023288,remote,data_science,0,0,1,0,0,0,1,1,0,1,0,1,1,1,0,0,0,0,ISAIA,synthetic_corpus_v2,syn_7f6b0b9817e0,synthetic
5.7041913266473205,1.4846915180128595,2.4279382172154906,7.24156490906473,1.618194826351867,5.36010293100628,8.163889420989696,2.9223496861082676,5.026086244058844,4.189964244508632,8.935405385828576,chantier,genie_civil_archi,0,0,1,0,1,0,1,0,1,0,0,0,0,0,1,0,0,0,GCA,synthetic_corpus_v2,syn_5549ab0400d2,synthetic
7.637660090164664,5.610660897814105,4.4611260497064915,2.3938817482692665,2.4960133251740455,4.293179433295706,5.213286971277565,8.397419225031806,4.503996100083991,3.1675168315537516,12.849364438273229,terrain,chimie_procedes,0,1,1,1,0,1,1,0,0,1,0,0,0,0,1,0,0,0,ICMP,synthetic_corpus_v2,syn_1ed02fcef586,synthetic
5.869631595645902,10.0,3.799924558403039,2.622590526219537,4.631061861398341,6.9826089062333665,2.0818938533544538,4.333565414467619,5.0532671737741675,4.5418386027473865,11.781337746150726,bureau,gestion_projet_si,1,1,0,0,1,1,0,0,0,1,1,1,0,0,0,1,0,0,IGGLIA,synthetic_corpus_v2,syn_4d6c46e91d2c,synthetic
6.35355362175238,3.200016479397523,6.023190381645399,4.068053403612169,4.059974023453085,4.867493719389908,3.4647956175515273,10.0,2.6679652613736398,1.7881843053514306,13.347692060763247,terrain,agriculture_elevage,0,0,0,0,1,0,1,0,0,0,0,1,0,0,0,1,0,0,TEE,synthetic_corpus_v2,syn_cd8dde5dd915,synthetic
5.2982623197039755,1.807816878232298,5.1054725383939665,4.936501017886799,4.265136658911419,2.5309910361033294,7.121616506502983,10.0,3.5911900087728283,0.474250075284266,13.891667566479136,labo,recherche_appliquee,0,0,0,1,0,0,1,0,1,1,1,0,1,0,0,0,0,1,PIP,synthetic_corpus_v2,syn_bb0f611d6e9d,synthetic
7.387211723844363,4.903121075767081,4.915358939785801,1.5977142001717695,7.158299221207942,5.974867136341851,7.571071073141465,2.7488877824814013,1.5863441667024127,2.2835978897747427,13.69181817805652,atelier,electronique_embarque,1,1,0,0,0,1,1,1,0,0,1,0,0,0,0,1,0,0,ESIIA,synthetic_corpus_v2,syn_ef15f9a510cc,synthetic
5.054998141976186,3.786391169495014,6.778747759234151,3.7604956946033945,1.5143997564007583,8.58594523421282,1.7468346200329394,1.8114169560484539,7.4942561410406485,8.222349821401384,15.697407959837875,bureau,commerce_gestion,0,1,0,0,0,1,0,1,1,0,0,1,0,0,0,1,0,1,CAA,synthetic_corpus_v2,syn_cdb0ff6e7e55,synthetic
5.371700136765452,9.061059750370507,6.0424259629410715,3.444198154570052,5.88194601654054,6.617463216912127,3.356682718522191,3.266995199067781,5.570465872523794,6.533091825851839,14.142744718489858,bureau,developpement_logiciel,0,1,1,1,0,1,0,0,1,1,0,1,0,0,0,0,1,0,IGGLIA,synthetic_corpus_v2,syn_9aff49ab6d0f,synthetic
4.856002567725378,2.8411078383814194,5.3597311487795825,2.68286748703974,3.2909233924485806,7.46374111807043,2.442979633360364,4.246274075670777,6.549481116609491,7.587889773019837,13.738372928753588,bureau,finance_compta,1,0,1,0,0,1,0,0,0,1,0,0,0,0,1,1,1,0,FIC,synthetic_corpus_v2,syn_7f9cd330696a,synthetic
7.523187646145506,5.45035336514442,9.26434643570435,2.2744956998208723,2.786320084031753,4.5369390819662305,3.8759658600172426,1.7888609649007474,2.277666777345466,5.124891139151572,15.446197135232973,labo,recherche_appliquee,1,0,1,1,0,0,0,1,0,1,0,1,1,0,0,0,0,0,ISAIA,synthetic_corpus_v2,syn_bde5faeebe5d,synthetic
6.390874493109269,6.329359668049663,7.280396492086391,2.925825370916341,3.429021253109708,7.561743758193398,3.7089131327407876,0.49872112530041823,5.4556151445053205,9.758884502052696,15.855296580884506,bureau,finance_compta,0,0,1,0,0,1,0,1,0,1,0,1,1,1,0,0,0,0,IAA,synthetic_corpus_v2,syn_f040e3b42aff,synthetic
5.942432740764569,0.8055525845445821,6.512183984524965,1.2920894107757814,3.0463568180110103,7.1797932382428336,1.3955586834634226,1.5087596843889965,7.959784651207624,9.250101434236539,11.619768472942711,bureau,droit_affaires,0,0,1,0,1,0,0,0,1,1,0,0,0,1,1,0,1,1,DTJA,synthetic_corpus_v2,syn_2243db5b429c,synthetic
6.755738189142335,3.8079949992689808,3.8898071330633357,1.487040843335182,2.9240628852998536,6.469249123241721,3.065830078878286,7.634922558814713,5.187182050788488,3.550068335924696,15.124410430898493,terrain,agroalimentaire,0,0,0,1,0,0,0,0,0,0,1,1,1,1,0,1,1,0,IAA,synthetic_corpus_v2,syn_1ca7ff983c1d,synthetic
5.676684028711038,8.739789635981907,3.4806574534727437,2.0376074421410335,2.1557766976387063,7.919432721131657,3.4960900138326423,3.758775118666903,3.396012177397708,5.6896014085776105,13.329194171407078,startup,developpement_logiciel,1,1,1,0,1,1,0,1,0,0,0,1,0,1,0,0,0,0,IGGLIA,synthetic_corpus_v2,syn_11d7adf604b8,synthetic
6.019996799652734,3.185763707969591,4.9346679886639615,4.043159455162621,0.6768542788647993,4.590013706815179,4.445083331783148,8.508437005301168,5.36555170337509,2.1592305648679195,14.246348208968698,labo,recherche_appliquee,1,0,0,0,1,0,1,1,0,0,0,1,1,1,1,0,0,1,PIP,synthetic_corpus_v2,syn_969b2845b891,synthetic
4.772623842816693,6.187464459475358,4.717044271698784,9.55294698658437,3.4767534787140266,4.687830037841565,2.7909515435684273,4.877516145666309,6.30145655675543,4.543190512259138,13.309827480873848,remote,developpement_logiciel,0,1,0,0,0,0,0,1,1,0,1,0,0,0,0,1,0,0,IMTICIA,synthetic_corpus_v2,syn_30332b6a6f47,synthetic
5.7963632599255925,6.677934436158875,7.947956992086351,2.7980394362085113,3.264490631004141,7.248968975872764,4.3523709823598935,3.054822952805271,3.507838754722793,4.6090073390680315,13.159616349687276,remote,developpement_logiciel,1,1,0,1,0,0,1,1,0,0,1,0,1,0,0,0,0,0,IGGLIA,synthetic_corpus_v2,syn_3bcca93ef6a5,synthetic
6.052361237459417,2.6549565350588242,7.4974012931569565,5.500431789420398,3.5713764085600666,9.305628369937752,1.9928091153913732,3.2173490614355007,6.5814007665656105,9.956331260874036,13.10641907457488,bureau,commerce_gestion,1,1,0,0,1,1,0,1,1,1,0,1,1,0,0,0,0,0,CAA,synthetic_corpus_v2,syn_a5a805c85d73,synthetic
8.374820703435047,5.4828632651236795,2.306508937539344,3.131398950673136,5.477824050493206,5.332034411586793,8.201542804899285,5.221301059808184,5.285575413247129,1.7271689925218106,9.968890204237873,atelier,electronique_embarque,1,0,0,1,1,1,1,1,0,0,0,0,0,0,0,1,0,1,EMII,synthetic_corpus_v2,syn_fd57c6126c9f,synthetic
3.6493814733683543,1.2667276480194831,2.077570311940051,2.7898596567941993,4.4315604427709125,4.859508006702278,5.272302455319752,10.0,4.984867017744115,2.581745546494373,11.558647095896244,labo,agriculture_elevage,0,0,0,0,1,1,0,0,0,1,0,1,0,1,0,1,1,1,AEE,synthetic_corpus_v2,syn_07cba2edf694,synthetic
7.107009887397679,0.6397292989463428,4.7090463232114965,2.4293850019346577,4.147018299135848,6.307315321799948,5.770702580105958,10.0,4.05829546885612,5.102097002360863,11.433690773680397,labo,agroalimentaire,1,0,1,0,0,1,1,1,0,0,0,0,0,1,0,0,1,0,IAA,synthetic_corpus_v2,syn_e2f72ae42691,synthetic
10.0,5.796368200120501,6.90753034916619,4.2964624924225046,3.9366638271873313,6.883994472057367,5.537548427403647,5.334566947037478,5.24382477639184,4.774572710326353,11.922525318011381,remote,recherche_appliquee,1,1,1,1,0,0,0,1,1,1,0,1,1,0,0,0,0,0,ISAIA,synthetic_corpus_v2,syn_567babbe0a9b,synthetic
2.349840113813685,3.1569842005869813,5.9402910385048155,6.943081764071762,2.88544710875851,6.8505714183865445,6.202288940235746,3.698725204527475,7.942797188703238,6.018190218891922,11.994069488237065,terrain,commerce_gestion,0,0,0,0,0,1,0,0,0,0,1,0,1,0,1,1,1,0,TEE,synthetic_corpus_v2,syn_b2ddc246b964,synthetic
6.047610296592246,5.638675685837352,9.924249147830581,4.194912684210486,4.250827278870331,5.744421638243395,6.89240138654009,2.294112446811822,4.977758012409988,3.9742554345448196,15.435201904872306,remote,recherche_appliquee,0,1,1,0,1,0,0,1,1,1,1,0,1,0,0,1,1,0,ISAIA,synthetic_corpus_v2,syn_c54e9aca10d3,synthetic
6.494542086556006,3.6044130249508997,3.03704109858287,6.549932418435217,2.8395026138895876,3.2126073172026954,10.0,2.4055953971775663,3.9066449312327656,5.162843055224386,15.721382325022702,terrain,genie_civil_archi,1,0,1,1,1,0,0,0,0,0,1,1,1,0,1,1,0,0,GCA,synthetic_corpus_v2,syn_9033aa8c7449,synthetic
2.7400059185278116,7.856573411345086,5.919269832860891,7.930759822712202,3.6255311165449062,5.23948153112739,3.2902900740178396,1.1232886921082201,6.746991147887891,1.5305777237307006,9.755104756505927,remote,multimedia_ux,1,0,0,1,0,1,1,0,0,0,0,1,0,0,0,0,1,0,IMTICIA,synthetic_corpus_v2,syn_ddbbb5fdab2c,synthetic
2.1983457694278377,0.4662898004737679,4.141195811360769,5.672358012272124,2.5287271048588273,6.723152177855701,3.4857069789370176,6.171931737500039,7.212316807525223,4.471904393899401,10.517977422010745,terrain,pharmacie,0,0,0,1,0,1,1,0,0,1,0,1,0,1,0,0,1,1,TEE,synthetic_corpus_v2,syn_b4acdbedd6e5,synthetic
7.418442397622366,6.121375998503935,4.323153908744811,3.676238652836896,9.097093929633035,3.584452431607411,5.5151206016871726,3.047653822455343,3.079207367870348,3.257209290444371,13.226735847518555,atelier,finance_compta,1,1,0,0,0,1,0,1,0,0,1,0,0,0,1,1,1,1,ESIIA,synthetic_corpus_v2,syn_a0334aa010cc,synthetic
5.749995144560633,8.592357259902347,6.2295274404873275,6.353742188516376,3.348506744678263,7.450443221591325,5.332942815175413,1.8410009700422858,2.910776360685383,5.3002987707907545,15.114262537631873,bureau,gestion_projet_si,1,1,1,0,1,1,0,1,1,0,1,0,0,1,1,0,1,0,IGGLIA,synthetic_corpus_v2,syn_c527bfe586f9,synthetic
6.687505943713107,4.05773463452063,5.282136439765542,2.717123891996525,3.945143713039979,5.443919681592544,6.761328955737921,5.75376309665642,4.682746727648721,2.5291933701060336,11.01360723597679,terrain,industrie_automatisme,0,1,1,1,0,1,1,0,1,0,0,1,1,1,0,0,0,0,ICMP,synthetic_corpus_v2,syn_7aabe75942dd,synthetic
3.7981243447293696,0.0,3.8221526963285823,4.590423984787542,1.8443299771872943,6.194690928738869,2.9751121734412775,2.752869244922123,6.963139075937946,6.967229779085071,11.04551357994852,bureau,tourisme_hotellerie,0,0,0,1,1,1,0,1,1,0,1,0,1,1,0,0,1,1,TEH,synthetic_corpus_v2,syn_3add61e80e5b,synthetic
7.894248373157688,2.023364152977904,4.651781949940841,3.227671415038364,4.084906751872464,3.100851688370418,5.262462841677976,8.706916041954674,5.501550926051317,3.489561955989399,13.18117462429571,bureau,tourisme_hotellerie,1,0,0,1,0,1,0,0,1,1,0,1,1,0,0,1,0,0,PIP,synthetic_corpus_v2,syn_57bf907e5b6d,synthetic
4.487037132679996,3.70439498648535,4.023961499843223,2.003728944430727,0.002953847283203359,6.0284865004533055,2.47080050289723,2.412322714831652,7.0393914792851975,6.34708869362153,13.630019145508248,bureau,droit_affaires,0,0,1,1,1,1,0,1,0,1,0,0,1,0,1,1,1,0,DTJA,synthetic_corpus_v2,syn_2448203b5609,synthetic
7.248806763535383,2.3961395228657705,6.432455915784258,3.09456268856693,4.274774862326556,4.071367106303137,9.154390710413374,8.322613531831252,3.916004009892954,2.2684393398850906,13.683588910168542,chantier,recherche_appliquee,0,0,0,0,1,0,0,0,0,0,0,0,1,0,0,1,0,1,PIP,synthetic_corpus_v2,syn_314e90c904b6,synthetic
6.900532556370376,3.953550974776791,4.126599259081948,0.7864113335805283,3.5239650932237865,3.2931858994213803,5.421631921401423,9.143552419047378,5.2977434710139555,4.625349846230062,15.248112782437598,chantier,recherche_appliquee,1,0,1,1,0,0,1,0,1,0,0,0,1,0,1,1,1,0,PIP,synthetic_corpus_v2,syn_d1c695b3b924,synthetic
7.08761606829235,3.4191547433235816,4.428446841131503,5.963562850847449,2.0721666508334815,6.297768709226722,5.4747131572799566,2.753141809188621,3.9373206337389415,4.502549784071784,10.818560805221487,chantier,genie_civil_archi,1,0,0,1,1,0,1,0,0,0,0,1,0,0,1,1,0,0,GCA,synthetic_corpus_v2,syn_fcea02c497e9,synthetic
8.329909486974833,5.803996077357764,7.02619234653936,1.5381995604469203,2.800336482484646,5.435371728889874,4.366630489852927,2.422486703436941,4.524309359216331,2.2953480056064395,14.690250531043217,remote,recherche_appliquee,1,1,1,0,0,0,1,1,0,1,0,0,1,1,0,0,0,0,ISAIA,synthetic_corpus_v2,syn_5e050525eb61,synthetic
5.130599769666091,2.571560820776208,7.218538289304852,4.211968379446867,3.6893843269741393,5.956932321573285,4.802383973065589,10.0,5.462601157728287,2.600540103241697,10.899846582673518,terrain,agroalimentaire,1,0,0,0,1,0,1,1,0,0,0,1,0,1,0,1,0,1,IAA,synthetic_corpus_v2,syn_e16d16464fcf,synthetic
6.628923131259419,3.0315713561488913,7.673930500899521,3.98451075519925,3.196151222841043,7.6861537863491085,2.7102470276853667,3.2008484911063917,5.539241968875766,7.1380719594366795,12.290593399946815,remote,finance_compta,0,0,1,0,0,0,0,0,0,1,0,0,1,0,1,0,0,0,FIC,synthetic_corpus_v2,syn_6e66be8c1d49,synthetic
7.070477694962826,4.593964554946199,4.296806763877832,3.9973541222984785,8.148557020833675,4.193536305774879,9.505199040253569,3.1678326969113217,3.3124342413527508,2.1503576604498083,13.61535226663243,labo,electronique_embarque,0,0,0,1,0,0,0,0,1,1,0,0,0,1,0,0,0,1,EMII,synthetic_corpus_v2,syn_15b487c9f2f7,synthetic
6.552226966022888,8.352224452840947,7.411256480539333,3.9807428510999823,3.9803640877984265,6.599042072049541,1.8553975219347398,1.767566042194923,7.124371006733789,5.759625137944347,13.911802255666576,startup,gestion_projet_si,1,1,1,0,0,1,0,1,0,0,0,0,0,1,0,1,0,0,IGGLIA,synthetic_corpus_v2,syn_eb6aa443a3cf,synthetic
4.671040442749755,3.735315491276654,4.362009662571662,2.3571992745215216,1.6604601692958145,7.875311600718607,3.432081591731097,1.84122792447868,6.022987227376467,6.938637291093718,12.510381084824669,bureau,droit_affaires,1,1,1,0,1,0,0,1,0,0,0,0,0,0,0,0,0,1,DTJA,synthetic_corpus_v2,syn_018a3147eb90,synthetic
4.75406306843234,5.631068932275653,5.3600796092465055,9.647668319610363,2.9774880486916437,4.520536928055347,3.324335480682471,2.2200781498569198,5.710784107457448,2.8851197376777966,13.887474870983134,startup,developpement_logiciel,0,0,0,0,1,0,1,0,1,1,0,0,0,0,0,0,0,1,IMTICIA,synthetic_corpus_v2,syn_1a30d4d3b737,synthetic
5.35032129542518,4.161888325174301,3.506983683880943,5.508206919113413,2.054012930589617,4.611343436379734,3.2774240289148926,7.205007908287073,7.90116489398697,4.610188165553766,12.239949716921533,terrain,tourisme_hotellerie,0,1,0,0,0,1,0,0,1,0,0,1,1,0,0,1,1,0,TEE,synthetic_corpus_v2,syn_76fe179407c5,synthetic
4.342851696935593,4.76948840322815,4.620355277167928,7.298986437620578,4.345065195673358,5.011387983488089,5.069521327791959,0.0,6.161754724974178,5.215271168121584,11.164543526169055,remote,multimedia_ux,0,1,1,1,0,0,1,1,1,0,1,1,0,0,1,1,1,0,IMTICIA,synthetic_corpus_v2,syn_e498b46454b4,synthetic
6.328730008428177,6.294374424946241,7.091048364010886,1.5971245439826578,9.305191954536507,5.268318137498552,6.63421242330687,2.0517712614727723,4.1699545285742845,1.2222180393689648,12.317345182207966,labo,recherche_appliquee,1,0,1,1,1,0,1,0,1,0,0,1,0,0,0,0,0,0,ESIIA,synthetic_corpus_v2,syn_814a577a64d4,synthetic
7.178132380460385,3.0107083004419213,4.367979851093047,2.6965458366595394,0.4182939971263977,6.6076820538783245,4.113721903457196,9.107076472003493,5.314795830890919,2.005621389139833,11.114980411310547,terrain,agriculture_elevage,1,0,1,0,1,0,0,0,0,0,1,1,1,1,0,1,0,1,AEE,synthetic_corpus_v2,syn_fbc0861703d3,synthetic
7.19510917709807,6.844464217967284,6.658936318250265,3.382611648168546,7.749385909916542,4.076888606704449,5.488304157047711,0.0,4.997609644129945,2.550307336432387,12.607874051529599,bureau,recherche_appliquee,1,0,0,1,0,1,1,1,1,0,0,1,0,0,0,0,1,0,ESIIA,synthetic_corpus_v2,syn_c6645771e127,synthetic
7.827891581963,4.753245209115082,4.44551894513764,1.5500709126887353,7.7740320137566385,5.500564048277285,6.765208932835563,3.361907350568901,5.820718218468448,2.9669072236760172,14.49065065758442,bureau,electronique_embarque,0,0,0,1,0,0,1,0,0,0,0,1,1,0,1,0,0,1,ESIIA,synthetic_corpus_v2,syn_7173eb381006,synthetic
5.853316678430888,1.6515215212429035,4.144335958821938,0.9817738701119798,0.0,8.34186181245409,5.2842764501714266,4.656135428549712,5.326122305452435,8.179883956868732,10.803130734924752,bureau,gestion_projet_si,0,0,0,0,0,1,0,1,0,0,0,0,0,0,0,0,0,0,EMP,synthetic_corpus_v2,syn_9a4f87f69a8f,synthetic
7.419341467940969,4.103986614661757,6.302570209021928,3.4184636705873683,3.77055395542142,5.326093264666542,7.294601393660711,8.959139160644675,5.196748392130867,4.618480170771334,13.264418585354731,labo,recherche_appliquee,0,0,0,1,0,1,0,0,0,1,0,0,1,0,1,1,0,1,PIP,synthetic_corpus_v2,syn_8c45b0801773,synthetic
6.68952454892176,6.068951970017427,4.090643952315989,3.18605550756597,8.78786737614179,3.332023342849951,7.327039019080494,5.090348472281028,6.544519910322565,1.7350917718443173,11.628328650117162,atelier,agriculture_elevage,1,0,0,0,0,0,0,1,1,0,0,1,1,0,0,1,0,1,ESIIA,synthetic_corpus_v2,syn_e7d29b86dac4,synthetic
8.743483997287852,7.539314223402422,9.749690809272316,6.37654005743817,2.911352678950685,4.687364523444551,2.4397283858399685,3.835893800971591,4.642241089735607,5.28151956601282,12.291313671142401,remote,recherche_appliquee,0,1,1,0,0,1,1,0,0,0,0,1,1,0,1,0,1,1,ISAIA,synthetic_corpus_v2,syn_30021dfdb620,synthetic
5.54262661552659,2.876095643446897,5.168630776224289,5.66176967365455,3.0106497257003535,6.8127344243002135,4.2821837935385645,8.188720887397011,4.515063267732342,2.5710404697807387,12.694423329095564,terrain,agroalimentaire,1,0,0,1,0,0,1,0,0,0,0,0,0,1,1,0,1,0,IAA,synthetic_corpus_v2,syn_70f5552200c1,synthetic
4.045445955507973,2.6976607239640393,4.479850821680287,6.381208346166321,1.0610341689738902,5.240083641415595,3.101137021528197,1.903339195210286,8.111606806007634,4.888972203865885,13.237622288302504,bureau,tourisme_hotellerie,1,1,0,0,1,0,1,1,1,1,1,0,0,0,0,1,1,0,TEH,synthetic_corpus_v2,syn_73c3f5c6e4e0,synthetic
6.710902798469275,5.83117028771124,3.6693631361760475,3.6732855747367235,4.2361986101824725,6.800603736341472,9.991058824599827,4.246017605099194,5.941823612681738,4.06352088886425,9.885556564762506,bureau,electronique_embarque,0,0,1,0,1,0,0,1,0,1,1,0,1,0,1,1,0,0,GCA,synthetic_corpus_v2,syn_a5375c7643cb,synthetic
6.4529110957904114,5.489067254083155,5.376247497926802,3.5017345155516932,9.675421121064636,2.9708531822072426,6.807025576525448,4.365483342317486,3.8026049631124956,3.036157235101961,12.737344417906526,terrain,electronique_embarque,0,1,0,1,0,0,1,0,0,0,0,0,0,0,0,1,1,0,ESIIA,synthetic_corpus_v2,syn_fa71ab54b047,synthetic
4.816764045644348,7.825214713613571,5.699225261075964,5.348949381944936,5.057415729843862,9.629622409904947,3.6567372770951656,3.415971010602992,2.7546461587164366,5.515857887793779,11.887103847808707,startup,gestion_projet_si,0,0,0,0,0,1,1,1,1,0,1,1,1,0,0,0,1,0,IGGLIA,synthetic_corpus_v2,syn_50ce42c026e6,synthetic
4.55222687246451,6.422022822811425,2.6116342849175536,7.852791864950048,3.2764416229676665,5.767885523409795,4.389591663095505,4.707270666633765,7.814980135997283,4.597582860888721,12.276898113849189,bureau,multimedia_ux,1,1,1,1,1,1,0,1,1,1,1,1,1,0,1,0,0,0,IMTICIA,synthetic_corpus_v2,syn_176ab9a591d2,synthetic
6.498338963131636,4.917898068433834,4.582733725788505,4.997931421407214,6.845681934773582,3.660874178226759,10.0,2.989756099570852,3.5587320550292807,2.811740838576914,13.644043762589916,atelier,recherche_appliquee,1,1,1,0,0,0,1,0,0,0,1,0,1,1,0,1,0,0,ESIIA,synthetic_corpus_v2,syn_22883c0b7222,synthetic
7.984665928325606,1.7201345493245803,6.101902789990739,3.0646331607790005,2.7561841033139824,9.70548531910584,2.2409442415264955,2.120234748820139,4.9528847637436035,8.89598091061244,13.054323639452862,bureau,finance_compta,0,0,0,1,1,0,1,0,0,0,0,0,0,0,0,1,1,1,FIC,synthetic_corpus_v2,syn_fae52b59ebbc,synthetic
7.359866901688717,7.264498520346795,7.622031013493986,2.638174078947248,7.245170198932533,2.1591281401342464,9.60680871627878,4.6225447104383885,2.8904803096789236,2.127215024785732,12.514013443703242,labo,recherche_appliquee,1,1,1,1,1,0,1,1,0,0,0,0,1,1,0,0,0,0,ESIIA,synthetic_corpus_v2,syn_ecc996f5adbd,synthetic
8.882750990099893,4.137941840964048,5.856047935547364,6.896462593545888,3.4753723012089366,2.8626331997285868,7.618970007360135,2.73010928178167,5.96839778442237,3.392524806511686,13.397289263584184,terrain,genie_civil_archi,1,1,1,0,0,0,0,1,0,0,0,0,1,0,0,1,0,1,GCA,synthetic_corpus_v2,syn_92b42d30249b,synthetic
5.044860636502973,5.782036336306487,5.113029503447872,1.5620303099001531,1.2550141437642919,9.569264830363839,2.7706881966742882,2.2074048993741138,5.0488470784258075,6.848877819207161,15.198940985539515,remote,finance_compta,0,0,0,1,1,1,0,0,0,0,0,1,1,0,1,0,0,1,FIC,synthetic_corpus_v2,syn_0e2107a6c629,synthetic
5.598621222481308,2.210052731248675,5.869123206461294,2.0724737212652995,3.0679844390802007,8.547175614763303,2.2423349576789637,0.5284185277762941,5.824253593602556,9.438381767759815,12.187101502949952,terrain,finance_compta,1,0,0,0,1,1,0,0,0,1,1,0,1,0,0,1,0,0,CAA,synthetic_corpus_v2,syn_37deb82ad183,synthetic
5.57156063651488,5.709351826533271,3.8790117653096083,1.4232903597151048,9.7992949903473,3.5677901626588904,4.857329461111602,1.7520630308863772,5.097654056581917,2.0863696400911484,15.246615817200443,labo,electronique_embarque,1,0,1,1,1,0,1,1,0,0,0,1,0,0,0,1,0,0,ESIIA,synthetic_corpus_v2,syn_a636bfa861ce,synthetic
3.9821186371638704,3.422534480058199,4.328889416156302,1.9506000569894617,1.626152729239385,6.699915365582425,2.64140195359358,7.494961510672612,4.644152119093491,5.394035682684196,13.830787294525479,terrain,agroalimentaire,1,1,0,0,0,0,1,0,0,1,0,1,0,1,1,1,0,1,IAA,synthetic_corpus_v2,syn_8ea20668478c,synthetic
2.1057220474599307,1.817304882462488,6.493618052359613,1.9640672493487745,0.5468911864808755,5.802901107628208,3.4577413718594237,1.7085011460498722,7.248912525261034,10.0,13.869241131903305,bureau,droit_affaires,0,0,1,0,0,1,0,0,0,1,1,0,0,0,0,0,0,1,DTJA,synthetic_corpus_v2,syn_f89ee5afca28,synthetic
4.912689074988153,3.6972029363176304,4.603173218503616,4.024940801442262,1.9485822705166151,7.206995318838798,1.3955680708898757,2.9756021704601565,9.22985507939197,8.92426117040427,12.824610937332013,bureau,droit_affaires,0,0,1,1,1,0,0,0,0,1,1,0,1,0,0,1,0,1,DTJA,synthetic_corpus_v2,syn_fd3fda6c5e30,synthetic
8.50873468136129,6.951947581615392,4.416204340882681,3.1310252715664353,8.956082674095047,3.327830025774549,9.099739546710259,3.1961010010822517,2.9293324536135943,5.259448411758932,13.146083912755266,bureau,electronique_embarque,0,0,0,1,1,0,1,1,0,0,1,1,1,0,0,1,0,0,ESIIA,synthetic_corpus_v2,syn_230d2c33df47,synthetic
7.130917653342385,6.754038511363774,5.910555477797791,2.949768955121947,9.040016140551403,2.815696950705882,10.0,2.1593688168204945,4.244311609460773,3.679758629743453,12.383814231399189,bureau,electronique_embarque,1,1,1,1,0,0,0,1,0,1,1,0,1,0,0,0,1,0,EMP,synthetic_corpus_v2,syn_58b999511441,synthetic
2.7024322523245137,3.193210754640391,4.793165276760189,3.447633052832132,1.6440418829023993,8.227271857580044,2.3230845227860484,7.011965381354079,8.626626320803462,6.311465069409088,12.94320026203611,terrain,commerce_gestion,1,0,0,0,0,1,0,0,0,0,0,0,1,0,0,0,1,0,TEE,synthetic_corpus_v2,syn_d26b5eb503ad,synthetic
6.235854506628291,6.083254081921385,4.532311082097649,1.541236644481582,5.796339140188284,4.074469181019126,7.0046863961418335,3.6247601019054305,3.5062877336484775,2.247458538801946,11.86258539561549,labo,industrie_automatisme,0,0,0,0,0,1,1,0,1,0,0,1,0,1,0,1,1,1,EMII,synthetic_corpus_v2,syn_7e3197c3a402,synthetic
8.446172573421624,4.474625548129112,8.574743450188734,1.2281452361350338,2.3020207871613216,4.324282752224962,4.3443942317051425,5.255820029934355,5.186288958798524,6.238082487162735,14.967818259655365,terrain,multimedia_ux,1,0,1,1,1,1,1,1,1,1,1,0,1,0,0,0,0,1,ISAIA,synthetic_corpus_v2,syn_96e85138a059,synthetic
7.542530075647593,0.4183650232327212,4.121413821697563,6.39165202958003,1.368868144312785,6.815862465739261,7.2866499502432225,2.7150189090421954,3.789337003302357,3.902120655483297,14.962216140259073,chantier,genie_civil_archi,1,1,1,0,0,0,1,0,0,0,1,1,1,0,1,0,1,1,GCA,synthetic_corpus_v2,syn_bed7b718b487,synthetic
6.212304498086942,1.8211189511521653,6.834188953109831,3.7597660778194126,1.0579365634387057,7.891272460806587,2.2354019108423717,3.766142477917863,5.266089795834694,7.809740670818978,12.230968307561458,remote,finance_compta,0,0,1,0,0,0,1,0,1,1,0,0,0,1,0,0,0,0,FIC,synthetic_corpus_v2,syn_7f5d8a0b1e05,synthetic
3.644276791902363,2.797823913372035,4.011204061451762,5.252443255984539,0.17020642005929387,6.798261292901914,3.5040990608102147,9.563250864980184,8.034838755788304,5.388150194131247,16.743828743312754,terrain,industrie_automatisme,0,1,0,0,0,0,1,0,0,0,1,0,1,0,1,1,0,1,TEE,synthetic_corpus_v2,syn_f0479c5fe9c3,synthetic
9.788844505585137,5.016464208168342,10.0,4.636223904218177,2.484708309011357,3.6695008803168765,2.2674205813234947,3.326104621839767,3.615259020551023,5.939228166338058,12.980714255257595,bureau,recherche_appliquee,0,0,1,1,1,0,0,1,0,1,0,1,1,1,1,0,0,1,ISAIA,synthetic_corpus_v2,syn_13cbab23e152,synthetic
6.585037880028324,4.037185215007147,5.302627922543766,5.271343526174723,0.9884031551274357,6.087033663163161,6.026705644209804,6.077614264991533,7.95405130261127,6.328764390924697,14.260529076118393,terrain,tourisme_hotellerie,0,0,0,0,0,1,1,1,1,0,1,1,1,0,0,0,1,0,TEE,synthetic_corpus_v2,syn_21c63e308037,synthetic
6.821239040610918,8.813743186096545,5.300548103702715,6.905256443544182,3.3311571359788297,7.164918905552378,2.993128268950721,1.3348729323083204,5.323076831812084,4.17650363837666,12.648077779503371,startup,developpement_logiciel,0,1,0,1,1,0,0,1,1,0,0,0,1,0,0,0,0,0,IGGLIA,synthetic_corpus_v2,syn_e07cfd774e8d,synthetic
5.079960736571467,2.050377519509497,5.403559056810871,4.779662597686785,2.7607435198514345,8.523700507671235,2.691028164264064,2.7784444908168435,7.403675518754648,8.509862235081778,14.14167912695832,atelier,commerce_gestion,0,0,1,1,0,1,0,1,1,0,0,0,0,0,1,0,1,1,CAA,synthetic_corpus_v2,syn_6007e74c9381,synthetic
4.334695725959689,3.2187573388055823,4.590663319222045,1.7569859395916965,3.158409550776875,7.741846392487489,3.879773924638429,2.5341649493313128,6.853710634466364,7.746200304683777,9.017256633181454,bureau,commerce_gestion,0,0,0,0,1,1,0,0,1,0,0,0,0,0,0,1,0,1,EMP,synthetic_corpus_v2,syn_cf7a7eb49218,synthetic
7.186544181897564,8.880484542962614,5.939257356999014,2.72926997412221,3.4316370550176667,7.283799542484791,4.094372050048919,3.6871563945201604,4.680571106410338,3.4685932539336815,13.661368214350151,bureau,developpement_logiciel,1,0,0,1,0,0,0,1,0,0,1,0,0,1,1,0,0,1,IGGLIA,synthetic_corpus_v2,syn_99577521ecce,synthetic
6.557723739608522,5.710211316542474,4.499511437415116,1.4972541133238286,7.941975890594829,3.7202700040259016,8.376787926974542,2.0342939978787777,2.4790489097937813,1.0754734136919601,13.314354621284673,atelier,electronique_embarque,1,0,0,1,0,0,0,1,0,0,0,0,0,0,0,0,1,0,ESIIA,synthetic_corpus_v2,syn_43e454dfa70a,synthetic
7.759620387575254,5.985432969814853,5.135414110904042,2.6703822852544583,7.59946867370354,6.591910049843628,8.670437234801367,3.0510761957447015,4.123461408671679,2.7385097780205365,12.346966054418795,terrain,chimie_procedes,1,1,0,0,1,0,0,0,0,1,0,1,0,1,1,0,0,0,EMII,synthetic_corpus_v2,syn_4b9493a0f55e,synthetic
3.2996211977517023,1.8694964073252014,2.6757285628289202,4.755616680974008,2.0105748698082295,7.282374671618792,2.057289022460426,3.890878717075103,9.566145317164507,3.504845731661113,12.490596539612211,startup,tourisme_hotellerie,1,1,0,1,1,1,0,0,0,0,1,1,0,0,0,0,1,1,TEH,synthetic_corpus_v2,syn_82795bbf3eab,synthetic
8.158797332213698,0.8459962647559807,5.162939849070665,5.045740661397242,1.7098742050414923,8.294390160418002,1.500089170141391,1.3808735436846908,4.308975481000218,7.244941702827015,11.515967417331815,remote,commerce_gestion,0,0,0,1,1,1,0,1,1,1,0,1,0,1,0,0,1,1,EMP,synthetic_corpus_v2,syn_101ad0e495d7,synthetic
3.9979064110957583,1.4729050645697042,3.724431707442592,6.478313989049447,1.4898294368194733,7.139469358853798,2.749585048674174,5.581203563867232,9.291516892713151,3.951232927225111,13.733810375242543,bureau,tourisme_hotellerie,0,1,1,0,0,1,0,0,0,1,1,1,0,1,1,0,0,0,TEE,synthetic_corpus_v2,syn_6a20ec78b1ff,synthetic
5.734529219218706,3.402569642633154,5.068389501995,5.076608204823426,0.46421946305575856,5.952548129524264,4.12744842302728,5.672843174234586,4.06736388308491,5.717658549092664,12.0159262143994,labo,agroalimentaire,0,1,0,0,0,0,1,0,0,0,0,0,0,0,1,0,0,0,IAA,synthetic_corpus_v2,syn_7f835481d804,synthetic
8.438381907822265,3.064595359239815,6.711293746655218,2.51529203824487,4.778114716976853,5.169251571556419,6.010870311578977,7.940643505862987,6.313999533360527,3.801934703720428,14.351915109339512,labo,industrie_automatisme,0,0,0,1,0,1,0,0,0,1,0,0,1,1,0,0,0,1,ICMP,synthetic_corpus_v2,syn_1589b0b424f1,synthetic
5.587319291064906,3.2207631199605964,5.28320975410421,0.08533162908796177,3.775830895031388,5.679930635464301,5.676858638292285,6.955787685463285,4.121072189805128,2.190164652121304,14.116902064319312,terrain,agroalimentaire,0,1,0,1,0,0,1,0,0,1,1,0,1,0,1,1,1,0,IAA,synthetic_corpus_v2,syn_8c88c673175c,synthetic
5.978836083895636,8.02653820734046,5.607952493857851,5.48766755722621,4.312287517877382,5.553396436547423,4.229618522735428,2.6341056369297515,4.382608281556682,4.972760564075329,13.806828642129382,remote,gestion_projet_si,0,0,1,0,1,1,0,1,0,0,0,1,1,1,0,1,0,0,IGGLIA,synthetic_corpus_v2,syn_72dd369f4cd0,synthetic
6.790475697655685,7.822802469945324,4.819579653902127,5.827713899482057,1.80909609135981,8.082439413054653,5.577589293105544,3.322626311767387,2.902683577152982,3.4621033893015136,12.372561935030397,remote,gestion_projet_si,0,0,1,0,0,1,0,1,1,0,0,0,0,0,0,1,0,1,IGGLIA,synthetic_corpus_v2,syn_7643f581dd29,synthetic
4.354138466431015,2.3253560891647944,5.510460802673816,2.3902378657206875,3.0276896747238142,3.700716941571196,5.43607000335643,8.875529603787953,3.057467089396199,3.2311825717740654,13.897161363977554,terrain,agriculture_elevage,1,0,0,1,0,1,1,1,0,0,0,0,1,1,0,0,0,0,AEE,synthetic_corpus_v2,syn_9efdfc4048e3,synthetic
5.752137495354513,3.974117336193299,4.735260395966734,3.6503810100067144,2.7826494608973737,6.360400521658719,3.083290372753207,10.0,3.1650198621315475,4.452478795675733,12.591724007996568,terrain,agroalimentaire,1,0,0,0,1,0,1,0,1,1,0,1,0,0,0,1,1,0,IAA,synthetic_corpus_v2,syn_230038d1287c,synthetic
4.181448476186512,7.135691388871787,6.936436129203722,9.484685917617881,4.347117821705484,5.0471079622639134,3.1255984386606936,3.0117788850763443,5.208530527628676,2.9891239153410596,13.781827937499616,startup,developpement_logiciel,1,0,0,1,1,1,0,0,0,0,1,0,1,0,0,1,0,0,IMTICIA,synthetic_corpus_v2,syn_8e69cf55ddca,synthetic
7.2123689963972355,1.6951696275313533,4.804008461821497,1.4304967741225747,1.786000427781012,7.520790167847896,2.238678774439918,6.008372029125591,9.061364208156638,6.272662955959241,13.333607452399107,startup,commerce_gestion,0,1,1,1,1,0,0,1,0,0,1,1,0,0,1,0,0,1,CAA,synthetic_corpus_v2,syn_3524513b184b,synthetic
4.935249945407013,5.542114213432773,5.962842983162277,2.9801266736956915,0.928052738470095,8.23205551071007,0.15366600271540554,2.001706637129455,6.184487307373266,6.710703621065097,14.12176779235654,startup,gestion_projet_si,0,1,0,1,1,0,1,0,0,1,0,0,0,0,0,1,0,1,EMP,synthetic_corpus_v2,syn_774adb5480b2,synthetic
4.53073602838086,5.622368893790124,4.8823518813663,3.5570994884059,1.9457448794356944,4.306796738305844,5.73067002686124,6.488989872892287,3.128562632651558,3.2032297932709346,14.526570958451467,terrain,electronique_embarque,0,0,1,0,0,0,0,0,0,0,0,0,0,0,0,1,0,1,AEE,synthetic_corpus_v2,syn_ab3fdb72fe31,synthetic
9.108823003273791,2.1837811541575896,3.9987049119172564,2.648451495087058,1.736611681910011,10.0,2.1626090471128485,1.4684130246351745,5.421849368507075,9.368026534451936,14.495952622463554,remote,commerce_gestion,1,1,1,1,1,1,0,1,0,1,0,0,0,0,0,1,1,1,EMP,synthetic_corpus_v2,syn_5b9b14fd3573,synthetic
7.629394976929026,5.0783403290614855,2.3173303255309765,2.3029448218919732,8.34422251626485,4.249320548884901,8.107071246925953,1.8830681459630823,3.26793835696286,4.690737727898352,11.290334114796838,terrain,industrie_automatisme,1,0,0,1,1,0,0,0,0,0,0,1,0,0,0,0,0,0,EMII,synthetic_corpus_v2,syn_802dae4aca5a,synthetic
6.8489713440907956,4.9567570248409725,3.5554849668608464,3.5653809759961064,7.383144098955479,5.022006453364082,8.90732606238098,2.4889455196405246,2.2495232496366553,1.145040484800771,17.5399773875426,terrain,industrie_automatisme,1,0,1,1,0,0,1,0,1,0,0,1,0,1,0,0,0,0,EMII,synthetic_corpus_v2,syn_ebf104168b84,synthetic
4.7554514211252545,4.290007354893933,4.102715846926006,3.3295683161113114,3.1719018800790715,4.436361066705642,6.354948677724461,7.503789267286207,3.3192637913067857,3.2317541101346268,11.236592487533983,terrain,industrie_automatisme,0,0,0,0,0,0,1,1,0,1,0,1,1,0,1,0,1,1,ICMP,synthetic_corpus_v2,syn_276e912b8518,synthetic
7.005602674691259,5.7706205203618754,8.869164092820085,3.3290863832370947,0.621597960913981,6.8514015857010175,1.4768897879290477,4.03378591283524,7.958064523330511,8.735071401961102,13.04537934671527,startup,finance_compta,1,0,1,0,0,1,0,1,0,0,0,0,0,0,0,0,0,0,FIC,synthetic_corpus_v2,syn_b7964d3789d1,synthetic
4.261276858415408,2.203518364205694,5.339045629861235,2.299485569735011,3.229517968213966,2.1584945373665616,4.0373193576297,9.900564841133875,4.294834453160477,2.5050276366006,11.514735166793605,terrain,agriculture_elevage,0,0,1,1,0,1,1,1,1,0,1,0,1,0,1,1,0,1,AEE,synthetic_corpus_v2,syn_eeda86486993,synthetic
5.218852254956191,4.0677579835913065,4.463234231598236,1.997233220298724,3.0779024782131605,5.144316567182718,6.040211714180561,6.18379837669128,5.3580937727271944,3.28534230827993,12.778770415011689,atelier,chimie_procedes,1,0,1,0,0,0,1,1,0,0,0,0,0,1,0,1,1,0,ICMP,synthetic_corpus_v2,syn_9368f39cf142,synthetic
4.567160929787432,6.7123896860815835,4.052657146544176,7.917245759710921,3.3922915507383875,7.317787937873187,3.173963244369393,3.8730235401677655,6.745922853022539,4.801224049601421,11.585420114980044,remote,multimedia_ux,0,0,0,1,1,1,1,0,0,0,1,0,1,0,1,1,1,0,IMTICIA,synthetic_corpus_v2,syn_6463de9ee2e7,synthetic
3.594447026011961,5.3187898805434735,5.8770965576379615,8.009018020337855,1.363483430604038,6.52445529655332,2.5013113346663007,3.2841034133432214,7.1226792307873525,3.8293562465702538,16.093861093527998,bureau,developpement_logiciel,0,0,1,0,1,1,1,0,1,0,1,1,0,0,0,1,0,0,IMTICIA,synthetic_corpus_v2,syn_001213c982d0,synthetic
6.7447671082151075,2.4240234758768926,2.626715756627873,4.102582880142055,0.933685877049895,7.340510805222965,1.2732073394881063,3.5369279793718036,7.291088292024844,10.0,11.426109123206821,bureau,droit_affaires,1,1,0,0,0,1,1,1,0,1,1,1,0,0,1,1,1,1,DTJA,synthetic_corpus_v2,syn_0f3b1e9c4d5f,synthetic
3.4377652822958895,2.736527598091207,5.034298123459334,3.6570449338558086,4.95216105900762,5.722784242534324,3.9085245485027382,6.318304739678234,5.324413149734858,2.457095168627104,14.300255465742021,atelier,agroalimentaire,1,0,0,1,1,1,0,1,0,0,0,1,0,1,0,1,1,1,IAA,synthetic_corpus_v2,syn_a4d36013f145,synthetic
7.0963178188158365,6.982658382060487,7.648955306333254,4.85260289639637,3.154403730801049,6.377456224842426,4.792584092518698,1.1778762615233724,7.213637789750484,4.264154072120803,16.080757821908417,remote,droit_affaires,1,1,0,0,1,1,0,1,1,0,0,1,0,0,0,0,1,0,IGGLIA,synthetic_corpus_v2,syn_7a0175b4d445,synthetic
5.5581240331922155,7.844193997235166,4.648608557082665,5.5932644718171165,3.4890488078328454,6.871438678622866,3.6283496526406465,3.301547086353897,4.086456352730904,6.0823775542110985,11.593279838465161,remote,developpement_logiciel,0,1,0,0,0,1,1,1,0,0,0,1,1,0,0,0,0,1,IGGLIA,synthetic_corpus_v2,syn_7606d04f97ac,synthetic
7.766123106594639,3.8944647706118545,5.085967451102874,5.065511008951968,1.2435588239034134,6.294238637853669,3.708843703472337,0.9657277202608032,6.26506944125122,8.247347648940512,13.578198017108143,bureau,commerce_gestion,1,0,0,0,1,0,0,0,0,1,1,1,0,0,0,0,0,1,EMP,synthetic_corpus_v2,syn_8ee57c9d19fe,synthetic
5.641690659225135,5.865107958243906,4.344247262565651,3.191852065562797,8.255227722385012,2.62541330394186,5.826889024532909,3.1588280012774335,4.3434842374769955,3.126645068646038,13.406097788440691,atelier,recherche_appliquee,1,1,0,1,1,0,1,1,0,1,0,0,0,1,1,0,0,0,ESIIA,synthetic_corpus_v2,syn_9bae1c81934a,synthetic
4.839771309766627,6.050001603229786,3.612715295958584,5.526330116232797,3.3980408603049606,3.76608272081436,4.778572546372304,9.425656631860559,4.2296973689801005,4.505579252662758,13.72393573902299,labo,agriculture_elevage,1,1,1,0,0,1,1,0,1,0,1,0,1,1,0,1,1,0,AEE,synthetic_corpus_v2,syn_cae4ab36f758,synthetic
9.258316492467507,5.168301859441017,7.9129836017872845,3.240083081687054,3.459084825708902,3.2176147423922528,2.4893638448390956,3.0015554478373283,5.938495123385361,4.469523116098698,12.812510440426951,bureau,data_science,1,1,1,1,0,1,1,1,0,1,1,1,1,1,1,1,1,1,ISAIA,synthetic_corpus_v2,syn_a7fa0e19f5a8,synthetic
7.235618756874469,3.868677148989751,5.457526397520505,2.1361679640127216,9.897994328715422,4.657532840069558,6.782493513268571,4.3029423019154756,5.127341567175172,2.006496014781478,12.771932379158729,labo,electronique_embarque,1,1,0,0,0,0,0,1,0,0,0,0,0,0,0,0,0,0,ESIIA,synthetic_corpus_v2,syn_0c92d5cbdb7d,synthetic
5.492081266049816,3.549691652021708,4.966880967359101,6.631754973565694,1.4871903743662314,5.637098616185254,5.55185423826398,7.25927372353347,5.836933814387006,5.545785170764411,11.627452908845605,terrain,tourisme_hotellerie,0,1,1,0,0,1,0,0,0,0,0,0,0,0,0,0,1,0,TEE,synthetic_corpus_v2,syn_f0a06c4cee71,synthetic
8.765209496187659,7.8081608053708695,6.903266638515682,3.2843575968817396,8.457120318063172,4.844272579142345,6.807029974894918,2.6560714656638034,3.789186520814362,1.246758819372095,13.191183257258608,labo,electronique_embarque,1,0,1,1,1,1,0,1,0,0,0,1,0,0,0,1,1,0,ESIIA,synthetic_corpus_v2,syn_81cf661a0895,synthetic
8.745809994203885,6.1963714168537045,8.334267175884229,5.520266854687757,2.14407992508521,4.612790555049134,2.5151978259040044,3.872077292789407,3.8014211923707917,3.935957301928414,13.22459505176423,remote,recherche_appliquee,0,1,1,1,0,1,0,1,0,0,0,0,1,1,1,0,0,0,ISAIA,synthetic_corpus_v2,syn_4a5afc9d6f61,synthetic
6.9233079728306155,6.9330702356708915,4.5089387514509,2.2897169953398313,8.209737362033069,3.442956186018043,10.0,3.5942448746123077,2.837837291233959,5.443555202713011,12.35071508284553,atelier,electronique_embarque,0,1,0,0,1,0,1,1,1,0,1,1,0,0,0,0,0,0,ESIIA,synthetic_corpus_v2,syn_05f596c7c75b,synthetic
6.558864091660856,7.793481006427393,6.861892518852632,3.0655527643534306,2.5206794302813407,7.543304738273339,3.544500333379821,1.5578422326943964,6.883465880715886,4.681563952261552,13.67037747362712,startup,gestion_projet_si,0,1,0,0,0,1,0,0,1,1,0,0,1,0,0,0,0,0,IGGLIA,synthetic_corpus_v2,syn_e413a24fd1b1,synthetic
4.464446584871384,8.221910936025244,5.476053226561417,4.343211079783334,2.6149338257350276,8.869081342090336,3.516343301977991,1.3954031826254492,3.950126593509984,7.314251184760196,14.496566839419748,bureau,developpement_logiciel,1,1,1,0,0,0,1,0,0,0,1,0,0,1,1,0,1,1,IGGLIA,synthetic_corpus_v2,syn_40ddcab161e4,synthetic
6.040263663349929,6.190268375282926,7.451790792498542,2.7410773728626525,5.159325093701323,8.144169155114701,2.328784657703169,2.874398034182744,7.059493273542396,6.842783097036525,12.730930415798326,bureau,developpement_logiciel,0,0,0,1,0,1,0,1,0,0,0,0,0,1,0,0,0,1,IGGLIA,synthetic_corpus_v2,syn_7943279827c7,synthetic
7.410879517541111,7.776574011950608,6.218864224375092,1.4021083715475833,7.643977062758202,4.362836771502382,9.81482094885995,1.5861872096305656,3.4076644190667076,3.5034893056812053,13.929487341022565,atelier,electronique_embarque,1,0,0,1,1,0,1,0,0,0,0,1,0,0,1,0,0,0,ESIIA,synthetic_corpus_v2,syn_7af1249fd251,synthetic
8.146420607639694,8.848161398107633,5.384286964105263,5.655330607578439,4.99911470452627,8.942355985384651,0.0,3.0282119508860927,4.754540631683963,4.958164095097417,14.414669450959018,remote,gestion_projet_si,1,0,0,0,1,1,0,1,0,1,0,1,0,1,0,0,0,1,IGGLIA,synthetic_corpus_v2,syn_680e4bfbbc94,synthetic
4.010077484347203,3.373147742579486,6.13830466134344,4.376260114353481,2.661409257912953,10.0,3.696481464317516,5.71579383569869,10.0,5.890276894826344,9.704292053146231,startup,gestion_projet_si,1,0,0,0,0,1,1,0,0,1,0,0,0,0,0,0,1,1,EMP,synthetic_corpus_v2,syn_79fdd64aa62b,synthetic
6.917814958447845,2.5278612841497923,6.743343162661503,5.195908834716533,1.8704746440879125,10.0,2.0370249266885967,4.290117644568163,4.049168872184636,8.156189133546171,12.695835022011964,remote,data_science,0,0,0,0,0,1,0,0,0,1,1,0,0,0,0,0,1,0,FIC,synthetic_corpus_v2,syn_143968a431f9,synthetic
6.122470461054467,6.484259385859913,2.5390245029906735,3.33933569314606,7.038932579943625,3.9622491003543456,8.706386499911446,2.148854171018407,4.614647216953399,3.0681559591464023,12.074059072881703,labo,electronique_embarque,1,0,0,0,0,0,0,1,0,1,0,1,1,1,0,1,0,0,EMII,synthetic_corpus_v2,syn_3216556fefa3,synthetic
8.458917950699751,5.402304207002022,10.0,3.6270321838053694,3.650895289428982,6.185472657138135,4.065950139606952,6.1092746014948425,3.3715532370771557,3.772714092127053,12.58576142257624,bureau,multimedia_ux,1,0,1,0,0,0,0,1,0,1,1,0,1,0,0,0,0,0,ISAIA,synthetic_corpus_v2,syn_88ec16f71c2e,synthetic
7.679229873238413,3.3852572999400894,5.918688204092391,8.915574894958949,3.547740408497079,4.164043374360518,8.776069252816482,3.0111635079845676,4.2118496954622024,2.9660786545842255,12.303669941166989,terrain,genie_civil_archi,1,0,0,0,1,0,0,0,0,0,1,0,1,1,1,0,1,1,CAA,synthetic_corpus_v2,syn_096e2bf92229,synthetic
5.756797582103679,2.4574186611178126,6.263380191815293,4.548637734263522,2.536598193561048,3.287827734978091,6.07436717999177,9.609556294715025,5.28845160266414,3.8308877754880792,13.831150330484478,terrain,recherche_appliquee,0,0,0,1,0,0,0,1,1,1,0,1,0,0,0,1,1,1,PIP,synthetic_corpus_v2,syn_496196909249,synthetic
4.147017516195987,2.7222751971236985,5.427220221638557,2.5807570733763483,0.7058271429079519,3.7531232700813257,5.150511533214662,6.394460232917954,2.7607865137847734,4.144201696320711,12.166176174729756,labo,agriculture_elevage,0,0,0,0,1,0,1,0,1,0,0,1,0,0,0,1,1,0,AEE,synthetic_corpus_v2,syn_1e3b9316afb9,synthetic
6.057136417557466,6.452608281550996,2.775583669367549,6.491417427712898,3.870214185500974,6.799112233096485,3.919348266955809,1.3627910340359801,4.102558467124481,3.8708715284084425,11.380089623153243,startup,gestion_projet_si,0,0,0,1,0,0,0,0,1,1,0,1,0,0,0,0,0,0,PIP,synthetic_corpus_v2,syn_c22fb1c6d561,synthetic
8.709256195865589,6.97782789354677,4.59949896651426,2.3743659339820686,10.0,4.70983605463447,8.87617563796291,1.79956878701296,4.060799848215494,3.4826386991958382,12.174896336029239,labo,recherche_appliquee,1,1,1,1,0,0,1,1,0,0,1,1,1,0,0,0,1,0,ESIIA,synthetic_corpus_v2,syn_a0bf9f8b07eb,synthetic
1.6027752807911297,5.329438113955675,4.83869654612058,4.630052525774932,1.9877447193125912,3.192686836960736,2.7088509929623825,4.849479109547019,5.739388806403078,3.3709965856029585,13.758846411182349,startup,developpement_logiciel,0,1,0,1,1,1,1,0,1,0,1,1,1,1,0,1,0,0,IMTICIA,synthetic_corpus_v2,syn_0ac4f19f2a43,synthetic
4.726624143544104,6.101774706711009,6.007388992478132,9.681427567593865,3.0420834162016686,6.313486673067057,3.9875702716134587,2.5699128739198414,6.483142415242908,4.213025064910738,13.231408585473327,bureau,developpement_logiciel,0,0,0,0,0,0,0,0,1,1,0,1,1,0,1,1,1,1,IMTICIA,synthetic_corpus_v2,syn_cbc0bdbaea54,synthetic
5.068300938174879,1.9954092442412688,5.944844199733147,3.4918382749378383,1.0172197663391191,9.144731214347383,1.4233882703131011,2.1052212498975966,7.128527037846632,7.229084612886478,11.762676978620096,bureau,commerce_gestion,1,0,1,0,0,0,0,0,0,1,0,0,1,1,1,1,0,1,CAA,synthetic_corpus_v2,syn_ae1dccc63598,synthetic
7.966534064397142,6.773995807697308,4.1711463372208915,1.2831152908793488,4.676697232462109,7.941555041222041,9.132307622245003,3.164150107298753,4.334367712376579,1.2823932621210765,11.80769201355543,labo,electronique_embarque,1,0,0,1,0,0,0,1,0,0,0,1,0,1,1,0,0,0,EMII,synthetic_corpus_v2,syn_ccb91a28678e,synthetic
5.002988616727251,8.919620709900155,5.264598199699575,3.7183933714217656,5.441661009263406,7.348385276562528,5.097177732857221,0.594310406628864,7.725734679435506,4.552075445893557,14.560776034911038,remote,developpement_logiciel,1,1,0,0,0,1,0,0,1,0,1,0,0,1,0,0,0,1,IGGLIA,synthetic_corpus_v2,syn_415dacf66b87,synthetic
8.474398215342209,4.900182402966576,3.2172945757088494,4.380701732391631,7.979155767522705,5.709428916587421,9.411198077520929,5.615867169938358,5.337966442727855,2.131104525750215,13.705401950847374,startup,electronique_embarque,1,1,0,0,1,0,1,0,0,1,0,1,0,1,0,0,0,0,EMII,synthetic_corpus_v2,syn_125ac35724b1,synthetic
8.123021497423347,4.2143162137300765,3.221223918652215,5.387295626475488,3.1637903928068707,3.8420340102947996,8.214394379236147,4.761655834339275,4.428212782526023,2.54366035907291,13.588155245982623,chantier,gestion_projet_si,0,1,1,0,1,1,1,0,0,0,1,0,1,0,0,0,0,0,GCA,synthetic_corpus_v2,syn_743a362432b4,synthetic
5.5605227364960434,8.337355447902066,5.438815384866885,5.310623594601302,3.6270644984986142,7.660282697469754,1.5141882619904943,1.4201119489470941,5.815142728437099,2.5095892836833795,15.514488978645941,bureau,finance_compta,1,1,1,0,0,1,0,1,0,1,0,0,0,0,0,0,0,0,IGGLIA,synthetic_corpus_v2,syn_d33f20eef032,synthetic
6.585951938300858,3.137191933821483,4.106478200654727,2.8094682074319355,3.8651943419240276,6.6150934984785685,3.7885647248643926,7.6074892307740365,3.41503945407574,4.495640738876187,11.105787466906222,labo,data_science,0,1,0,0,0,1,1,0,1,1,0,1,1,1,0,1,1,0,AEE,synthetic_corpus_v2,syn_313b8989fba9,synthetic
5.628966977773095,9.752693195699777,6.4241408704156635,2.881164077930861,2.0667274489489147,7.311268028243261,6.086345117947456,1.2667537555641428,4.306530732355152,5.106464496461195,13.337036738932275,bureau,developpement_logiciel,1,0,0,1,1,1,1,1,0,0,1,0,1,0,1,0,0,0,IGGLIA,synthetic_corpus_v2,syn_876d05203707,synthetic
4.076568510896498,1.8192642406140844,6.245083354536666,4.630773481473245,0.07378622334913398,5.110987552285379,2.004095007148573,4.340041440422659,8.06438199475824,4.915740841671881,14.27079187269336,terrain,tourisme_hotellerie,0,0,1,0,1,1,1,1,0,0,0,1,0,1,0,0,0,0,TEE,synthetic_corpus_v2,syn_2a7ac6cb3a39,synthetic
6.7640099668761,7.551991244275536,7.456626275879104,2.072673172251413,3.961381199996141,6.450912746819558,3.4885817774198333,3.299281828373268,5.7263624265385165,4.9271717588821025,14.641824825272293,bureau,developpement_logiciel,1,0,0,0,0,0,0,1,1,0,0,0,0,0,1,0,1,1,IGGLIA,synthetic_corpus_v2,syn_77aa26c56f1f,synthetic
6.185448724180539,2.859721264520741,3.3409146100498734,3.9818290860873495,3.2928138538458787,6.714117376087796,6.617089292281398,8.896571295571915,3.02694117884138,5.6270275174425635,10.972775097495589,labo,agriculture_elevage,0,1,0,0,0,0,0,1,0,0,0,0,1,0,0,0,0,1,AEE,synthetic_corpus_v2,syn_68639eca00aa,synthetic
5.899217286736918,4.825989596456342,5.41400313371581,0.9855307023856437,3.4609607110133567,4.669244142688263,4.961325439740003,7.775511892693427,3.7233261202725494,4.803960578559606,14.371269283707646,labo,droit_affaires,0,0,0,0,0,0,0,0,1,1,0,1,1,0,1,1,1,0,PIP,synthetic_corpus_v2,syn_af462953e10a,synthetic
5.022532500438536,2.5032125530118696,1.9000808233558613,7.119306036222346,2.0190911419595414,5.6807757922116275,0.048349381934780666,5.234961929240071,9.16970986326837,5.752822856162862,13.795472001896906,terrain,commerce_gestion,0,1,1,0,0,1,0,1,0,0,1,0,0,1,0,1,0,0,TEH,synthetic_corpus_v2,syn_c1a9b8e63ab3,synthetic
5.242052256069659,2.4624521576995715,4.380204298509406,1.9023405775784052,1.488374032019169,4.969087831682236,5.139234076744245,9.896433227951222,4.854420475945265,4.899848241553263,10.782734692064349,labo,agroalimentaire,1,0,0,1,0,0,1,1,0,0,0,0,1,0,1,1,0,1,IAA,synthetic_corpus_v2,syn_76e122a951ee,synthetic
7.909520646796956,2.7212834903533634,5.568266476328281,4.4888798989694525,2.929290452805287,5.336329867342429,4.247195094659058,5.667953777604364,4.584565939786175,2.6481568070558885,11.386977064574758,startup,agroalimentaire,0,0,0,1,0,1,1,1,0,0,0,0,1,1,1,1,1,0,IAA,synthetic_corpus_v2,syn_5a4c813913d1,synthetic
5.986527787096048,1.4639397905378932,6.801231947592342,3.326214706388424,4.974961489670402,7.0917148017399825,4.40783940618989,4.169614477583784,6.005979189385221,7.525927263785759,11.618053275805154,remote,commerce_gestion,1,0,0,0,0,1,1,0,0,1,0,0,1,0,0,1,0,0,EMP,synthetic_corpus_v2,syn_9c03c7b6d8c1,synthetic
6.993691191057804,5.140628205480896,4.275644347226287,3.799726470182527,0.7090352204607813,6.494851678026265,3.252101461991378,7.318802675713258,4.898670394818982,2.7542011574932252,11.862469734995635,terrain,agroalimentaire,0,0,1,1,1,0,1,1,0,0,1,1,0,1,1,0,1,0,IAA,synthetic_corpus_v2,syn_e5b6b5526215,synthetic
6.8900397376517155,5.383707937991484,4.438771488112427,5.098264652555652,6.834143996145595,3.121728452864624,8.643100301561905,2.7597484521443616,3.0505110180903374,4.157751883637788,14.518443599753772,labo,electronique_embarque,0,1,0,0,1,1,0,0,1,0,0,1,0,0,0,0,0,0,ESIIA,synthetic_corpus_v2,syn_f65408e91451,synthetic
4.046679291688082,1.884663098817468,3.6612151986082626,3.3346075068452254,1.2832551249259214,9.326868180368573,1.3125647379164531,2.0708840460042746,6.345972784099877,8.97066197124508,12.268581085973445,bureau,commerce_gestion,0,1,1,1,0,1,0,1,0,1,0,0,1,0,0,1,0,1,CAA,synthetic_corpus_v2,syn_ec3053a464b9,synthetic
7.104781128916062,2.7585726650457056,6.147053140916695,8.708918962681754,2.1678747526586846,4.863508115470622,9.254051051913745,2.906225997827073,5.213506210485581,4.936484316986059,12.156543136665183,bureau,gestion_projet_si,0,1,0,1,1,0,0,1,1,1,0,1,1,0,1,0,0,1,GCA,synthetic_corpus_v2,syn_47ffb287e710,synthetic
6.289278066583205,2.421163133631467,3.785388817062156,1.696825940026151,2.0298215409599867,5.245485979640393,2.148729834892859,7.563908307141972,2.1039695462707217,2.7595101752263522,14.295972101430834,labo,agriculture_elevage,1,0,1,1,0,1,1,0,0,1,0,0,0,0,1,1,0,0,AEE,synthetic_corpus_v2,syn_d9f7e4e93ed7,synthetic
8.532596004825743,4.43999776282381,6.383587166410867,3.7620665082345957,3.6752803461116024,3.989268307767089,9.090068594440183,7.301856419793102,2.3745032290336012,4.70896008039899,13.21566350239558,atelier,industrie_automatisme,1,0,0,1,0,0,0,1,1,0,1,1,1,0,0,0,0,1,ICMP,synthetic_corpus_v2,syn_856d601c2e38,synthetic
8.409561257621414,7.412418795368969,3.5176795543179162,1.0788662751275717,7.48268369313581,5.529632692978919,9.341394061791316,4.4536578867918895,0.9561455692177527,4.5035722738610495,13.503193939644461,labo,electronique_embarque,0,1,0,1,1,0,1,0,1,0,1,1,0,1,1,1,0,0,EMII,synthetic_corpus_v2,syn_039e3f873bdc,synthetic
7.01742222778851,4.567870129184813,4.917331460365179,3.4535740795036536,1.8749749359182653,7.737663700161833,3.3828994357127433,2.9354178959478707,6.670187810143528,8.42996652703511,13.923176871936226,bureau,commerce_gestion,0,1,0,0,0,1,0,0,1,1,0,0,0,0,0,0,0,1,EMP,synthetic_corpus_v2,syn_d7d6599bade5,synthetic
6.4302798130146135,8.187399266110779,5.029043215737639,5.792717350856476,2.23799216497543,7.089586811858358,4.947665086420264,4.1351772916086915,5.716497042276241,1.9321089601105217,12.439052615062277,startup,developpement_logiciel,0,1,1,0,1,0,1,0,1,1,1,1,0,0,1,0,0,0,IMTICIA,synthetic_corpus_v2,syn_85d060e29154,synthetic
6.712852033748314,4.791919874429586,4.017108406564261,3.380344792686999,7.462728136412695,4.311476713864051,9.574983874423623,2.7047208126608027,2.255785025770605,1.9838444857837323,12.571891391882106,bureau,genie_civil_archi,1,0,1,1,0,1,1,1,0,0,0,0,0,0,0,1,0,0,ESIIA,synthetic_corpus_v2,syn_f91c423b73b8,synthetic
5.560762301632769,3.5290669470235545,5.075184443454345,6.3138802977213535,2.9892505243234977,5.502124313490958,9.693343634196358,2.4962825645723568,3.0940654627993327,3.891471823607663,15.825341895054919,terrain,genie_civil_archi,0,0,0,0,1,1,0,0,0,1,0,1,1,1,0,0,0,0,GCA,synthetic_corpus_v2,syn_dd18cbaf9c95,synthetic
8.0718895011195,6.1597765364455865,4.490669365710784,3.4658728712870097,6.346458704865666,3.0945857325243207,8.378672879793694,2.184268343525081,5.710557007899312,3.450173315168532,11.92527791481919,atelier,electronique_embarque,0,1,0,0,1,0,1,0,0,1,0,1,0,1,0,0,0,0,EMII,synthetic_corpus_v2,syn_5eb40113bd6a,synthetic
5.030357463879341,5.42263550596163,5.537423039608716,7.432546264736752,3.3248804521621906,4.123529155753049,6.118833773748664,3.104348464032777,5.825393043021039,3.148450099242458,11.669600025125954,bureau,developpement_logiciel,0,1,0,0,1,0,0,0,0,1,1,0,1,0,0,0,1,1,IMTICIA,synthetic_corpus_v2,syn_6afcbb1d9df4,synthetic
8.944424240211593,7.0112061714543845,5.138265743042159,4.649662788594753,7.510196121765866,5.328397206005539,9.70534758264633,4.222845936019932,5.0991989772860125,3.7574270328980215,15.935692173457129,atelier,multimedia_ux,0,1,0,0,0,0,0,0,1,0,0,0,0,1,0,0,0,1,EMII,synthetic_corpus_v2,syn_f2a1573ec96e,synthetic
6.588921894588057,5.793364727642689,6.359303944487733,1.4286212458807368,9.298000929335416,3.810276937700534,8.914950305509839,4.9090208653222325,4.3903883107625346,2.643010742160974,14.07726343404211,labo,electronique_embarque,0,0,0,0,1,0,0,0,1,1,0,1,0,1,0,1,1,0,EMII,synthetic_corpus_v2,syn_1d0606d95cd8,synthetic
7.684633085663117,5.793961162393539,6.999506619392845,3.204423531701322,5.120754285786427,5.481003052230407,4.262591954753244,1.7789334971778143,2.5332182559449916,3.0261642893483542,11.480916277938485,bureau,data_science,1,0,1,1,1,0,0,0,0,1,0,1,1,0,1,0,1,0,ISAIA,synthetic_corpus_v2,syn_b7a40ca8f481,synthetic
6.405984855183757,5.186631694289067,4.101858173280025,3.6137070812710412,6.659692505772841,5.930612605824484,6.832524392925645,1.0409698364203006,3.8378607904895814,1.9889291409653862,11.112649219023556,labo,agriculture_elevage,0,1,0,0,1,0,1,0,1,0,0,1,0,0,0,0,0,1,EMII,synthetic_corpus_v2,syn_f57eef13c4e3,synthetic
5.123226859912487,2.7466816125051077,6.968027575848154,2.4044497225394634,2.771379890200423,9.306600733338017,2.8345225295289613,3.172518812507325,6.326519462428407,8.511409709098382,11.559661950277958,remote,multimedia_ux,1,1,1,0,0,0,0,1,0,1,0,0,1,0,1,0,0,0,FIC,synthetic_corpus_v2,syn_deed0b6fd6ed,synthetic
8.464423613294352,4.267473732721435,8.53697281809903,2.112888746932713,1.5834170124897204,4.8688545078847,5.2683667182171225,3.5284964252877553,5.110944463359311,4.344099384025191,13.496539602274224,labo,agriculture_elevage,0,1,1,0,0,0,0,1,0,1,0,0,1,0,0,1,0,0,ISAIA,synthetic_corpus_v2,syn_05e449f0a7f7,synthetic
5.763675207032441,1.0715884020329975,5.80241949454027,7.258773787634691,1.5605239802575586,3.9978099803121885,1.8398013043170585,5.945778342879546,10.0,5.020496000243814,11.57422382487228,terrain,agroalimentaire,0,1,1,1,0,1,0,0,1,0,0,0,0,0,0,0,0,0,TEE,synthetic_corpus_v2,syn_56336d7f0787,synthetic
7.839950622082612,2.956468765780852,4.570733757180689,1.5501891771825973,4.52030887876401,3.289968754388952,6.395037399740119,9.499219956460514,6.101342413874878,2.882345572900138,12.813905128275184,atelier,pharmacie,1,0,1,1,1,1,0,0,0,0,1,0,1,0,1,1,0,0,PIP,synthetic_corpus_v2,syn_cca92582616d,synthetic
5.414242266738862,2.689614922082421,5.978914451614531,8.696058995784242,5.74319098160604,5.060426636405965,8.549476855538652,3.9809133926828,6.03009032658994,4.375710321609714,14.3892233851691,chantier,genie_civil_archi,0,0,0,0,0,1,1,0,0,1,0,0,0,1,1,0,1,0,GCA,synthetic_corpus_v2,syn_970877c5dee6,synthetic
7.915101066835437,6.9912178769945985,7.712659683948293,1.7354533707421058,4.831588070697306,3.5009820864407946,4.526622147514718,1.9436023525999653,5.852001147350201,6.015539982924835,14.79376671113478,chantier,data_science,0,1,0,1,0,1,1,1,0,0,1,0,0,0,0,1,0,0,ISAIA,synthetic_corpus_v2,syn_6876fe6c5c2f,synthetic
4.194394500320448,2.19989238289988,5.54061705575685,4.2626950258667975,3.238845055462558,7.393755934763898,1.32943243447899,3.128694362499597,6.041599715071557,7.275795301406695,9.714852741122376,bureau,commerce_gestion,1,1,1,0,1,1,0,1,0,0,0,1,1,0,0,0,0,1,CAA,synthetic_corpus_v2,syn_655550184432,synthetic
5.760851588726699,0.9201258159495038,3.6187958702667147,3.8490717030551833,3.510439541649049,5.112318309007234,6.274758881238182,9.10962329975364,4.220246978564322,2.0362966963513314,14.658099875043373,labo,agriculture_elevage,0,1,0,0,0,0,1,1,1,0,0,0,1,1,1,1,0,0,AEE,synthetic_corpus_v2,syn_52c811b8894d,synthetic
8.314212935692463,3.6444510166028516,5.508488771910114,2.4041762279571706,3.2260748877991583,7.747750542416152,1.7542175023382738,1.7461935306459755,6.7706969066805485,10.0,10.288674944045578,chantier,finance_compta,1,1,0,1,0,1,0,0,0,1,1,1,1,0,0,1,1,0,FIC,synthetic_corpus_v2,syn_0bc681e3ae04,synthetic
7.310383921795909,4.472206136531269,6.545207402510951,3.829389369733321,2.999239803749082,5.423149971218769,4.707055857820054,5.899725195984249,5.362568166897435,3.793358679662095,14.23828639931294,atelier,agroalimentaire,1,0,0,0,1,0,1,0,0,0,1,1,1,0,0,1,1,0,IAA,synthetic_corpus_v2,syn_ce03709e7794,synthetic
2.5246929201235893,2.764787953679327,6.309505013515978,5.076203775827059,1.8962154547879022,10.0,2.039193658786232,1.6406322111761207,6.438205917728357,6.653041970196662,13.433592547555305,chantier,commerce_gestion,0,0,0,0,0,1,0,1,1,1,0,1,0,0,0,0,1,1,CAA,synthetic_corpus_v2,syn_dbb14cc7e9a7,synthetic
4.717474682297375,1.2868333166965678,3.4951478228292405,5.615272061275131,0.0,9.932468198772522,1.5149571864430322,3.9237291665437652,3.85695196650146,7.717887317740061,15.181036604537901,remote,commerce_gestion,0,1,1,0,0,1,0,0,1,1,0,1,0,0,0,0,0,1,EMP,synthetic_corpus_v2,syn_954ca1a6f020,synthetic
8.586477222987456,8.823119619773486,9.46181145007997,5.43337950659239,2.3542502249506216,6.285171676184248,4.032002791542269,3.4392203049222982,6.925010055647473,4.165625011020353,14.028881680514804,labo,data_science,1,0,1,1,1,0,1,1,1,0,0,1,1,0,0,0,1,0,ISAIA,synthetic_corpus_v2,syn_604c6257d5ef,synthetic
4.182124735316063,3.0334866870884376,3.0447274218098617,3.1169823755876562,2.8709979395113194,8.478423644291247,3.5931065659395944,2.3426820985195005,8.037936745829295,8.461453300608703,10.288772865223875,bureau,droit_affaires,0,0,0,0,0,1,0,0,0,1,1,0,0,1,0,0,0,0,DTJA,synthetic_corpus_v2,syn_a0fb308842c3,synthetic
5.597174093643442,6.360264431247602,7.206892582959968,9.891058843073465,3.9800806984781523,5.8808109582932495,3.8763286017013288,3.4152784878194087,3.3806215853374346,3.9739234553953384,12.258791210996513,bureau,developpement_logiciel,0,1,0,1,1,0,0,1,1,0,0,0,1,0,0,1,0,0,IMTICIA,synthetic_corpus_v2,syn_67188ef7a54e,synthetic
5.515603761588531,3.9592397049603254,6.68202118176106,1.2756187797996932,0.7344668586034782,6.890713043765862,3.5708038445570964,3.954892517277327,7.967475078276742,6.593186533348795,11.449314701232701,startup,finance_compta,1,1,1,0,0,1,0,1,0,1,0,1,1,0,1,0,1,0,FIC,synthetic_corpus_v2,syn_81f3b95d16a3,synthetic
3.3858656525529316,2.0778904423737017,3.484368159079705,5.97061334795463,1.6998438914543712,5.087934887193742,4.651890962730204,6.5926260508760155,3.8687575073482634,3.985719815179106,12.628583412861929,terrain,agriculture_elevage,0,1,1,1,1,0,0,1,0,1,0,0,0,0,0,0,0,0,AEE,synthetic_corpus_v2,syn_0ce34a345d4c,synthetic
6.35309476699382,5.9954642751110505,5.079728965656797,4.775471574765916,8.140056240420419,3.1713992051049256,10.0,1.9801775757718842,3.771210206596965,2.5705843569707607,12.584846348335558,atelier,electronique_embarque,0,1,0,1,0,0,0,0,0,0,0,0,0,1,0,0,0,0,ESIIA,synthetic_corpus_v2,syn_f1295564731a,synthetic
6.3132664728721055,4.436716585595573,3.454877353560042,2.9643770829933724,4.421445657779173,8.85916925944398,1.144940698355879,2.640738752288457,7.725722710721931,4.9441604752057025,13.264428725786638,bureau,gestion_projet_si,0,0,1,0,0,0,1,0,0,0,1,0,0,1,1,0,0,1,EMP,synthetic_corpus_v2,syn_02dd27209482,synthetic
6.133923130454067,6.173173466986,4.988106964195782,2.745211053642792,5.037503400114058,7.9916544070122075,4.717795394711617,1.9847826096724845,3.2763382834600283,3.7381244065538737,13.898158921156286,remote,developpement_logiciel,1,1,0,1,0,0,0,1,0,0,0,0,0,0,0,0,0,0,IGGLIA,synthetic_corpus_v2,syn_3eae7425fd51,synthetic
3.639814589215247,0.7376770581735264,2.333336834964957,3.6981365320915462,1.8109585125969534,6.168920184064804,0.6094500550314392,1.6753122498213593,9.339820743500567,7.997018455404893,12.005973967071156,bureau,droit_affaires,0,0,0,0,1,0,0,1,0,0,1,0,0,0,0,1,0,1,DTJA,synthetic_corpus_v2,syn_680d451e53f6,synthetic
5.938122665922661,8.936957076248301,6.29258226883214,2.0871099112350047,3.9508171070273983,8.283065642896242,0.6770616800386744,2.7354275904943477,5.333530961274695,5.697053977117455,14.703672532171238,remote,gestion_projet_si,1,1,0,0,1,1,0,0,0,0,0,0,0,0,0,0,1,0,IGGLIA,synthetic_corpus_v2,syn_681a500673f0,synthetic
4.343174774955264,2.84149809466134,3.7849016285725803,4.007048173323895,2.125955658742234,5.394114524457851,3.5559130005272412,7.817752960884122,6.996471859475161,7.60818360427205,12.39121461231839,terrain,tourisme_hotellerie,0,1,0,1,1,1,0,1,0,0,0,1,0,0,0,0,1,0,TEE,synthetic_corpus_v2,syn_4e384559cc56,synthetic
5.076752408943633,6.280181408471474,3.6004287610830983,2.0980358426086685,8.262715324458263,2.814908652845477,8.188716738439714,4.1213807437268954,5.010013763323277,4.229535741265042,10.930396481456778,atelier,electronique_embarque,1,1,0,1,0,0,0,1,0,1,0,0,0,1,1,0,0,0,ESIIA,synthetic_corpus_v2,syn_7c2204ec8577,synthetic
3.849760669461282,4.376402409233866,2.4890817918779273,3.833962802172488,4.236346852588769,6.693567741970227,3.1533351894772226,6.433617720757703,7.5320426642473794,5.331911122168934,12.796082669467205,terrain,tourisme_hotellerie,0,0,0,0,1,1,1,0,0,0,0,0,0,0,0,1,0,0,TEE,synthetic_corpus_v2,syn_49621f7200d4,synthetic
5.625507818317491,3.037650127387928,3.8534428918949857,3.7602444900774987,5.250916833399327,4.434844139152695,7.069698045289681,8.937309259801415,4.520236199146454,3.980148598790289,13.585789748450523,labo,agroalimentaire,1,0,1,0,0,0,1,1,0,0,1,0,1,0,0,0,1,1,IAA,synthetic_corpus_v2,syn_b51e67d3b698,synthetic
5.097116351323775,5.023407582895416,4.583831550747185,4.269082604255005,0.8663944037824372,9.710059882722122,1.6763231710031383,1.344174534952,5.645189027963719,7.335436884006772,13.607010032386329,startup,commerce_gestion,1,0,0,1,0,1,0,0,1,1,0,0,1,0,0,0,0,1,EMP,synthetic_corpus_v2,syn_01ee76ec8233,synthetic
5.4586981154048875,4.842637378312761,5.554521989022208,2.700710511845691,4.6635719342181545,7.378136017076908,5.6150704321696026,7.569690808291004,3.8396754827739215,1.7639135444079959,12.936374680299231,labo,agroalimentaire,0,0,1,1,0,0,0,0,0,1,1,0,1,0,0,0,1,0,IAA,synthetic_corpus_v2,syn_217b8ac7273e,synthetic
5.9569166980839885,2.5979848208924166,5.411083822045051,4.933432722523466,3.29986727313511,4.374771112879748,3.4838737041393424,10.0,5.116552094862279,4.037697616370068,12.484402917162745,terrain,tourisme_hotellerie,0,0,0,0,0,0,1,1,0,1,0,1,0,1,0,0,1,0,IAA,synthetic_corpus_v2,syn_3228fe9aca56,synthetic
6.671688278767746,0.7693398854696558,4.0827832843798015,2.4533753425862086,1.9505330573644135,5.489657753834069,4.86462007268716,5.989544682089761,9.866348299415597,3.7710553188935947,12.077057595432883,bureau,tourisme_hotellerie,1,0,0,0,0,1,1,0,1,0,1,0,1,0,0,1,1,0,TEE,synthetic_corpus_v2,syn_e37a71d43987,synthetic
6.219431932640322,6.974463301875656,3.43575644179412,9.246793007176601,4.14032446600349,6.836359733396058,5.093688583174238,3.9836283016927645,8.099458594540826,5.154872411882398,14.69932636103325,remote,developpement_logiciel,0,0,0,0,1,0,0,1,1,0,1,1,0,0,0,1,0,1,IMTICIA,synthetic_corpus_v2,syn_1abd9bd7aeae,synthetic
4.117876262136048,4.624810882322712,5.750267097885948,2.94389426150084,3.188185206932807,8.924199146134942,4.089913130206022,2.5965707360674806,6.666583239686856,7.657699480882509,13.394450714150745,startup,commerce_gestion,0,1,0,0,1,1,0,0,1,0,0,1,0,1,0,0,0,1,EMP,synthetic_corpus_v2,syn_858e110c13dc,synthetic
6.276643549964577,5.67624795916589,5.3814464863725044,4.564484761833476,4.3881006242989615,6.443245002297693,3.17623865663287,3.6722887169827594,4.428001654303995,3.1655144072469037,15.356457014430564,remote,gestion_projet_si,1,1,1,0,1,1,0,0,0,1,0,0,0,1,0,0,0,0,IGGLIA,synthetic_corpus_v2,syn_c0151087bcf5,synthetic
6.803537712275226,2.908496815415878,6.030457221202373,4.058349122538919,1.7571075336955038,10.0,4.169681032719441,2.6867911621851293,5.780006735959635,9.56714485328515,9.966159429791771,labo,commerce_gestion,0,1,0,0,0,1,1,0,1,0,0,1,1,1,0,0,0,1,EMP,synthetic_corpus_v2,syn_31935d4adf37,synthetic
8.131876326472453,5.8025916875907875,3.7488157012439434,4.9754232109350855,9.33714582691911,5.1725148626701305,8.04539541948878,2.3882190449155467,3.664475190332484,3.934932222548004,14.69877856335744,bureau,multimedia_ux,1,1,0,1,1,0,1,1,0,0,1,1,1,0,1,1,0,1,ESIIA,synthetic_corpus_v2,syn_4b0e3924b781,synthetic
5.890297239118228,3.4200363915141057,5.482393856220695,4.113885695407951,3.8827321908192487,9.00708257941898,5.627183546031194,2.559821690279047,8.15069595094621,7.128740949950383,14.601183882966955,remote,agroalimentaire,1,0,1,0,0,1,0,0,0,0,0,0,0,1,0,0,0,1,CAA,synthetic_corpus_v2,syn_49a4f6ef916c,synthetic
6.302540512731158,2.6342874586548093,4.041587437738803,4.2866692696934345,1.9636992938265503,9.923366841852731,1.385657420374181,4.925082400553174,8.529732330057993,7.755771643691427,15.19673134645643,remote,commerce_gestion,1,0,0,0,1,1,1,0,1,1,0,1,1,0,0,0,1,1,CAA,synthetic_corpus_v2,syn_6cd749291b91,synthetic
8.210621008324152,4.429082529822555,5.862569085395575,0.7023398277831583,1.0089848597916071,6.030317446344749,7.526628935447358,7.474107100061676,4.833175633336186,5.812771922799096,15.120296748769615,labo,industrie_automatisme,1,0,1,1,0,1,0,0,0,1,1,0,1,1,0,0,0,1,ICMP,synthetic_corpus_v2,syn_b75d31837381,synthetic
7.472450743861622,6.5047112058226695,4.155086766127248,6.933725364037787,2.005921781891352,1.6936735539178995,7.052202401682013,5.856851432824514,5.214468353669719,5.969109041264142,12.478416647602035,terrain,genie_civil_archi,0,0,0,0,0,1,0,1,0,1,1,0,1,0,1,1,1,0,GCA,synthetic_corpus_v2,syn_088dafc3a776,synthetic
5.084880479112453,4.489274310010564,4.229762644527822,5.134872249427659,2.869137890561148,5.03612595176002,5.054129601456076,8.036041918763177,5.851454863617218,4.562972167490464,14.632159439126248,terrain,agroalimentaire,0,0,0,1,1,1,0,1,0,0,1,1,0,1,0,1,0,0,IAA,synthetic_corpus_v2,syn_2a2bba7b3354,synthetic
5.813326582680963,3.72593714668364,5.862499519203174,2.924572050762871,3.328558957854046,5.524837828314911,5.243070074853774,7.7961798527822355,3.9069464285042113,3.5203067039396916,10.04214453422351,atelier,agroalimentaire,1,1,0,0,1,0,1,0,1,0,1,0,0,1,0,1,0,0,IAA,synthetic_corpus_v2,syn_4d2d57ed5e7f,synthetic
8.462271024131368,0.5423657834249593,5.237874739497596,6.087589417262619,4.398013424721811,5.70944899416416,8.723562845558728,2.6733086451500996,3.4048725694706503,3.480535649235369,10.300161607703577,labo,genie_civil_archi,1,0,1,0,1,1,0,0,0,1,1,1,1,0,1,0,0,0,GCA,synthetic_corpus_v2,syn_dfc3012585b3,synthetic
4.897994702710744,3.481891905026454,7.535967613770682,4.6199081218763105,1.613095930075612,9.71683461712085,2.9159810402066584,2.451154778875789,6.376252729223115,7.7600718344140835,13.976599184105906,remote,gestion_projet_si,0,1,0,0,1,1,1,1,0,1,1,1,1,0,0,0,0,1,EMP,synthetic_corpus_v2,syn_81c304f5f1b4,synthetic
7.189024024612447,0.7786949211909278,4.657493297794943,3.741226057793366,1.8110757536069102,6.178366061355208,4.5135148635621105,6.186581725806773,8.05966228264379,4.66509788262379,10.880070970548235,terrain,tourisme_hotellerie,1,1,0,0,0,0,0,0,1,1,0,0,0,0,0,0,0,0,TEE,synthetic_corpus_v2,syn_8f0b6e510699,synthetic
7.837455789057064,7.340179730376396,8.24744469381586,2.8680397158056143,1.8091427226864811,9.525965790388165,5.085506719804347,2.2811814426924575,4.957598778149432,5.4878829429224165,13.705068643115338,startup,gestion_projet_si,1,1,0,0,0,1,1,1,0,0,0,0,0,0,0,0,0,0,IGGLIA,synthetic_corpus_v2,syn_96f07ae5fb77,synthetic
8.045290139468053,8.32123483125073,3.3049467667432313,3.4919899247988653,3.5697358089606466,7.547627438947592,4.1672449296156975,3.0692662897065683,4.333408681768817,3.56835229010548,12.838291122543657,startup,gestion_projet_si,1,1,0,0,1,1,0,0,0,1,0,1,0,1,1,1,0,0,IGGLIA,synthetic_corpus_v2,syn_1912bf7c5880,synthetic
4.914947476701451,9.431357158610307,5.2351541691622385,4.740651440374325,3.8446559973554555,8.158249333623887,1.0448158335114957,1.4598877007715796,5.183237706482218,3.4702031670368383,14.059597625718347,remote,gestion_projet_si,0,1,1,0,0,1,0,1,0,0,0,0,1,0,0,1,0,0,IGGLIA,synthetic_corpus_v2,syn_476d3826d8ff,synthetic
8.335646356593115,3.0728026633853336,6.652817554922703,3.248082709934083,2.7184051158463722,9.313457930280148,0.8912905023819002,3.0249311464734965,3.4601828970447417,8.28723941699742,15.680868755681187,remote,finance_compta,0,0,0,0,0,1,1,1,0,0,1,0,1,1,0,1,0,1,FIC,synthetic_corpus_v2,syn_e14e3ebc4ec8,synthetic
6.703039681852932,5.549248738826708,4.378432359188767,1.6568962431548346,6.990756162782812,5.231623851340753,9.732384219306345,3.028800735558576,4.070793748783851,2.566805913881668,12.246337447063176,atelier,electronique_embarque,0,1,0,1,0,1,1,0,0,0,0,1,0,1,1,1,0,0,EMII,synthetic_corpus_v2,syn_c17173578b80,synthetic
6.814369136258059,2.8769987571616404,5.645200606387255,2.983640920884231,2.7507936431920696,4.683947406190132,3.5671968128839993,10.0,6.380770927355857,2.2535564543069793,11.343881346989578,labo,agroalimentaire,0,1,1,1,0,0,1,1,0,0,0,0,1,0,0,1,0,0,PIP,synthetic_corpus_v2,syn_00a4c08ded14,synthetic
7.789931126325398,3.3727198791933612,7.484227493835196,3.609008228732433,2.41702020696669,8.669426383265288,1.4763931206878902,1.4031647723838023,5.948854072071292,8.477726415686503,12.716515759920558,remote,finance_compta,0,1,1,0,0,1,0,0,1,1,1,1,0,0,1,1,0,0,FIC,synthetic_corpus_v2,syn_339e9f52bf45,synthetic
6.0113551062118535,6.212141264814989,9.346795065676885,4.030045769981378,4.81863552993412,6.569159249017537,4.318224827580618,5.732524334893963,5.624215827249092,4.078302605786493,13.171478607757473,labo,data_science,1,0,1,0,0,1,0,1,1,1,1,0,0,0,0,0,0,1,ISAIA,synthetic_corpus_v2,syn_d67255d62c05,synthetic
7.817237852277114,3.5046564854376423,6.719080243336497,3.243717983506297,1.0264007604131713,4.046254952241217,3.334717092664161,9.78883779145036,6.075439807151561,4.63004269055965,14.733642048844706,bureau,droit_affaires,0,0,0,1,0,0,0,0,0,0,0,0,0,0,0,0,1,0,PIP,synthetic_corpus_v2,syn_36d95b44b8b5,synthetic
6.455907944160538,1.2691579077656472,5.073621943403543,2.932480974881689,1.7709438537473388,5.234198216333386,5.522902932300894,8.494780480787185,2.8054803700991595,3.1721398001636683,12.297962816440188,labo,agroalimentaire,1,1,0,1,0,0,1,0,0,1,0,1,0,0,1,1,0,1,IAA,synthetic_corpus_v2,syn_133258c368f4,synthetic
4.860451417991251,6.9392312229728965,4.970654003193377,7.485332017487767,2.887143946140398,6.390319511788295,4.114291339875715,4.05820198743313,6.402523280139353,3.926942853493329,13.625277297821938,remote,multimedia_ux,0,1,0,0,0,0,1,1,1,0,0,0,0,0,0,1,0,0,IMTICIA,synthetic_corpus_v2,syn_8798edf3a4d8,synthetic
6.540241118323836,4.746637077915201,4.007014612788306,2.9811159761747676,8.650285233842288,5.0536969373009555,8.573009260604115,3.3323921700964143,4.7487891524358155,0.9819528645244864,14.6073762876319,atelier,industrie_automatisme,0,0,0,1,0,0,1,1,0,0,1,1,0,1,1,1,0,1,EMII,synthetic_corpus_v2,syn_693aafad2222,synthetic
8.790413697183064,5.530180152791392,8.271482159642774,3.109336211403168,0.9036670377877591,5.073503900307535,4.626945833451401,3.0811305585338467,6.6229790064230425,3.2945254262040238,13.00834442465942,remote,recherche_appliquee,1,0,0,0,0,0,0,1,1,1,0,0,0,0,0,1,1,0,ISAIA,synthetic_corpus_v2,syn_5e113e6a9395,synthetic
5.686528917929719,5.873199590927154,4.290436673981875,0.5384526527435685,7.845317632543635,5.32582066621867,8.461024116741434,3.130220628347296,4.157941651884375,4.738678231370438,11.409748157698058,bureau,recherche_appliquee,1,0,1,1,1,1,0,1,1,0,0,1,0,1,0,0,0,0,ESIIA,synthetic_corpus_v2,syn_a4996d001063,synthetic
6.502603011804369,6.295223627095501,3.9957610912584287,3.7598476798633467,10.0,5.507224884856059,7.4651992648135,1.4937619538377307,4.009836405171785,4.656944045320293,12.399224352480072,bureau,electronique_embarque,1,1,0,1,1,0,1,1,0,0,0,1,1,1,0,1,0,1,ESIIA,synthetic_corpus_v2,syn_c23fff9fac06,synthetic
4.792139647415624,3.3225271621140324,2.750772252333838,6.647812500715022,0.5599259464570472,4.63150437675195,3.965448957396495,5.90838260513936,8.74803603884771,5.516920495136272,15.167164609063324,labo,tourisme_hotellerie,0,0,1,1,1,1,0,0,1,0,0,0,1,0,1,0,1,0,TEE,synthetic_corpus_v2,syn_64fcf5ccb53b,synthetic
5.956211625796701,2.5313811620401543,3.8995842187298098,2.9402173141912913,3.7259964240759134,5.017680237216023,7.585458423583365,6.2282927348540005,2.692277761468925,3.225607540192025,11.837318914579328,labo,industrie_automatisme,1,0,0,0,0,0,0,0,1,1,1,0,1,1,0,1,0,1,ICMP,synthetic_corpus_v2,syn_0b41cf9aad2a,synthetic
8.402619078184102,4.941018573644154,2.846850914629547,3.436342557087032,6.668634198810221,3.7928718030343935,8.328696123622993,2.5534281365593503,5.332050991020031,2.7999101525719876,14.740674456815075,terrain,industrie_automatisme,0,0,0,1,0,1,0,1,1,0,0,1,1,0,0,0,0,1,EMII,synthetic_corpus_v2,syn_48df421c8cbd,synthetic
3.8454562121653297,2.2493598809528677,4.349459105580268,3.1164213211474263,2.2251695855605087,5.64977614934183,2.476224427155859,1.1093415437292151,7.827999317533306,10.0,10.902635786850986,bureau,droit_affaires,0,0,0,0,0,1,0,0,0,0,1,0,1,0,1,0,1,1,DTJA,synthetic_corpus_v2,syn_60bf86ebd356,synthetic
5.256984957588619,2.5276340452369492,4.3730461322490415,5.763740626038999,2.8283898765365816,6.221159888274196,0.16825515664434176,1.5039305446022975,7.27617453286525,7.959835832937571,13.272167827765522,startup,commerce_gestion,0,0,1,0,0,0,0,1,0,1,0,1,1,1,0,1,0,1,CAA,synthetic_corpus_v2,syn_fe2082bddd06,synthetic
4.614187657383761,3.062582099788501,4.736212832212458,6.794019496684847,0.0,7.816605589595681,5.720500241669735,7.181684795924258,9.21056209746776,4.710026231288602,12.509485984725057,bureau,tourisme_hotellerie,0,1,0,0,0,1,0,1,1,0,0,0,1,0,0,0,0,0,TEE,synthetic_corpus_v2,syn_bd2bf57eedec,synthetic
5.803480909556457,3.2659861114912703,7.103143909447315,3.6643165758951612,3.8517823479135154,7.421034755502108,4.652707475602198,7.243702108194586,6.622016869908335,3.6638261391421167,14.34040127522352,startup,developpement_logiciel,1,0,0,1,1,1,1,1,0,1,0,0,1,0,0,1,0,0,IAA,synthetic_corpus_v2,syn_fb1abab1a828,synthetic
8.592923581550496,2.532388304606169,4.393493626624661,4.683390750419818,3.3848628728709547,5.275408489482092,8.954643557800662,1.6256926419943367,4.2697349030730996,2.465835567450176,12.630839970766301,chantier,genie_civil_archi,0,0,0,1,0,0,0,0,1,1,0,1,1,1,1,0,0,1,GCA,synthetic_corpus_v2,syn_af0ecc3567c2,synthetic
7.456836535616979,3.647521503320613,3.9276264297747856,4.617693400064829,5.692439321747141,4.091859168823911,7.7892390244838605,5.40632145766531,3.354566551996416,2.424226937569805,11.453852608297405,atelier,electronique_embarque,0,0,0,1,0,1,1,0,0,0,0,1,1,1,1,1,0,0,EMII,synthetic_corpus_v2,syn_825f625b539d,synthetic
4.575073563754693,2.6802751377692235,3.637669684383318,3.05477588043673,1.450152049406185,6.086252147575151,3.2967290607186257,4.743648602565246,8.889559194991703,7.015645970951906,11.647528648422366,bureau,commerce_gestion,0,0,0,0,0,1,1,0,0,0,1,0,0,0,0,1,0,0,TEH,synthetic_corpus_v2,syn_c38b77768712,synthetic
4.464702654058109,4.172409066947538,2.425281882998247,1.9751354770055203,2.5329055774984015,7.093065775895704,2.1813859157894773,3.2267628184307924,7.047117557842049,8.376797723882886,12.036037200299742,bureau,droit_affaires,0,1,0,1,1,1,1,0,1,1,0,0,1,0,0,0,0,1,DTJA,synthetic_corpus_v2,syn_1dbe192b92af,synthetic
3.309855198137608,1.7963474821249554,3.8406625137566537,4.572361392535254,1.7620584943339015,7.005585993933803,1.2250259337366125,5.331327894030349,9.30391369145184,5.663331378345049,10.912186708949914,terrain,tourisme_hotellerie,0,0,0,0,0,0,0,0,1,1,1,0,0,0,1,0,0,0,TEE,synthetic_corpus_v2,syn_444436da6f7e,synthetic
7.01518367891189,9.821980080598191,5.912686432683389,3.0269395370594068,0.8826130223232607,6.577275352944811,1.8866115661681693,1.623553357167041,4.790732386638253,5.101268609406411,16.287266425407314,bureau,gestion_projet_si,1,1,0,0,0,0,0,1,0,0,0,1,1,0,0,1,0,0,IGGLIA,synthetic_corpus_v2,syn_711450959ea7,synthetic
6.723818436712077,3.3502869624073144,2.127529896896851,1.8405274380878518,1.0344545004275705,2.8615435620489347,5.555177980074787,10.0,4.190792994361136,4.524987998439655,14.726937976536117,terrain,agriculture_elevage,1,0,1,0,0,1,1,1,0,0,0,1,0,0,1,0,1,0,AEE,synthetic_corpus_v2,syn_8848aecae600,synthetic
6.220197989527123,0.0,5.958415048845506,3.152322405883532,3.700061170628966,8.974249418819022,3.407389412503618,1.64735103877489,5.551918699018444,7.969220802727322,12.459075809809226,startup,commerce_gestion,1,1,1,1,1,0,1,0,0,1,1,0,1,1,1,0,0,0,EMP,synthetic_corpus_v2,syn_3d812e77dc42,synthetic
8.35645539085246,5.359365427135768,4.9448261795527815,3.2982113322085285,9.58094950898684,1.9892581001590561,4.848453223394841,2.545778213008986,0.9622998131494835,3.1902868917744773,13.888311660374113,atelier,electronique_embarque,1,1,0,0,0,1,0,1,0,1,0,1,0,0,0,0,0,1,ESIIA,synthetic_corpus_v2,syn_54fc9393d63b,synthetic
3.1827039364590104,2.4576548328888066,3.7142072626848215,3.765521914895105,1.47866301507666,9.222586525708099,2.806624791291406,0.9332589137076637,6.294205512185095,7.999859541049176,13.60907132605852,startup,agriculture_elevage,1,0,0,0,0,1,0,0,1,0,1,0,0,0,1,1,0,1,CAA,synthetic_corpus_v2,syn_c951a613f544,synthetic
6.03610029874622,1.7363091978167422,9.632012063289775,3.7945295958193603,1.1690960945842508,10.0,4.127394860663238,0.8784669970538352,5.095830149899234,8.341210185807556,11.894872355997057,bureau,agriculture_elevage,1,0,0,0,0,1,0,0,0,1,1,0,0,0,0,0,0,0,FIC,synthetic_corpus_v2,syn_c3a8ab793cb4,synthetic
6.498648920724041,8.68755912632346,7.164743520576188,5.567047391452324,4.883884445830803,6.74541735607753,2.315804516740139,3.412949755673088,6.15211164276098,6.395382478542484,13.51957388600013,bureau,developpement_logiciel,1,0,0,1,1,1,0,1,0,1,0,1,0,0,0,0,0,1,IGGLIA,synthetic_corpus_v2,syn_f753387f542a,synthetic
6.0491018674893215,5.270164528210845,2.9545292751776944,3.180263934873601,4.3834419696909865,4.251879998962605,5.889860470834311,5.0258684370683255,3.3622855767127797,2.883340182519216,14.667604988272684,terrain,industrie_automatisme,1,0,0,0,1,0,1,1,1,0,1,0,1,0,0,0,0,1,ICMP,synthetic_corpus_v2,syn_851407ff767b,synthetic
6.004504707303071,4.865119756446199,5.910323003167735,3.272627553769034,1.6322717600564518,4.158119030276605,5.139641141979025,8.6717513005491,3.793168516810697,4.4996719371320495,12.558156995534048,labo,agriculture_elevage,1,0,1,0,0,0,0,1,0,1,0,0,0,0,0,1,1,0,AEE,synthetic_corpus_v2,syn_eb82e20e526c,synthetic
10.0,7.657065379283576,8.72577296712465,3.5687205894647427,1.2803448152833912,7.063238136039541,5.243610264841561,3.902341884845192,1.770323139491233,4.549107180786955,13.809306937521368,remote,recherche_appliquee,0,0,0,0,0,0,0,1,0,0,1,0,0,0,0,0,0,0,ISAIA,synthetic_corpus_v2,syn_aab36808fb78,synthetic
7.500610098715869,1.7654740172833374,4.104233316351656,0.7230610464729581,4.746055675987073,5.920055861643463,5.533794346904183,8.694791943657439,5.1169344931895955,2.709115052106196,10.02613144619826,atelier,industrie_automatisme,0,0,1,0,0,0,0,0,0,1,0,0,1,1,0,1,0,0,ICMP,synthetic_corpus_v2,syn_17b332783800,synthetic
7.834620816963053,4.73907460319214,4.822550378667383,1.3850616851403539,4.402789791384683,5.073577156610664,8.479262903263741,6.685484552448474,3.1986432948811756,4.407392237047491,12.388849643486337,remote,recherche_appliquee,1,1,1,0,0,0,1,1,0,0,1,1,0,1,1,1,0,0,ICMP,synthetic_corpus_v2,syn_80bb9f8e63ee,synthetic
8.471707045413934,4.423730186178421,8.957639245373056,4.359265342039497,2.3495212589902996,7.241475293868884,5.602686094796913,4.0127427590054054,5.498184892833617,4.536116343131865,15.71205815710163,startup,recherche_appliquee,1,1,1,1,0,0,0,1,1,0,0,0,1,0,0,0,0,0,ISAIA,synthetic_corpus_v2,syn_c541bca2aebc,synthetic
7.547910400233313,2.493108736710017,3.625586661604944,2.900039362922596,2.6121335892157194,5.351441256863493,6.587293088051403,9.918035375651245,6.185926803100578,5.664398968971918,14.584777609303334,bureau,recherche_appliquee,1,1,0,0,0,0,1,1,1,0,0,0,0,0,0,0,0,1,PIP,synthetic_corpus_v2,syn_5de28aecc0a7,synthetic
7.496377497646419,3.532274632328083,3.4554027515304004,2.8709952009244457,2.793422015193851,5.238201453603253,5.611156162667701,9.261670227015065,5.1199836993767835,3.906698429693076,13.128456561484263,atelier,agroalimentaire,0,1,0,0,0,0,1,0,0,1,0,0,1,1,1,1,1,0,IAA,synthetic_corpus_v2,syn_370b44117c30,synthetic
4.624723991432962,9.493863279622751,5.980156933010844,4.547246376278483,5.267827275498271,7.120869997005837,4.231502817695192,2.57922681661177,4.3965185343976705,6.567950998494675,16.62281904510306,startup,commerce_gestion,0,1,1,1,1,1,0,1,0,0,0,1,0,1,0,0,0,1,IGGLIA,synthetic_corpus_v2,syn_f255809cf971,synthetic
1.7074855763359227,0.6357512590917687,5.203428369729985,7.383755608750887,0.0,7.9785238015346005,4.965455863738535,2.965105281000626,10.0,5.286406862943993,12.971955635859679,remote,commerce_gestion,0,1,0,0,0,0,0,0,1,0,0,1,1,0,0,1,0,1,TEH,synthetic_corpus_v2,syn_d01662c44b4c,synthetic
7.974899501970366,5.6069140374294655,3.9845995242586443,3.4250505671874345,2.057628365579985,7.727527271516955,6.9875589737803,9.338528811635964,3.5265590289566955,2.3167327102684903,15.119411758522684,labo,recherche_appliquee,1,0,0,1,0,1,0,0,0,0,1,0,0,0,0,1,1,0,PIP,synthetic_corpus_v2,syn_8d3730f27bbf,synthetic
9.917681563022487,5.117463818649275,9.052661313561174,3.4923058965466995,1.7901174090167393,4.643510584099948,2.482918974402833,4.395666284583715,6.362966451186363,4.0073123021110915,13.02638103118353,bureau,data_science,0,0,1,1,1,0,0,0,0,0,0,0,0,0,1,1,1,1,ISAIA,synthetic_corpus_v2,syn_c7b864825ea9,synthetic
5.067498571188871,0.6767354943308248,4.60944057813393,1.6656816702149646,3.602231439637735,4.119078919723782,4.145155091405091,10.0,4.132110932759295,2.9713102206403086,13.378432978848396,terrain,agriculture_elevage,0,0,0,0,0,1,0,0,1,0,1,1,1,0,0,1,0,0,AEE,synthetic_corpus_v2,syn_c45fe6fd37f6,synthetic
7.472463247245589,6.7735542430552105,5.542006907382806,3.86108057515531,1.798677820321264,7.9470037078486,6.085181288248732,2.1248733625840965,5.419055594895756,7.82682780649053,14.79391982851331,bureau,developpement_logiciel,0,0,1,1,1,1,0,1,0,1,0,0,0,0,1,1,0,0,IGGLIA,synthetic_corpus_v2,syn_5315e82f4ac4,synthetic
4.468301756392683,1.6621285126889687,4.883643434517624,6.4240263890751645,1.5235867852450224,5.603205154803988,3.643242229471885,4.076218212118002,6.680139889914936,5.805425198788735,11.54451065296819,startup,commerce_gestion,0,1,0,1,0,1,0,1,0,0,0,0,0,0,1,0,0,0,TEH,synthetic_corpus_v2,syn_082a00c03e7f,synthetic
8.33102509088204,3.9315157451404255,7.816355291295767,1.367701174912173,1.3136150188760065,5.364665233048518,2.32901434090485,0.0,7.599194042208573,10.0,13.71096523809265,remote,finance_compta,1,0,1,1,0,1,0,0,0,1,0,0,0,1,0,0,1,1,FIC,synthetic_corpus_v2,syn_a8e88f1eedec,synthetic
6.901592823246372,3.1903432081149123,8.317098945705258,3.7753397459360065,2.0354307043784474,8.600405339383368,3.0785988978995897,5.02426806421834,6.304036068594521,7.682707440784607,13.797751649742317,remote,finance_compta,0,0,1,0,0,1,0,1,1,1,1,1,1,1,1,0,0,1,FIC,synthetic_corpus_v2,syn_b49f45127be2,synthetic
4.522067901355913,10.0,5.872304472716193,4.472951039067844,4.708690772701711,9.299064893473558,3.7412322754593528,3.2407447869952817,4.945423116740911,4.588558751957985,11.124845545657283,bureau,developpement_logiciel,1,1,0,1,0,1,0,0,0,1,0,1,1,0,0,1,0,1,IGGLIA,synthetic_corpus_v2,syn_982be94af1a9,synthetic
5.843417281278881,4.852379180860353,6.547494513159035,3.1823716006168885,4.762113316415824,4.599914068770617,4.755391347766419,7.7979575227526885,4.870641037575629,4.426064573577912,16.084638822661727,labo,recherche_appliquee,0,0,0,0,0,0,1,0,1,0,1,0,0,1,0,0,0,0,PIP,synthetic_corpus_v2,syn_89955ca572c9,synthetic
5.039547559964069,8.07358560680156,7.2909933568170455,3.8685073596599833,1.7386077972184983,7.205850676621244,2.062882090694103,0.8276490782202335,6.898593381184679,4.578069359983218,13.75972929420377,bureau,droit_affaires,1,1,1,1,1,0,0,0,0,0,1,1,1,0,1,0,1,0,IGGLIA,synthetic_corpus_v2,syn_42b5719b18c5,synthetic
7.065708186930681,6.077712242238089,3.4568046448197878,5.286672781402977,2.5125190501284416,7.618783427003143,2.0065792110033547,2.248094806163493,5.33451570110054,3.9499941843292588,14.429127026321467,bureau,developpement_logiciel,0,1,0,0,1,1,1,0,1,0,0,0,1,1,0,1,1,0,IMTICIA,synthetic_corpus_v2,syn_62f04790ca21,synthetic
5.255056605636046,7.526769654065853,4.512078521307866,1.3163839925262417,5.491221986606032,5.08409715643889,6.4680983206661145,1.0073862744417985,4.76728339646319,3.9669499155706243,11.819345502108057,labo,electronique_embarque,1,0,1,1,0,0,1,1,1,1,0,1,0,0,0,0,0,1,ESIIA,synthetic_corpus_v2,syn_f7e966971f25,synthetic
5.136575784634935,4.098702739900329,3.41931816586781,2.4830182151471414,2.669377101247003,3.985109124996041,4.651146786194235,8.76577709721376,2.309073381799997,3.0263739394749853,10.377398601605014,terrain,agroalimentaire,0,1,0,0,0,0,1,0,0,0,0,1,1,1,1,0,1,0,IAA,synthetic_corpus_v2,syn_cfd7dfee064d,synthetic
6.990043878856258,6.570577779450685,2.225209408430256,1.1816873904983194,8.037626481484693,2.988485438382715,7.221855015424659,4.184954055529708,3.910660603128163,1.4133981387324173,11.810350319102989,atelier,electronique_embarque,1,1,0,1,1,0,0,1,0,1,1,1,0,0,0,1,0,1,ESIIA,synthetic_corpus_v2,syn_bf0f9f9c7fcf,synthetic
7.435317791247888,0.6906464354054931,3.3806426009376476,2.6754459115268863,3.5898531109139307,5.145340448281342,7.398879463229753,9.098716665467398,4.552816575847374,1.9311684966137022,13.423058575359446,labo,recherche_appliquee,0,0,0,0,1,1,0,1,0,1,1,0,1,0,0,0,0,0,PIP,synthetic_corpus_v2,syn_a28a89d954be,synthetic
8.086931090466301,3.511210290991648,10.0,1.8962850838136758,2.5339305704788377,9.54944313277933,3.7788125453986945,3.286080234129542,7.284304768610531,8.56647321718924,15.994322617230825,bureau,multimedia_ux,1,0,0,0,1,1,0,1,0,1,0,0,0,0,0,0,0,0,FIC,synthetic_corpus_v2,syn_81336dd87e37,synthetic
8.079731132052776,10.0,5.348977595813082,5.109752564037168,5.646299622544829,5.983485308251042,4.191981052977916,2.933770537706262,4.623797381969053,5.017559966798457,13.847504958795643,startup,developpement_logiciel,1,1,0,0,0,1,1,1,0,1,0,0,0,1,0,0,0,1,IGGLIA,synthetic_corpus_v2,syn_5dbc74b05658,synthetic
5.8639568272459535,7.415519018181376,6.460427764674412,3.7005783393647205,3.0139283663722134,9.029990972603187,2.0992655178145077,1.9484712934354937,5.539736413283725,3.521663173388579,16.163020739604292,startup,gestion_projet_si,0,1,0,0,0,0,0,0,0,0,1,0,1,0,0,0,0,0,IGGLIA,synthetic_corpus_v2,syn_75f52ef9fdb2,synthetic
7.024681452638206,10.0,4.749028682351684,3.52550020995742,3.422906217855873,9.14265783708047,2.4729459766613195,1.3455259629164091,4.78384569384842,5.861036596491038,12.445379136089885,remote,developpement_logiciel,1,1,0,0,0,1,0,1,0,1,1,0,0,1,0,0,1,0,IGGLIA,synthetic_corpus_v2,syn_c8dc2a911402,synthetic
4.7903753794421275,2.4206825224762527,4.426361869871256,4.203900939171014,2.240960064236349,9.933658269988946,4.7640440685251235,3.312790016706123,7.03950442955997,8.888404726753873,13.699883225503239,bureau,droit_affaires,1,1,0,0,0,1,1,1,0,1,0,0,0,0,0,0,1,0,EMP,synthetic_corpus_v2,syn_0b6868b6968f,synthetic
5.754344393835005,3.904096129405775,5.722387766797954,2.6480787146065587,1.2518926597008422,6.273350305279943,5.503383902556187,9.51209302462312,4.171065365718453,1.4787502486285309,13.800640274615043,labo,data_science,0,0,1,0,0,0,0,0,0,1,0,0,1,1,1,0,1,1,IAA,synthetic_corpus_v2,syn_3738056fb1dd,synthetic
6.602435094908177,6.963821522518944,4.0682500952626235,9.149693333005503,1.3122237095941203,4.493367058964759,2.483675927391582,3.4442202953417507,6.486958504585715,4.14219974540161,12.45892617663435,remote,multimedia_ux,1,0,0,0,0,0,0,0,1,0,1,0,0,0,1,1,0,1,IMTICIA,synthetic_corpus_v2,syn_43104c0664bb,synthetic
3.211433406785527,3.170528610594282,5.51780850065316,1.8052799373181991,4.222096021600844,4.137344008850256,4.089038269180124,8.643479098744038,6.413035635311778,2.470162618302922,12.936870688048524,terrain,agriculture_elevage,0,0,0,0,0,1,1,0,0,0,0,0,0,0,0,1,0,0,AEE,synthetic_corpus_v2,syn_41bd6df16685,synthetic
7.549892072330838,9.139761284450088,7.175256759922826,4.593675717366797,3.2628721378218395,8.240122231421322,1.1232642089132345,5.024415866476943,4.82925617253308,7.621347072950904,12.19598241047905,remote,developpement_logiciel,0,0,0,0,0,1,1,1,0,0,1,0,0,0,0,1,0,0,IGGLIA,synthetic_corpus_v2,syn_2e1234fa4198,synthetic
5.11614085732451,1.842245987678919,7.117794541524322,2.0254574551715097,3.769574492343466,6.137251359408979,6.409977073204726,6.510159221681106,5.569448391055419,3.430361592301764,12.100136322306394,terrain,agroalimentaire,1,1,1,0,0,0,1,0,1,1,1,0,1,0,0,0,1,1,IAA,synthetic_corpus_v2,syn_78176b7f7c4d,synthetic
2.422725232881225,2.060836427521353,6.305676107556361,4.919386639166333,2.3401070174591103,7.352318299992092,2.021405952441894,5.492363003084723,8.23156110014003,6.5655483438263,14.179648022378446,bureau,tourisme_hotellerie,0,1,1,0,0,1,0,0,1,0,0,0,1,1,0,0,0,0,IGGLIA,synthetic_corpus_v2,syn_665bf36b014d,synthetic
6.552075132778712,5.225829227304327,3.788077065233142,3.1720519758015384,1.5178845063644186,4.637652880942417,5.231733582569852,7.9088665439646855,2.9333713161963892,1.9064987712624974,10.170987850803641,terrain,agroalimentaire,1,1,0,1,0,1,1,1,0,1,0,0,0,1,0,1,0,0,IAA,synthetic_corpus_v2,syn_f2c69539c0c2,synthetic
7.516930933250743,3.489535189744361,7.415078975529004,5.1283330759851316,0.6464352025247886,8.773556393316692,2.412522874381443,1.9011455847295413,7.28660900134793,6.746289238378348,9.9503499627776,bureau,finance_compta,1,0,0,1,0,1,1,1,0,1,0,1,0,0,1,1,0,0,FIC,synthetic_corpus_v2,syn_ff7b5627735a,synthetic
3.940483537386135,4.853314946150813,3.8993244681308887,3.3959586882374753,0.3892336525067779,6.6291789594913,4.700592780584215,7.967350548489847,3.977830715203262,4.543291829319266,8.070356856882816,terrain,agriculture_elevage,0,0,1,0,1,1,1,0,0,1,0,1,0,1,0,0,0,0,AEE,synthetic_corpus_v2,syn_16fb9842aa2b,synthetic
5.97008804890271,7.020150295775872,5.01146967113397,3.0458034764017605,4.71418541148269,8.728079924502612,4.172352985200172,0.9788209225421984,4.382238267343749,3.3833692258638504,13.279059921073355,bureau,developpement_logiciel,1,0,0,0,0,0,0,0,0,0,0,0,0,0,0,0,1,0,IGGLIA,synthetic_corpus_v2,syn_dd005c79d65c,synthetic
3.976424854409416,7.0516648424513235,4.104122708997337,9.237319552720935,3.5099264229559113,3.9183646769466876,4.2183675391497815,1.00877806789312,5.082093713031088,3.7753818986410557,14.850534512009869,bureau,developpement_logiciel,0,0,0,1,1,0,1,1,0,0,1,0,1,0,1,1,0,1,IMTICIA,synthetic_corpus_v2,syn_89585412bfc2,synthetic
6.463371477511584,9.105659672162277,7.189211342120074,4.239374080412117,7.389607880713148,6.305698392358545,8.24276296658844,1.3696244082963867,4.039260293555491,4.150289824245759,12.101681739036538,bureau,recherche_appliquee,1,0,0,0,0,0,1,1,0,0,1,1,1,0,1,1,0,1,ESIIA,synthetic_corpus_v2,syn_32c486c72471,synthetic
10.0,3.4390499864052764,2.8142921516410526,7.3856529268548465,1.8227082104185222,4.340994735686401,7.245380526580052,2.3993932077552493,4.074335698211099,2.4237976608048823,11.94697950751036,bureau,genie_civil_archi,0,0,1,0,1,0,0,1,0,1,0,0,0,0,1,0,0,0,GCA,synthetic_corpus_v2,syn_6290af33a773,synthetic
6.236966840427777,3.124131514749792,3.335246715718857,2.9299687674281643,1.0823423557061491,7.585567427335803,2.0717865769558728,1.2457284392492936,8.010320565275018,9.55341679866571,11.49036769254733,bureau,finance_compta,0,1,1,1,1,0,1,1,0,0,0,0,1,1,0,1,0,1,DTJA,synthetic_corpus_v2,syn_ac4c70cd69fc,synthetic
4.567279487806349,0.5626789888748109,6.1829578828228255,4.78444746108285,4.348372775898145,9.385468421459986,4.174937150424648,4.492072879451572,8.257733325957041,9.057392612195779,11.076685655584717,startup,commerce_gestion,1,0,1,0,0,0,0,0,0,1,1,1,0,0,1,0,0,1,EMP,synthetic_corpus_v2,syn_2ccf1da7009c,synthetic
4.392523100375541,0.5057751198977019,5.9174710036645815,3.554945011257419,2.5989842071034763,5.354699320132867,4.90743527546987,7.618544451694094,4.109685204848036,2.9309495871408604,16.267136025312507,labo,agriculture_elevage,0,0,0,0,0,0,1,0,0,0,1,0,1,0,0,1,1,0,AEE,synthetic_corpus_v2,syn_f0a57119d4c9,synthetic
8.36798231527387,5.061288375270676,4.053177829399181,3.5054985168537915,8.094098675579655,4.653519458465979,7.068724383580673,4.32977410974407,4.009968391241564,5.904666157210496,13.904012945669244,bureau,electronique_embarque,0,0,0,1,0,1,1,0,1,0,0,0,1,0,0,0,0,1,ESIIA,synthetic_corpus_v2,syn_d8acb59b0fc9,synthetic
5.423243667719514,1.1140139971714211,3.902926751176542,4.553740931348699,0.6874298170437966,5.802000034007499,2.094324743404028,2.122468413317353,8.777086519808021,7.346217075312427,9.175934844399055,bureau,droit_affaires,0,1,0,0,0,0,0,1,0,1,0,0,1,0,0,0,1,0,DTJA,synthetic_corpus_v2,syn_116086a5a2bf,synthetic
5.59274829416335,6.796602267696397,5.119967332990845,1.8086015666332802,9.198466989814316,5.521508207608024,6.707888318443188,1.6268414268664493,3.083021731694418,0.9856061373752887,16.006722530312643,bureau,genie_civil_archi,1,0,0,1,1,0,1,0,1,0,0,1,0,1,0,0,0,0,ESIIA,synthetic_corpus_v2,syn_96e528f186b6,synthetic
5.27746233035879,5.996182166124858,4.6153619684948985,10.0,4.258622147669474,6.76688601234344,1.389683313807,1.0838560699586648,6.2613011073083875,4.4248855105471225,11.721296671337823,bureau,multimedia_ux,0,0,0,1,1,0,0,1,1,0,1,0,0,0,0,0,1,0,IMTICIA,synthetic_corpus_v2,syn_c686034596c3,synthetic
7.918413006297401,2.595681096234888,4.304504954022143,3.0699696449578635,1.664731006915749,7.297054139831237,3.5938673439372355,0.0,7.891492877963868,9.76561331253699,12.557920105207772,bureau,finance_compta,0,1,1,1,0,1,0,1,0,1,1,0,0,1,0,1,0,0,FIC,synthetic_corpus_v2,syn_36e110a735c8,synthetic
2.7215208032768645,1.1420885606539328,4.416498188197607,5.434692987661704,1.5013911465917769,7.797770351556171,2.7594129994934704,2.904185015457726,8.18020231716378,6.484755816649592,10.964730121736123,bureau,electronique_embarque,0,0,0,0,1,1,0,1,0,0,1,1,0,0,1,0,1,0,TEH,synthetic_corpus_v2,syn_c9e2226b357d,synthetic
7.132295228086394,2.9288879132164785,5.64700387972458,3.4730575658033818,0.0,6.103664487793998,2.1175868399430344,2.8342719858085665,6.2181617687358655,6.9631292300798595,12.639530320951446,remote,commerce_gestion,1,0,1,0,1,1,0,0,0,1,1,0,1,0,0,0,0,0,IAA,synthetic_corpus_v2,syn_def5a7110416,synthetic
7.999722434308149,8.340123802228291,4.149524601498582,4.8112517489871935,5.2218531327312485,9.046540215381073,4.357985319594648,0.0,3.737000727604426,4.298479414809437,13.567302587742178,remote,developpement_logiciel,1,1,0,1,0,1,0,1,0,0,0,0,0,1,1,0,0,0,IGGLIA,synthetic_corpus_v2,syn_0ee6a72c1422,synthetic
4.101341083768947,2.908982106233906,6.279534364167256,3.665665256313403,3.1419878788698385,8.04724229456707,1.9488511452084953,1.159217195228601,6.013106115741529,10.0,13.413315047779678,bureau,gestion_projet_si,1,0,1,0,0,0,0,0,1,0,0,0,0,1,0,0,0,1,EMP,synthetic_corpus_v2,syn_9b3d418311e4,synthetic
6.8229158692966765,9.359153170206175,6.256198848683836,4.0283025206601,3.4411406992071965,7.395242029116292,2.563603226960283,1.5483662208019018,5.152747529763733,4.144557336326524,14.720900801869536,remote,developpement_logiciel,1,1,1,0,0,1,0,1,1,1,0,0,0,0,0,0,0,0,IGGLIA,synthetic_corpus_v2,syn_325ffca7c29a,synthetic
6.248326119355065,1.9912690500153754,5.950069605821028,2.745899915715671,4.088494347055323,4.957648277205059,7.040584675399464,8.441356434809286,6.281041100129415,5.941611076565982,14.08061384241144,bureau,pharmacie,0,0,1,1,0,1,1,1,1,0,0,0,1,1,0,1,0,0,PIP,synthetic_corpus_v2,syn_431fbd8a5ac6,synthetic
6.482514499138091,3.544494494746875,6.735129693068382,4.372674204687161,1.4707852215878852,8.76205395851826,1.6537512576300482,3.47708608045588,7.244766720004329,9.80140755111345,15.706525336708047,bureau,finance_compta,0,1,0,0,1,1,0,0,1,1,0,1,0,0,1,0,0,1,FIC,synthetic_corpus_v2,syn_6674b048ecb6,synthetic
7.732829341869273,9.154291100235458,2.9442549715036157,2.391504399559435,10.0,3.373545327680998,8.447392206689308,3.257080836817191,5.484255828176563,5.296007692991434,13.499609060650785,labo,electronique_embarque,0,0,1,1,1,0,0,0,1,0,1,1,0,0,1,0,0,0,ESIIA,synthetic_corpus_v2,syn_012a4bd14ebb,synthetic
7.315631723177048,10.0,3.3259937224234015,5.968073486043154,4.896991611089805,7.73894220019924,3.211140051970402,2.9685201390629716,3.731321567209236,4.786765976063996,11.28745957284153,remote,developpement_logiciel,0,1,0,0,0,0,0,0,0,0,0,0,0,0,0,1,0,0,ISAIA,synthetic_corpus_v2,syn_84c2dd005d51,synthetic
6.230669559747494,7.483129778395243,4.979136336431949,4.620729334808195,7.984343299115291,2.074546772624899,7.785019263632239,2.1969310234489647,1.8168881423470538,1.7335436686971477,11.894301331785266,labo,recherche_appliquee,1,0,0,1,1,1,1,0,1,0,0,1,0,0,0,0,0,0,ESIIA,synthetic_corpus_v2,syn_00f66a0c9d79,synthetic
5.842894565467194,2.5393686489473013,3.0209850956865227,7.341440912912038,0.7068398639174118,9.14869461173816,4.612962437902476,5.787278549714644,9.322469027167703,2.965011951834622,10.941318753386684,terrain,commerce_gestion,1,0,0,0,0,1,0,0,0,0,1,0,0,1,0,1,1,1,TEH,synthetic_corpus_v2,syn_1ccecf40f166,synthetic
7.9563961364302145,3.8232564374006697,3.728110261634801,2.786649189933814,3.695145496715304,3.378208543602666,5.092591307473147,8.24976400203061,4.535676579375361,4.168122833937089,11.907633349762355,remote,industrie_automatisme,0,0,1,1,0,0,1,0,1,0,1,0,0,1,0,1,1,0,ICMP,synthetic_corpus_v2,syn_4fc6463a6f9f,synthetic
5.971763251755347,1.559960603728653,1.7586033038173823,4.538210978442871,2.2602026564909536,3.259464166034731,5.525553225203515,9.002547290882843,5.4214707737776395,4.8388588421580465,11.621520446080574,labo,agroalimentaire,0,1,1,0,0,1,1,1,0,0,0,0,0,1,1,0,0,0,IAA,synthetic_corpus_v2,syn_afe554924d17,synthetic
3.015509264927655,4.241298763912619,4.739068038330611,4.346611377540246,2.612233046359043,8.45545294131312,3.0413039672563826,2.396261613503173,7.3567409918841475,10.0,10.988141514047687,startup,gestion_projet_si,0,0,0,0,0,1,0,0,0,0,1,0,0,0,0,0,0,0,EMP,synthetic_corpus_v2,syn_8aed0476cd68,synthetic
6.700853258361867,3.279188887257724,7.190689863419175,4.2888643486957605,1.424967331501273,7.689591476276715,1.6557981250586589,2.4923563031979294,7.555704179394723,6.301811672616898,11.826611108648503,startup,commerce_gestion,0,0,0,0,0,1,0,1,0,1,0,0,0,0,0,0,0,1,CAA,synthetic_corpus_v2,syn_19094f28071d,synthetic
8.773017450331913,6.4912621458337325,6.331469680096091,2.0907346409669225,7.60933992649625,4.109254843995967,8.079065599613875,2.285251308920856,4.350958540816942,3.7061831441402786,10.86924148033995,atelier,recherche_appliquee,1,0,0,1,0,0,1,1,0,1,1,1,1,0,1,0,0,1,ESIIA,synthetic_corpus_v2,syn_087258dd08ca,synthetic
3.372774778346125,1.392265034336289,1.0010609925397738,4.584606367880247,0.6880098097863996,6.503036302796507,3.0969596781854842,6.227085619643246,9.474359314902257,5.476705616040493,12.324964910095014,terrain,tourisme_hotellerie,0,0,1,0,0,1,0,0,0,0,1,1,1,0,0,1,1,0,TEE,synthetic_corpus_v2,syn_843fcf1ce424,synthetic
8.0466087248672,6.220508858148842,8.758083007069025,4.279249831266041,3.6448837027696146,6.710006672359725,1.2024439237349944,3.5016252938675914,5.0848932108290805,4.2177249209640415,10.603985386256623,remote,recherche_appliquee,0,0,1,0,0,0,0,0,0,0,0,0,1,0,1,0,1,0,ISAIA,synthetic_corpus_v2,syn_6d415e639a71,synthetic
6.520430670417055,1.9954372889590573,5.025525641720147,2.6056692612398127,2.012998472575096,8.36025402554128,3.229747478994492,4.6336739304274275,6.533325494908788,5.600325023185169,12.196844166230635,remote,commerce_gestion,0,1,1,0,1,1,0,0,0,1,1,0,0,0,0,1,0,1,AEE,synthetic_corpus_v2,syn_8fcd54a2fd94,synthetic
7.220881384923427,2.9132534913447854,5.139336014397363,3.4114030228648127,2.4160161013226436,7.654744450075694,3.7429852823221195,1.6340760149660407,3.874338705762376,7.6634609849737645,11.188591046172021,bureau,finance_compta,1,0,1,0,1,1,0,1,0,1,1,0,1,1,1,1,0,1,FIC,synthetic_corpus_v2,syn_2370c6db380d,synthetic
6.772363200724489,2.7236148465294114,3.395815649099178,4.729938438877969,2.5000637837420863,6.840240443503363,2.061545192663324,1.549481405130654,7.312286850895558,7.554017328742814,12.890839999171058,remote,developpement_logiciel,0,1,0,0,0,1,0,1,1,1,0,0,0,0,0,1,1,1,EMP,synthetic_corpus_v2,syn_711624019f75,synthetic
5.674930197964608,2.900946652867029,7.331343589043361,4.70309221328779,3.3176341965910314,5.5284040739494476,4.583418123703305,6.2019353797222685,9.053641979100426,7.868163091859062,13.927777702071912,terrain,tourisme_hotellerie,0,0,0,0,0,0,0,1,0,1,1,1,0,0,1,0,0,1,TEE,synthetic_corpus_v2,syn_5e3e64aef176,synthetic
6.157688656541607,5.56588378739369,7.4388874023290334,3.4540648720926286,9.62116289323837,4.5936036614490625,7.694036869918534,4.016829891966548,6.2864159253607435,0.9797796904672262,12.94702396571943,bureau,electronique_embarque,1,0,0,1,0,0,0,1,1,0,1,0,0,0,0,0,0,0,ESIIA,synthetic_corpus_v2,syn_dcb9fbcc044c,synthetic
8.574978776994353,0.5566105089341629,5.38178048007445,5.64428624694361,2.142471235617154,7.3497643219072675,7.362544673876228,4.14709755931487,4.835093674998028,4.459589230419487,12.624186613259377,chantier,genie_civil_archi,1,0,1,0,0,0,0,0,1,0,1,1,1,0,1,1,1,0,GCA,synthetic_corpus_v2,syn_94a76aab85b7,synthetic
7.546032171699176,5.574989820160175,3.5624456618392233,3.5258999904886124,9.253021005393602,5.570170780743919,10.0,2.1378385829572086,4.043809327320003,2.0812227848806253,13.35914510587085,labo,electronique_embarque,0,1,0,1,1,1,1,0,1,1,0,0,0,1,0,1,1,1,EMII,synthetic_corpus_v2,syn_470962a6ce7d,synthetic
7.179745862589573,6.495817263224833,5.213104119201375,5.117965782305584,1.157236508379464,5.47780566638972,7.52375948632758,4.597769939405587,4.838236606151927,1.6209756283668,11.470863552373702,terrain,genie_civil_archi,1,0,0,1,0,0,0,1,1,0,0,0,0,1,1,1,0,0,GCA,synthetic_corpus_v2,syn_5eaa73b02158,synthetic
5.152796713652057,7.733695836194625,6.201956716558467,4.163683196133978,2.840288761091024,6.558736216997851,4.241387372307113,2.2340171133255335,5.403260134526564,6.055202956926273,13.030740374572224,startup,gestion_projet_si,0,1,0,0,1,1,1,1,1,1,0,0,0,0,0,0,0,1,IGGLIA,synthetic_corpus_v2,syn_9ecc522e1c56,synthetic
9.350048266871491,6.400287708576805,3.3705982270332786,2.853695539493961,8.16104896106392,3.410521987841864,7.91249948096985,1.0426329650727668,4.156865719391154,3.7818759188633746,15.129606655347946,bureau,electronique_embarque,1,0,1,0,0,0,1,1,1,1,1,0,0,1,1,0,1,0,ESIIA,synthetic_corpus_v2,syn_9b6032f9f814,synthetic
4.381750100321767,7.5233769579858345,4.825274765757239,8.971644086013141,3.732722656220745,5.388286875801159,1.7756288050514124,4.666206975252258,7.113041585555295,5.435392416722701,14.051807631442173,startup,developpement_logiciel,1,1,0,0,1,0,0,0,1,1,1,0,1,0,0,0,0,0,IMTICIA,synthetic_corpus_v2,syn_c421b39d1e39,synthetic
8.831309157339646,6.596245892870909,7.930140105893089,3.697702524685658,1.4980581240459803,4.246879788686958,4.446144766705699,4.809051185216633,5.881727535986207,5.293030173281183,14.119550058162165,remote,data_science,1,0,1,1,0,1,1,1,0,1,1,0,0,1,0,1,1,0,ISAIA,synthetic_corpus_v2,syn_28981533e686,synthetic
6.292409549043499,3.7887969056684523,3.5964554381901666,3.1018066638452826,2.8093444974910247,3.7097363667824705,5.36158280225782,7.312150230498706,5.277367912080772,3.772033986995816,12.337268640255244,labo,chimie_procedes,0,0,0,0,0,0,1,0,1,1,0,1,0,0,0,0,0,0,ICMP,synthetic_corpus_v2,syn_55018472f068,synthetic
6.351946633541223,3.6592556233876463,6.0441203480074375,4.049445976921465,4.185259993817218,8.60984878957638,1.2863880677887134,3.2665569834734693,5.820137990927471,7.868075628298051,13.555271502633579,remote,gestion_projet_si,1,0,1,1,0,1,0,1,1,0,0,0,0,1,0,1,1,1,EMP,synthetic_corpus_v2,syn_df4ce41dba42,synthetic
6.533053234963896,2.7956151348241454,6.249923668637925,2.289095227604361,2.1762181500903726,10.0,2.2304518031862233,4.711601952360132,6.6964057367947145,7.9321901694248,13.1749277534558,remote,gestion_projet_si,1,0,0,0,1,1,0,0,0,1,1,1,0,0,0,0,0,1,EMP,synthetic_corpus_v2,syn_9942bc9d85e7,synthetic
8.708945955159646,5.069738015939019,5.430817969218537,3.5829285298661144,9.086886093257203,4.433534500746938,6.424120836647106,2.918808391656903,4.106140898155254,3.621833090878193,10.700976450489076,labo,electronique_embarque,0,0,0,1,0,0,0,0,0,0,0,1,1,0,1,1,0,0,EMII,synthetic_corpus_v2,syn_f87b31ca86c4,synthetic
7.774771386179095,5.948499810482712,4.011295291238007,3.824460996518688,7.452428863577299,2.3014764745441663,8.07372095922062,1.5801854517362601,4.134689157127054,1.8997930835293457,13.71719269853872,atelier,commerce_gestion,0,1,0,1,1,0,1,0,0,0,0,0,1,0,0,0,1,0,EMII,synthetic_corpus_v2,syn_e76c88fd3c07,synthetic
4.7971207804247005,7.3710452800951245,4.698603207629241,7.6083022700009035,2.151489339661798,5.2658670269835595,3.36266369123237,2.4573880678024915,5.850611776592298,3.5555402708721693,12.445663392358727,bureau,developpement_logiciel,0,0,0,0,1,0,1,0,1,1,1,0,0,1,0,1,1,0,IMTICIA,synthetic_corpus_v2,syn_77d4dc784f02,synthetic
3.423289451946089,5.086772251552784,3.8686956637736394,4.1006594333875785,0.7370938565899112,6.895598018215056,2.254072192373042,1.7877864855156742,5.5974219744322875,7.957480862327378,10.277139915353255,remote,commerce_gestion,0,1,0,0,0,1,0,0,0,1,1,0,0,0,0,0,1,1,CAA,synthetic_corpus_v2,syn_820ba8a1395e,synthetic
7.963098057317816,7.28707409159358,7.786866867956607,4.928544768982283,4.585551036657037,6.26013760938827,3.783326615960443,6.056494973241586,4.682213350907093,4.789267774615752,13.966907982142837,labo,recherche_appliquee,1,0,1,0,1,1,0,1,0,0,0,1,1,0,1,0,0,0,ISAIA,synthetic_corpus_v2,syn_d5e4abcc7faf,synthetic
5.2170554744111595,8.808515680846035,3.6779319363542164,3.887100376514287,4.814734444552045,8.157064654793047,2.019259940490939,0.22193634059548373,5.096333496552922,6.897438554430095,12.05408094469475,remote,agroalimentaire,1,0,0,1,1,1,0,1,0,0,1,0,0,1,1,0,0,0,IGGLIA,synthetic_corpus_v2,syn_ab0c941a2eba,synthetic
8.583415188938316,4.889965749587757,1.9697312393689272,3.3799485515115566,8.420861722834417,3.8289131850969276,9.939047520890096,1.979169374754204,4.8048721754408,5.09373113058858,13.055096476557324,labo,industrie_automatisme,0,0,1,1,0,1,1,0,0,0,0,1,1,0,0,1,1,0,EMII,synthetic_corpus_v2,syn_f59101c014e7,synthetic
7.012077754420845,5.375314100292153,2.5128709028141447,5.063848115868366,2.8239287498974344,4.555083336886767,7.199439936728931,3.160413262581868,3.8656914506035744,3.5692304034367193,13.417637605525556,terrain,genie_civil_archi,0,1,0,0,1,0,0,1,1,0,0,1,0,1,1,0,0,0,GCA,synthetic_corpus_v2,syn_3d2add364f2d,synthetic
5.816481620143844,8.556189866916778,4.104027042239581,7.84119117734698,2.5756767404910685,3.5773163105941554,1.1717002549847908,3.245323610761734,4.325831842891406,2.210104921987929,12.34742018434256,startup,developpement_logiciel,1,0,1,0,1,0,0,0,0,0,1,1,0,0,0,1,1,0,IMTICIA,synthetic_corpus_v2,syn_b239cc009c08,synthetic
6.358380988215218,2.0405835778816503,4.3052943409472935,2.642382824729638,3.989894348697849,7.93005304113578,2.5375507643353177,2.600373522667153,8.326744544168571,6.857040122441109,14.25239125133923,bureau,commerce_gestion,1,1,0,0,0,1,0,0,1,0,1,0,1,1,0,0,0,1,CAA,synthetic_corpus_v2,syn_d2f5ba9a3596,synthetic
4.6194390149631825,3.8951662067928963,4.899369000353207,4.545656352955805,3.4801079820443275,8.12610588763745,3.2222036105603973,2.8186687366117273,6.230438206866019,9.50971879846305,13.566781693510835,startup,data_science,1,1,0,0,0,1,0,0,0,1,0,0,1,0,0,0,1,1,CAA,synthetic_corpus_v2,syn_1569a4dc7928,synthetic
6.964228644806884,2.7376074409623072,7.195584970656153,2.066052377675842,1.491083923399379,7.497199388274725,2.8520331328326534,2.503545960681494,6.607561926922465,8.371604101424898,12.630370999785798,terrain,gestion_projet_si,0,0,0,1,0,1,1,0,0,1,0,0,0,1,1,1,0,0,FIC,synthetic_corpus_v2,syn_6578b18ec95f,synthetic
4.338814637100343,1.9731150875507009,5.697821008333907,4.067427737339523,2.531265052197801,7.319193863531542,0.58241036777039,3.1468715718556393,8.219748729847675,7.585638061549177,11.28297027327395,startup,commerce_gestion,0,0,0,0,1,1,0,0,1,1,0,0,1,0,1,1,0,0,EMP,synthetic_corpus_v2,syn_3dd3f61d2fb9,synthetic
7.858026860399858,3.4513699194491987,5.690523549564744,0.0,5.009099955431472,8.087629070738016,0.0,2.863130327757888,6.827503987835792,7.641903059783202,12.437468193144593,bureau,finance_compta,0,0,0,0,0,1,0,0,0,0,0,0,0,0,0,1,1,0,FIC,synthetic_corpus_v2,syn_4c25fa5a8448,synthetic
8.11005432973636,7.575226909721557,8.365454775520687,2.9440237584192417,2.464349383989348,4.590812052933093,2.704557376083356,2.433439130916628,4.6412035496441035,4.985257703979014,15.806058586764209,remote,data_science,1,0,1,1,1,1,1,0,1,0,1,0,0,0,0,0,0,0,ISAIA,synthetic_corpus_v2,syn_af5667d993bc,synthetic
6.09640212628777,2.316712509364269,6.59702807387578,2.952808979782032,1.1210195884505367,6.978759939974156,5.26314199156061,9.838008048745563,5.187058348146989,6.369947295446826,12.535044592311658,terrain,agroalimentaire,0,0,1,0,0,0,1,0,0,0,1,0,1,1,0,1,1,0,IAA,synthetic_corpus_v2,syn_62f078554015,synthetic
5.278476173619499,3.0015670414850986,7.170137840463127,5.61814247301337,0.7591104828243393,8.742123303198136,2.763172376946497,2.223475176682252,6.7999737701425405,7.575260308049365,15.309062730324959,bureau,commerce_gestion,0,1,0,0,1,1,0,1,1,1,1,1,1,1,0,1,0,1,CAA,synthetic_corpus_v2,syn_c865945d6fde,synthetic
6.453710868380729,2.723564254379653,5.612203109455674,0.4366501602147892,3.4027937777795145,2.4326817352047767,6.6245494297097265,8.367658811709024,4.889075794296533,2.6268820006790357,13.799982929373893,labo,industrie_automatisme,1,1,0,1,0,1,1,1,0,0,1,0,0,0,0,0,1,0,ICMP,synthetic_corpus_v2,syn_15937220ad87,synthetic
5.512867768760209,0.80794014469571,2.7653084561507963,2.366758652770676,2.6207530842290607,10.0,2.862365470331101,1.2373271087510032,5.559051027627623,9.632939718381412,11.033828694187676,remote,gestion_projet_si,0,0,0,1,1,1,0,1,0,1,1,0,0,0,1,0,0,1,EMP,synthetic_corpus_v2,syn_619e4689e1ae,synthetic
6.308924001571733,6.128593612777573,4.15674639749318,1.4286932144107303,6.257994373861157,2.9490644835703392,7.870491339637578,3.582119170118831,3.146658339281344,4.170529868083947,12.821178280873955,atelier,industrie_automatisme,0,0,0,1,0,0,0,0,1,1,0,1,0,1,0,1,0,0,EMII,synthetic_corpus_v2,syn_b70f3abdc072,synthetic
5.861555803374892,1.8451010945184374,4.062349897221132,6.51022913992415,3.0144552300666354,4.332381822388106,7.283198488439451,2.5257884142248765,4.858226113618492,5.493545208151982,9.66940467033382,chantier,genie_civil_archi,1,0,1,0,0,1,1,0,1,1,0,1,1,0,1,0,0,0,GCA,synthetic_corpus_v2,syn_68d235e2c896,synthetic
6.716894698333373,3.1663689654663436,4.623151427025242,3.815151456803903,3.285804906934996,8.485084079340623,0.6981461202694765,2.960698265132085,8.31842780695821,8.767157980933288,10.340606266813868,bureau,droit_affaires,0,0,1,0,1,1,0,1,0,1,0,0,0,0,1,0,1,1,DTJA,synthetic_corpus_v2,syn_558e2493eedf,synthetic
6.026578489904638,4.607577394970005,5.323125310814991,6.001614275575683,3.4351226630713794,3.025285044778959,5.263409592828538,10.0,5.097849385293473,3.4284495108834747,15.078495745801526,chantier,recherche_appliquee,0,1,0,0,0,1,1,1,1,0,0,1,1,0,0,0,1,0,PIP,synthetic_corpus_v2,syn_36a41de28395,synthetic
4.479779063674827,3.1888436194151653,6.882040331143738,6.380773041632871,0.03635558676399464,5.56772101800159,3.180030449062441,7.190085106909567,7.379696715157946,4.362497402961994,10.633382186136018,bureau,tourisme_hotellerie,0,1,0,0,0,1,1,0,0,1,1,1,1,0,1,0,1,0,CAA,synthetic_corpus_v2,syn_452879ea1d2d,synthetic
8.15441447034999,4.106227367501999,2.2604608200523195,8.100026956005316,1.119137603961583,4.816700943385012,8.742252252543288,3.430317031181788,2.9665964075448463,2.6820092525155648,13.430607433610172,terrain,genie_civil_archi,0,0,1,0,0,0,1,0,0,0,0,1,1,0,1,0,1,0,GCA,synthetic_corpus_v2,syn_a2e22b909ebf,synthetic
8.36934537319854,2.9917522337830977,2.8735019640540544,9.610307133008812,1.3121543200520354,5.357069757269489,8.343052022213806,3.619206701027422,4.392378880569783,3.9049001881262715,13.20761760008549,bureau,genie_civil_archi,0,0,0,0,1,0,0,1,0,1,0,0,1,1,1,0,1,0,GCA,synthetic_corpus_v2,syn_e83f5e13e9f3,synthetic
5.762957833019453,2.9739706482082324,7.852403246846691,4.04288296531765,4.11211789170951,8.764627752925069,5.461488646616143,8.643649043739176,3.68495118073051,2.9569377701271846,9.929344350177683,remote,agroalimentaire,0,1,1,0,1,0,1,1,0,0,0,0,1,1,0,0,0,1,IAA,synthetic_corpus_v2,syn_8c6c91539e65,synthetic
8.300546979784054,7.198852137008127,7.5301674551982885,2.4083460739590836,2.718730534549115,6.533495194491648,5.9328773135243225,2.881460375471119,3.6454540463462397,5.776937539103502,11.496056627509287,remote,data_science,1,1,1,0,1,1,1,0,1,0,1,0,0,1,0,1,0,0,ISAIA,synthetic_corpus_v2,syn_45743344d9c4,synthetic
4.569684243841348,2.5989551769550623,4.698262691186131,4.130551910197441,2.0346261426600436,3.9567395018536526,5.184002581468481,7.607935577154877,2.297393577429468,5.708446309313437,13.890545993206329,labo,agriculture_elevage,0,0,0,1,1,1,0,0,0,1,0,1,0,0,0,0,1,0,ICMP,synthetic_corpus_v2,syn_8efe6edbae49,synthetic
4.73872084116393,4.1128113711887035,6.607780246667653,5.146833976191752,2.912050450931147,4.78162122303913,9.99249432124506,4.3451364529883545,3.445900624185083,4.4105422280302315,16.45400819841629,terrain,genie_civil_archi,1,0,1,1,1,0,0,0,0,1,1,0,1,0,1,0,0,1,GCA,synthetic_corpus_v2,syn_8f813851c31e,synthetic
6.330477815643809,7.723322079529451,4.260611562652967,3.452247407689096,4.298120834265485,8.384953837619168,3.854815813624796,2.1450821433641076,3.907950016883029,3.89980338744557,12.66466859855549,bureau,developpement_logiciel,1,1,1,1,0,1,0,0,0,1,1,0,0,1,1,0,1,0,IGGLIA,synthetic_corpus_v2,syn_309a56d12677,synthetic
6.935958336632694,7.33367460382858,4.552555046891258,1.3991605055027487,3.021607845472188,8.777711020768804,3.3174787758206405,2.3846056702244014,4.8337909726266135,3.7973150806458476,13.537929318966356,startup,developpement_logiciel,1,0,1,0,1,1,0,1,1,1,0,1,0,0,1,0,0,1,IGGLIA,synthetic_corpus_v2,syn_4cbfa9478981,synthetic
6.355617833293024,2.8555594314951445,5.814748387204844,2.8114814097646255,1.8430536723939304,3.033110001005169,4.172440199552522,9.120249936183955,5.413210216498932,1.820977302012775,14.262987689489949,terrain,chimie_procedes,0,0,1,1,0,1,1,0,0,1,0,0,0,1,0,1,0,1,AEE,synthetic_corpus_v2,syn_cd508c07ba28,synthetic
6.492698728869045,5.99569005998032,6.116473592554012,2.905692037291549,3.3965146103596484,7.945256382311736,5.099634828549455,4.710787361740266,3.394538055754302,3.4209645483650433,13.988575753780237,remote,developpement_logiciel,1,1,1,0,0,1,0,0,0,0,0,1,1,0,0,0,1,0,IGGLIA,synthetic_corpus_v2,syn_f9fb177c9275,synthetic
10.0,3.6341857010700562,9.034477606047634,4.81209156215004,2.8935443631455584,5.777491775770148,4.123785443869388,2.0591528763456988,3.529163979102897,5.354315120854933,13.046439911692774,labo,data_science,0,0,0,0,1,1,0,1,0,0,0,0,1,0,0,0,0,0,ISAIA,synthetic_corpus_v2,syn_11940a1d424c,synthetic
9.185694060021095,6.5268351315528665,6.49765299740174,2.4138545694636577,2.5249758765736687,3.967007539056577,5.760362197572561,3.7613711259208595,3.168329513044081,4.242797090646595,15.695588205575493,labo,data_science,1,0,1,0,0,0,0,1,0,0,0,0,1,0,0,1,0,0,ISAIA,synthetic_corpus_v2,syn_dd053624e3dc,synthetic
8.4255574905774,6.583748985320726,4.961274528062067,3.3567650951513492,7.538895596923875,4.16544630579423,6.0683124039155345,4.118669115584877,2.7672457241071964,3.5266567619084355,11.447874546609082,labo,electronique_embarque,0,0,0,1,1,0,1,1,1,1,1,0,1,0,1,0,0,1,ESIIA,synthetic_corpus_v2,syn_eea80cd9625f,synthetic
8.361364543362171,4.9800742310165305,10.0,3.3196533463772155,1.401614368569946,7.949202402596552,4.472404112622817,3.9585965407251367,6.517872265008868,5.237355098945329,15.462334035566684,bureau,data_science,1,1,0,1,1,0,1,1,1,1,1,0,1,0,1,1,0,1,ISAIA,synthetic_corpus_v2,syn_fd068766aaf7,synthetic
6.102980257925069,2.3036533836681232,4.62104097438283,1.4954761399888092,0.04676444381871314,8.402853957746537,2.6614462538880934,1.829051748874497,10.0,10.0,13.6587519996402,bureau,droit_affaires,0,0,1,0,0,1,0,0,0,1,1,0,0,1,0,0,0,0,DTJA,synthetic_corpus_v2,syn_c268d25a52da,synthetic
5.89971939170368,8.02234547678993,4.916302396861742,3.3931364279116236,3.7078822766883377,7.063221689612853,5.297547636294289,5.714995253432999,3.818469257775225,5.352803429845633,15.057011364082856,atelier,electronique_embarque,1,1,0,1,1,0,1,1,1,0,1,0,1,0,1,1,0,0,IGGLIA,synthetic_corpus_v2,syn_3b78381c5c6d,synthetic
6.294855361493683,5.02937869399635,3.973211556162581,3.940464771753894,2.039904951244173,4.326641770490131,7.074651151687643,7.57822207672562,1.8219191961328942,2.6504608290021747,9.487514507378943,terrain,agriculture_elevage,0,0,0,1,1,1,1,1,0,0,0,0,1,1,1,1,0,0,AEE,synthetic_corpus_v2,syn_ddec38c1f2bf,synthetic
6.556776221499971,1.8685230473653363,4.724045555776617,5.5312025559677505,2.8979198499744916,2.3129280544554853,2.8081387601312295,8.19879609829302,3.5354089101452115,3.624059846960769,12.058135966577352,terrain,agriculture_elevage,0,0,1,1,0,0,1,0,0,1,0,1,1,0,1,1,1,0,AEE,synthetic_corpus_v2,syn_3058c9461bd2,synthetic
8.35808926063361,4.730199225365688,5.548628148619748,1.6912284308887864,6.895947696960388,6.538791841920853,7.271346678883379,2.2094792248430335,2.4962667272868178,2.007280340025712,13.207544737043154,atelier,electronique_embarque,1,0,0,1,0,1,1,0,0,0,0,0,0,1,0,1,0,0,EMII,synthetic_corpus_v2,syn_c4263fb72a8e,synthetic
5.4389936007303845,6.173160388128292,4.581860537321671,5.30463848066982,10.0,4.509343225939118,8.57760044030578,3.544238793179836,2.4636141164371894,3.838227618523039,11.470590293049863,atelier,recherche_appliquee,0,0,0,1,0,1,1,1,0,0,1,1,0,0,0,1,0,0,ESIIA,synthetic_corpus_v2,syn_1c0c56a53f36,synthetic
6.514950332660502,2.159815768697696,5.910747464738373,2.3901746733084557,2.3093348959923103,8.229162652400188,1.5077545979278506,1.4926703265556265,9.4219211097957,8.109670738042025,12.352391253056204,remote,agroalimentaire,0,1,1,0,1,0,0,0,0,0,1,0,0,1,0,0,0,0,EMP,synthetic_corpus_v2,syn_febeb40f1e2b,synthetic
5.5982914074260615,8.807452727685618,5.384388866570873,3.7558561184762707,2.684892286359949,8.597834825595793,3.9145622994148184,2.7934573299272136,6.960941594989892,5.5685590034209556,15.300745031465091,bureau,developpement_logiciel,1,0,0,0,1,0,0,1,0,1,0,1,1,0,0,1,0,0,IGGLIA,synthetic_corpus_v2,syn_6b5634a0595d,synthetic
9.305913981375557,4.189742699488363,4.7151500089758835,2.4613557728348665,8.560054430400914,4.79597488179406,10.0,2.6382798176273883,5.844750804370156,4.961556774421362,13.800396188575096,labo,electronique_embarque,0,1,1,1,1,1,0,0,0,0,0,1,0,0,0,0,1,1,EMII,synthetic_corpus_v2,syn_7e146f63ea46,synthetic
2.781409863378129,1.8214197765578142,4.675084518313291,5.961759710497441,2.3871462621865414,5.84736921341186,3.198267118468545,7.857681111170466,8.788473579443487,3.9533134731191586,11.105146455207363,bureau,chimie_procedes,1,0,0,0,0,0,0,1,0,0,0,0,0,0,1,0,1,0,TEE,synthetic_corpus_v2,syn_fbe2a4299e58,synthetic
3.036584090855268,2.979606114107275,4.645054860954849,6.659196678259381,2.302217116393866,8.35028124539621,4.663332521687716,4.309858204587984,8.882231889870353,4.8310314412617625,11.018562949161485,terrain,commerce_gestion,0,1,0,0,0,1,0,1,0,0,0,1,1,1,0,0,1,0,TEH,synthetic_corpus_v2,syn_1d68c292b17f,synthetic
5.678630975338476,2.543479598820652,4.101975175472242,1.8268294475574935,4.667409357873797,4.436166044181553,4.668622329477968,8.4531062731406,5.347536402037553,2.4778035905643465,14.46710203225041,terrain,agroalimentaire,0,0,0,0,0,0,1,0,0,0,0,0,1,1,1,1,0,0,IAA,synthetic_corpus_v2,syn_fdfdb076195d,synthetic
9.816776341573812,6.509278174408389,8.261359201188576,3.914139378361735,3.3812799459963876,4.519486506106375,4.357779777231763,3.877419994220409,3.3663807602147795,4.915433942807491,10.060512355629106,labo,gestion_projet_si,1,1,0,1,0,1,0,1,0,1,0,1,0,0,0,0,0,1,ISAIA,synthetic_corpus_v2,syn_36830c165b3b,synthetic
6.879211816821028,2.366302869906722,7.93618543193541,4.257161852526175,3.285494912297521,7.584263742451235,1.1378271856439068,1.5224892197600577,6.34513281981768,6.524962629950572,15.590324234196055,remote,finance_compta,1,0,1,0,0,1,0,1,0,1,0,1,0,1,1,0,1,0,FIC,synthetic_corpus_v2,syn_333bc62c0fda,synthetic
7.2914450454670465,2.2363292558569823,6.65995174972518,1.2568584729071823,1.0535345386478834,7.500395972649647,3.844839177204054,3.056855209219792,6.766228843130512,8.469070418363223,14.734273647554378,remote,finance_compta,0,1,1,1,0,0,0,1,0,0,0,1,1,0,0,1,1,0,EMII,synthetic_corpus_v2,syn_3981c7842895,synthetic
8.775164392352254,5.477902334991627,4.167336668518707,4.63582906934804,5.9368132570353955,6.221065415557307,7.732772805344893,3.194843832379212,4.206184234510697,2.4874562117250054,11.85683096488459,terrain,electronique_embarque,0,0,0,1,1,0,0,1,1,0,0,1,0,1,1,0,1,0,EMII,synthetic_corpus_v2,syn_8e4e0d86a4c7,synthetic
6.306125358867087,2.059053540977075,4.760874352874265,4.480552992637647,2.5369465498641546,6.6634316055675775,3.1175701886311664,1.201189171831973,7.0259096237169105,7.033335153777691,12.57777739798841,startup,gestion_projet_si,1,0,0,1,0,1,0,1,0,1,1,0,1,0,1,0,1,1,CAA,synthetic_corpus_v2,syn_65a91bf84ee0,synthetic
4.694877103692585,8.465583435878518,5.914324557712665,1.6294081378636691,2.2156995420882666,5.793926717407947,4.446022684440491,0.20517847186394045,4.405578483464778,5.861434585934659,13.781732473679027,remote,developpement_logiciel,0,1,0,0,1,1,1,1,1,0,0,1,0,1,1,0,1,0,IGGLIA,synthetic_corpus_v2,syn_3bdfc0dd16c5,synthetic
4.926689864426059,6.713983937805221,5.423505905547978,6.801886182251559,2.273977976116142,7.466293753680974,3.039536667937123,4.333482564253695,9.5827116453411,2.909558231830328,10.704078287958993,startup,multimedia_ux,0,0,1,1,1,0,1,0,1,1,1,1,0,0,0,1,1,0,IMTICIA,synthetic_corpus_v2,syn_5bf9bfb6e332,synthetic
6.590267521663829,3.3033737335581006,5.59580386476871,5.467902596691524,4.082043081763904,5.236348097985556,8.17141033103837,4.230955377775104,5.512030461527747,2.3145785289141294,11.373979531287345,bureau,genie_civil_archi,0,0,1,0,0,0,1,0,0,0,0,0,1,1,1,0,1,1,GCA,synthetic_corpus_v2,syn_276981603e60,synthetic
7.315440727843406,8.6923581891902,3.981144892813478,1.9788235175608742,9.525383682196004,2.6435928321072355,7.639954154987507,4.358091079551851,1.8582014332796786,3.4825671343302855,14.817618083986407,atelier,electronique_embarque,0,1,0,1,1,0,0,1,1,0,0,1,0,1,0,1,1,0,ESIIA,synthetic_corpus_v2,syn_d660a94dfbdf,synthetic
8.00276254826956,5.939997716531485,6.450856362326986,1.90037836425574,7.609021703946393,3.8466391170254814,8.756160542650548,1.095818296667674,5.0697809729663845,2.934303486218427,12.349399714620798,startup,electronique_embarque,1,1,1,1,0,0,1,0,0,0,1,1,1,0,0,1,0,0,ESIIA,synthetic_corpus_v2,syn_f66a481e58aa,synthetic
5.83917128695619,1.2433288621858312,4.6691314998974125,3.4786257034364425,0.9721593711615364,5.257811571266994,3.6401001243063975,8.648698216823291,5.367694803608574,3.2884891752591976,13.870123123968584,labo,recherche_appliquee,1,0,0,0,0,0,1,0,0,0,0,0,0,0,1,0,0,0,AEE,synthetic_corpus_v2,syn_d6e6a285a40c,synthetic
3.7220588973137794,1.529170262124337,4.146222080829979,5.7509201130099745,1.1481237473941808,6.377445010714886,3.2599398593314692,2.774705858416445,7.775160559069983,6.1407221686704,12.46424595501148,startup,commerce_gestion,1,1,1,0,0,1,0,0,0,0,1,0,0,1,0,1,1,1,TEH,synthetic_corpus_v2,syn_c0b249699971,synthetic
4.482920600516682,5.529664924808685,7.362665381060257,4.961157874287845,2.046436061060744,8.567063059253668,2.1114827262464284,2.2667389300462095,4.375858702122351,9.836316143495496,14.266180462443234,remote,commerce_gestion,0,0,0,1,0,0,1,0,0,1,0,0,0,0,1,0,1,1,CAA,synthetic_corpus_v2,syn_d31e86c18eec,synthetic
3.121084287025473,0.9450158438067526,1.5040802459243392,4.449972605892077,2.3839286265123447,6.159550134431351,4.36889000036115,9.727820402232352,4.347897220591119,3.991893710117463,12.895270236216904,terrain,agriculture_elevage,0,1,0,1,0,0,1,1,0,1,0,0,0,0,0,0,1,0,AEE,synthetic_corpus_v2,syn_24a0f5142f3f,synthetic
2.428050166054222,2.099371458286182,4.668108075655874,7.654756339357663,0.0,7.433478542922574,1.8813509320438577,4.6092725156065,9.205397510774251,5.220223340044725,13.44739880343695,terrain,recherche_appliquee,0,1,1,0,0,0,0,0,0,0,1,0,0,0,0,1,1,1,TEH,synthetic_corpus_v2,syn_be1550bda77b,synthetic
6.641508528887711,6.76053525843423,2.755910886707346,1.5087200685192779,8.03181500666591,5.650600166212172,8.132725618116114,2.655850049668524,2.890830200861679,1.6724820604815138,13.414982786448196,atelier,recherche_appliquee,1,1,0,0,0,0,1,1,1,1,0,1,0,1,1,1,0,0,ESIIA,synthetic_corpus_v2,syn_8634c3ec45aa,synthetic
8.487324463048324,4.28923308735428,5.46228066996823,2.6100366128947954,4.60005947720616,2.3019852723298975,7.2895711292574825,9.468219515479268,4.263984024045359,3.6001727824483667,12.106173541791392,atelier,chimie_procedes,0,0,1,1,0,1,1,0,1,0,1,0,1,1,0,0,0,0,ICMP,synthetic_corpus_v2,syn_ee4d16e07f63,synthetic
5.7802686917280734,4.753193447399991,3.064889623409919,4.274894176829511,7.50797784182118,5.192426305123337,9.061036215152724,2.7518722922803383,5.185757830272003,3.5425774622195263,12.522399590316777,startup,electronique_embarque,0,0,0,1,1,0,1,1,0,0,0,1,0,1,0,0,0,0,EMII,synthetic_corpus_v2,syn_983f72db9992,synthetic
6.106998719808574,10.0,4.8077480692257195,4.516357902148956,4.785210249498379,8.434780343910134,4.721688609875638,4.201583643092951,4.869878051630312,4.451541322013917,13.720828335840741,startup,gestion_projet_si,1,1,1,1,0,1,1,0,0,0,0,0,0,0,1,0,1,0,IGGLIA,synthetic_corpus_v2,syn_5ca26b68a7ee,synthetic
3.143028823240725,1.9428215265381494,4.425502735692092,4.538630430788742,3.0375123507098136,9.514584436519993,2.5825485871453524,1.5040225343787526,7.923257201746011,8.863482218043668,12.388179680146232,bureau,droit_affaires,0,0,0,0,0,1,1,0,1,0,0,0,1,0,1,0,0,1,DTJA,synthetic_corpus_v2,syn_bc632d44fe2d,synthetic
7.051723931343092,4.980786846915222,5.948946215154315,3.8955655229966126,4.9726242374578735,3.5156785332531975,7.919700274102327,7.611400742822964,3.14832241575238,3.715224904927105,12.915511295326665,labo,tourisme_hotellerie,1,0,1,0,1,0,1,1,0,0,0,0,0,1,0,0,0,0,ICMP,synthetic_corpus_v2,syn_ea3b7c117ebb,synthetic
7.426826527774392,3.6011083511175976,4.502376118767655,3.6398444906824703,2.6091669360870533,2.09764511950688,6.819766450571768,8.478676464794978,3.303067725760336,3.723788653187798,11.168955517904909,labo,chimie_procedes,0,0,0,0,0,1,1,0,1,0,1,1,1,1,0,0,1,1,ICMP,synthetic_corpus_v2,syn_64ded62e9ea3,synthetic
4.912067068725325,6.215712995882415,5.98741750027665,1.5903026895378438,5.034026356038948,4.402606422763897,7.44026080420462,4.2296045054522065,3.8080978289384615,2.8959374483010056,14.046516258455247,chantier,electronique_embarque,1,0,0,1,0,0,0,1,0,1,0,1,1,0,1,1,1,0,ESIIA,synthetic_corpus_v2,syn_8d624885570c,synthetic
7.1810050044262095,6.699140606328173,4.392254957161319,2.611526909105971,7.1483873865033605,1.6040732013890162,7.37224919594413,1.6057563010022617,5.295802694799615,0.381619576383768,13.436528198716438,labo,tourisme_hotellerie,0,0,0,0,0,0,1,0,0,0,1,1,0,0,1,1,0,0,ESIIA,synthetic_corpus_v2,syn_437bacae9ad3,synthetic
7.540648489116118,1.9461979092647799,5.080234042863209,1.8389174859572157,3.610006942102637,3.5974130753053064,3.9559205051429736,7.667069492497367,4.314693966890842,2.923639017323871,14.377178968330249,labo,recherche_appliquee,0,0,0,1,1,1,1,0,0,1,0,1,1,0,1,1,0,1,PIP,synthetic_corpus_v2,syn_a0c0d83aaef6,synthetic
6.695639809721603,8.883034708505875,5.5910366669121006,3.2416565644818767,3.2475580997316538,8.917286001851664,2.9904699201661034,2.525716128334736,3.8318534346493967,6.22451251944568,13.616746162740379,startup,gestion_projet_si,0,1,0,0,0,0,1,1,0,0,1,1,0,0,0,1,0,1,IGGLIA,synthetic_corpus_v2,syn_5c7a7bf52e5d,synthetic
5.57447703594041,5.426913514052581,3.723101219859002,9.908451437369703,0.3801637854561615,5.887002432600343,3.382474356080981,1.517458027779092,5.463594814900774,4.965256162581541,15.44438531595654,bureau,multimedia_ux,1,1,0,1,0,1,0,1,1,0,1,0,1,0,0,0,0,0,IMTICIA,synthetic_corpus_v2,syn_84cb5ab6c82a,synthetic
7.880676652879764,4.682183140927736,8.551908983231126,3.7185824514882624,2.8532311584804027,5.660209185660993,3.2981052669184967,2.9449141674473527,3.2960236981975837,4.84154364875102,14.113862233229494,labo,recherche_appliquee,0,0,0,0,0,0,1,1,1,0,0,0,1,1,0,1,0,0,ISAIA,synthetic_corpus_v2,syn_150631615088,synthetic
6.962083378538117,1.959893028608018,3.117818005131644,8.242000451028897,3.1820848943018554,2.91941464282451,9.000752633336685,0.8557784787865694,3.508650907704047,4.097553247088249,16.780628619853488,chantier,genie_civil_archi,0,1,1,0,1,0,0,0,0,0,1,0,0,0,0,1,0,0,GCA,synthetic_corpus_v2,syn_7793052a4e9d,synthetic
5.589139773114284,2.676663330385579,7.331598221588356,5.5957619707014885,3.4217900077976218,7.899175894939007,1.7802066590872374,0.2990146559598328,8.157900265425098,8.092396580445925,9.79866818445271,bureau,commerce_gestion,0,0,0,0,1,1,0,0,1,1,0,0,1,1,0,0,1,1,CAA,synthetic_corpus_v2,syn_5e5f6b2dca84,synthetic
6.12954194749962,2.4714758666351333,6.811903533647479,4.735191024294329,2.0169671328084227,5.6124821255818516,7.435996688113457,3.1866692769215703,6.215459559222333,4.785553429196106,12.296976474914038,atelier,genie_civil_archi,0,1,0,0,0,0,1,0,0,0,1,0,0,0,1,0,0,0,GCA,synthetic_corpus_v2,syn_4201f2efa9be,synthetic
6.726358769143623,7.799862846696621,8.882971459870083,4.431415973425899,4.414955872803365,6.890637056566734,3.727488432995445,2.7179296921606486,2.2056602539021606,4.1400070875845065,12.397284970626833,bureau,developpement_logiciel,1,0,0,0,0,1,0,1,0,1,0,0,0,1,0,0,0,1,IGGLIA,synthetic_corpus_v2,syn_8308042b147c,synthetic
4.281521602308818,6.338922721383946,3.4011795657914865,8.541747818146515,3.3236085845257075,5.531242075158874,2.4310332632329006,1.9111410871523615,6.414204710380047,3.308855683579803,10.772295492246695,remote,multimedia_ux,0,0,0,1,0,0,1,0,1,0,1,0,0,0,0,0,0,1,IMTICIA,synthetic_corpus_v2,syn_642b6244be83,synthetic
4.342492751266581,3.5222963260956295,2.072455747310633,4.254329790198676,3.7894442473694525,4.602311835446533,2.8146688285912638,9.167037050918875,3.9163688193885116,1.6818587831155163,15.363710341919091,terrain,agriculture_elevage,1,1,0,0,0,0,1,1,1,0,0,0,0,1,0,1,0,1,AEE,synthetic_corpus_v2,syn_5c07c89dfdbd,synthetic
5.936129498552335,1.9746076540965258,4.837948843765956,4.065589258075427,2.5831420239865137,8.747771238301324,1.480595713514969,3.830377743932859,8.824388788025933,8.035070386274345,15.715907414716192,terrain,commerce_gestion,1,0,1,0,0,1,0,0,0,1,0,0,1,0,0,0,1,1,EMP,synthetic_corpus_v2,syn_6930d5356696,synthetic
6.037460649776275,1.8107917307770218,5.083307219995494,2.0720741196567083,0.14559525885907854,7.0924824593341125,2.6023301079592573,1.615952463717263,5.900152619165431,8.491844683669594,10.676802441217792,startup,commerce_gestion,0,0,0,0,0,1,0,1,0,1,1,0,1,0,0,0,1,0,EMP,synthetic_corpus_v2,syn_b3a503558cc9,synthetic
7.262707145118476,4.102929782248069,4.680975032232323,1.8117420127010346,3.639256402858541,7.6643500134302744,5.167724697683001,0.9658931061019989,7.876526689359014,7.767153264418427,14.793653974422538,remote,electronique_embarque,1,0,1,1,1,1,0,1,0,0,1,1,0,0,0,1,0,0,FIC,synthetic_corpus_v2,syn_be1a55a14936,synthetic
4.948454864388555,2.0352620285483844,2.6699498539274216,4.039714781632378,2.890962176532846,5.0789036739005216,4.64239837706334,9.205365270720348,3.9239741871898937,1.1133187247789076,11.06269608852996,atelier,agroalimentaire,1,1,1,0,1,0,1,1,0,0,1,0,1,0,0,0,1,1,IAA,synthetic_corpus_v2,syn_82c8f163ef6d,synthetic
5.1679264854168805,7.970986088157574,7.553017696440736,2.7104733722902146,3.4586502406426702,8.257596726849268,3.599238266389785,3.8793010079436643,6.330813802610274,5.575597184335003,15.58509408863614,bureau,gestion_projet_si,1,1,1,1,1,0,1,0,1,0,0,0,0,0,0,0,1,0,IGGLIA,synthetic_corpus_v2,syn_f8d0c5c0c4e9,synthetic
8.653627139000754,6.505157572589431,5.181216048059231,1.99952174786643,5.90276100779484,4.591828692486927,9.615485351937348,4.2484474571542785,4.7012582009199315,2.4594549862638546,11.793688900008728,terrain,industrie_automatisme,1,0,1,1,1,1,1,0,0,1,0,1,0,0,0,0,0,0,AEE,synthetic_corpus_v2,syn_5cd35675d207,synthetic
6.645941642211028,2.740707866385041,6.113708101738166,5.985001226455298,0.3537896117790986,8.66051426346999,4.8480966125356675,1.014681638802125,6.861721190654144,7.461923268687086,14.077839110119506,remote,commerce_gestion,1,1,0,0,0,0,0,1,0,0,1,0,1,1,0,0,0,1,CAA,synthetic_corpus_v2,syn_6b90a3078a1c,synthetic
7.970235879550144,6.3692579378664735,7.436793943625409,2.150276174634385,3.87849821697217,6.330607401639716,4.696069351499782,2.221472598392501,3.6119160779802293,3.6810129201867086,15.335592394625644,bureau,data_science,1,1,1,0,1,0,1,1,0,0,0,0,1,0,1,0,1,0,ISAIA,synthetic_corpus_v2,syn_5704bb2efb7f,synthetic
5.629228780462684,1.3804383968554523,3.5229610712983273,2.730400284453013,0.9057591345236549,5.191231966086639,4.136688021366544,8.781495917340337,2.9241708185693867,4.34207877278131,15.04642049820709,labo,agriculture_elevage,0,0,0,1,0,0,1,0,1,1,0,1,1,0,1,1,0,1,AEE,synthetic_corpus_v2,syn_01b2fee00aa7,synthetic
7.438528625343943,3.579881733318827,6.042928726750041,7.74630707245354,4.0762958719872024,5.24829703817895,10.0,2.519252587214428,2.5608462996906938,3.6817071821756824,13.086606617283502,chantier,genie_civil_archi,0,0,0,1,1,0,0,0,1,1,0,1,1,0,1,0,0,0,GCA,synthetic_corpus_v2,syn_15957e3a1578,synthetic
5.611556680101303,1.7142369390946768,3.893145309574666,1.7639765148012145,3.3698155562384136,5.416016655900183,5.51099913068638,8.937843313128903,5.489174745992402,3.008067176156701,11.892692891688364,atelier,agroalimentaire,0,1,1,1,1,1,0,0,0,1,0,0,0,1,0,1,0,1,IAA,synthetic_corpus_v2,syn_992e2649fdc7,synthetic
5.254972306195628,2.5375253568396325,3.4755237753102826,3.5352937218664766,2.5728021769513023,6.122373778803968,6.408468475994551,8.652300295249757,3.5175379607538497,2.1345210472151352,15.047377727239734,labo,agriculture_elevage,0,0,0,0,0,0,1,0,0,0,0,0,0,0,0,1,0,0,AEE,synthetic_corpus_v2,syn_b9d4c8ffd15c,synthetic
8.579890018972845,2.6829362851914125,5.183133762711402,6.442223168005755,4.2003970047764145,4.743554914034427,7.213616110913975,3.3084238222754574,4.041009922239573,1.6849925759213957,12.097748905534726,startup,genie_civil_archi,0,0,1,0,1,0,0,0,1,1,0,0,1,0,1,0,0,0,GCA,synthetic_corpus_v2,syn_4d763290d194,synthetic
5.4743875436822975,2.1444673301215085,6.271477275786106,2.3801486392650317,2.597051460118347,3.606586705519779,6.8989457071724,10.0,4.419022102685665,4.320939518468441,13.632144496881475,bureau,pharmacie,0,0,0,0,1,0,0,1,0,0,0,0,1,0,1,1,0,1,PIP,synthetic_corpus_v2,syn_62ffa3e7d5ac,synthetic
5.439277867474497,3.815831243991558,2.892497866507833,2.972729206083219,2.478016250395695,10.0,1.9728121819910953,4.3804208471170805,6.0948116855996775,3.9373848058991676,13.615716260374882,startup,commerce_gestion,1,0,0,0,0,0,0,0,0,0,1,0,0,0,0,1,1,0,CAA,synthetic_corpus_v2,syn_58bac531af4e,synthetic
4.841626195117998,3.12356701833608,5.082867013783983,2.2876660579686043,0.036746176973397215,4.703809713868569,2.7606323407330136,8.594361623072045,4.192113759744015,2.7944061441441423,10.556656579235813,terrain,agriculture_elevage,1,0,1,0,1,0,1,0,1,0,0,0,0,1,1,1,1,1,AEE,synthetic_corpus_v2,syn_b6eaccae708a,synthetic
10.0,5.197635616423318,9.89136678090204,1.684339609775173,3.499206057184504,5.465008589190191,5.048099207810688,4.791580071880892,3.523644346037519,5.124929726262131,11.95014892278725,bureau,recherche_appliquee,1,1,0,1,0,0,1,0,0,1,0,0,1,0,1,0,0,0,ISAIA,synthetic_corpus_v2,syn_6d524bd3776f,synthetic
8.388340391783322,1.7170114859459722,4.818100140746003,6.765343436309226,2.458108205647216,4.295693336898671,7.116411510346457,3.1689675640383985,5.852182395297337,5.4373413873891625,11.314029479172287,terrain,genie_civil_archi,0,1,1,1,0,1,1,0,1,1,0,0,1,0,1,0,1,0,GCA,synthetic_corpus_v2,syn_29cbc581ebd7,synthetic
5.091238420339386,3.287521057778576,4.1242414940722725,5.270059763905215,3.3187964513529256,7.319909152267908,3.3009603586408467,2.072207367720256,7.061960188073711,9.83018107682113,11.488948748077533,startup,commerce_gestion,0,1,0,0,1,1,0,0,0,1,0,1,0,1,0,0,0,0,CAA,synthetic_corpus_v2,syn_980aa9388e7f,synthetic
7.8128362719419195,9.408283567572342,6.717920077047038,4.044435229228184,3.410166603372038,7.281488541903443,6.234797533173028,1.849064478493351,3.076506187891904,4.552092600905768,12.70030950678444,remote,developpement_logiciel,1,0,0,0,0,0,0,1,0,1,0,0,0,1,1,0,0,0,IGGLIA,synthetic_corpus_v2,syn_9509d6171a67,synthetic
8.138772676246212,6.481968701027957,5.685010883879918,3.095586980861916,4.957299981201737,5.891737460010057,7.4280180497887915,1.642947741426718,2.675911056020577,5.981493518503161,13.660821529516472,atelier,agriculture_elevage,0,0,1,0,1,0,1,0,1,1,0,0,0,1,1,0,0,0,EMII,synthetic_corpus_v2,syn_cb7b6f54e3ba,synthetic
7.039333343554008,3.6307002958240826,5.624134125585972,2.3796236265982302,1.914069338619485,6.408558864189269,6.026263581667735,9.996617902332352,5.4788754833868,4.670921736859369,12.656049076608827,bureau,pharmacie,0,1,0,1,0,0,1,0,0,1,1,0,1,1,1,1,0,0,PIP,synthetic_corpus_v2,syn_ac397aff3efb,synthetic
6.818890153845797,3.6227685549931286,5.657903414465991,3.111150874360042,2.2531832086623074,8.955159926398608,3.0271569371468225,5.628567467954406,5.39503545739746,10.0,11.114768362257566,remote,gestion_projet_si,0,1,0,1,0,1,1,1,1,0,0,1,0,0,0,0,1,1,EMP,synthetic_corpus_v2,syn_c8dc505168fe,synthetic
8.305575004797953,5.6554121872706835,4.091947408845524,4.593638137629442,7.748790982377372,2.1185196995539632,6.252071355910331,3.5280504171979237,4.912744651902228,2.0849987004404187,12.052421948201557,bureau,recherche_appliquee,1,0,0,1,1,0,1,0,0,1,1,0,0,1,0,0,0,1,ESIIA,synthetic_corpus_v2,syn_8d6be39f7689,synthetic
7.746980679261291,6.043209652800081,7.73628826410392,4.08881800731675,2.9322174742669023,5.307181883156414,4.141393762333942,2.8763455285232196,2.9510115177318137,4.711310915032367,11.354886746158893,labo,gestion_projet_si,1,0,1,0,0,0,1,1,0,1,0,1,1,1,0,0,0,1,IMTICIA,synthetic_corpus_v2,syn_43548a372feb,synthetic
8.154454462954138,7.722499155725546,4.218900064712518,4.267157312356867,9.055648853239562,1.9623858715251585,8.201376984563883,1.5793517638860028,1.9888817024661316,3.4398639306799708,12.902003945353808,bureau,recherche_appliquee,1,0,1,1,0,0,0,1,1,0,0,1,1,0,0,0,0,0,ESIIA,synthetic_corpus_v2,syn_c90aadae8ae2,synthetic
7.884856051005425,8.594737672314928,7.697750838231759,5.616864102659527,4.075742858176652,7.364142766905339,3.0807222573401023,3.174989289231987,4.330527790926855,5.65787624198894,14.433680420749269,startup,developpement_logiciel,1,0,1,0,0,0,0,1,1,1,1,0,0,0,1,0,1,0,IGGLIA,synthetic_corpus_v2,syn_a55b810879f6,synthetic
3.427589429794689,4.032693012823619,3.206681041378668,5.558732705190943,2.6879567632585815,6.2931181649302985,1.9668411737978706,6.911246895334618,7.994135843502372,7.043433430646748,14.20531769440282,bureau,tourisme_hotellerie,0,0,0,1,0,1,0,0,0,0,0,0,0,1,0,0,0,0,TEE,synthetic_corpus_v2,syn_0ad5d3e0c2d2,synthetic
5.253540535107122,3.0716790045878306,4.76207435274687,1.8683602587154948,3.2704311920013387,3.9094550223019686,6.981699128845824,7.697861761960457,5.144093011171576,3.469857597427998,14.677262420951461,labo,industrie_automatisme,1,0,0,0,1,0,0,1,0,1,0,0,1,1,0,0,1,0,ICMP,synthetic_corpus_v2,syn_1cddb6f672cc,synthetic
8.742230275383692,7.482027552723384,6.626806013279561,2.831350378038886,0.9011468484688439,4.273505569167078,4.086270482359537,3.920493080583079,1.9577256162334753,5.1606621839094275,12.54103998639198,bureau,recherche_appliquee,0,0,0,1,0,0,0,0,1,1,0,1,1,0,0,0,1,1,ESIIA,synthetic_corpus_v2,syn_a457ee639554,synthetic
5.440165230369775,3.2309428376600184,5.034164988488973,4.084706683048353,1.4228156199183783,9.448946225420839,4.322040421730277,2.593056572554055,9.161994121723817,9.35303521144604,16.207354767662352,startup,gestion_projet_si,0,1,0,0,1,1,1,1,0,1,0,0,1,0,1,0,1,0,EMP,synthetic_corpus_v2,syn_bfc2505d5f01,synthetic
6.751933554328828,8.553243295126325,5.792544632479272,3.4790956295054682,3.7554819963558868,6.89341063421293,1.2245644906108248,3.8682407329152433,3.821462607078472,5.169664444799354,12.359366405230807,bureau,developpement_logiciel,1,1,0,1,0,1,0,1,0,0,0,1,0,0,0,0,0,0,IGGLIA,synthetic_corpus_v2,syn_a2daf8d036f0,synthetic
4.813651595305532,5.785551537334934,2.640932644578391,7.042985625509981,3.3722471406142422,6.557745713420648,2.496933666954062,3.9532174273895375,4.860099121105015,3.0313512574365706,12.040781630328999,remote,developpement_logiciel,0,1,0,1,1,1,0,1,1,0,1,0,1,0,0,0,0,1,IMTICIA,synthetic_corpus_v2,syn_11244240eb5c,synthetic
7.252240228048288,1.3535032056053322,10.0,3.2547893782830184,0.39149949735617917,8.377039871048291,3.014974052127398,3.692708289498357,7.112573881270665,8.243386545524173,10.916880467045985,remote,finance_compta,1,1,1,0,1,1,0,0,1,1,1,0,0,0,1,0,0,0,FIC,synthetic_corpus_v2,syn_e2f00d72cd49,synthetic
4.8008345520196904,4.28750253645797,6.428248711430351,3.4267480447960357,2.348088444080363,8.394784668534141,3.532482460821661,3.1237979713883943,7.339970845067116,7.769784823784544,12.052660292946284,bureau,gestion_projet_si,0,0,0,0,0,0,0,1,0,1,0,0,0,0,0,0,0,1,EMP,synthetic_corpus_v2,syn_ef72959c2023,synthetic
6.31800070472393,1.6911717124347987,4.241084921431041,7.034995798835829,3.9012082572674016,7.563784844336226,2.1665933786700338,3.0606264726754513,7.810129097734822,7.767107852157345,11.9252817408759,startup,tourisme_hotellerie,0,0,1,1,0,0,0,0,0,0,1,0,0,1,0,0,1,0,TEH,synthetic_corpus_v2,syn_6986a601ba59,synthetic
4.526678392925606,2.8573108559010083,6.699913176019221,3.415550978811823,2.953232702806267,6.573991159604555,0.7789910289723316,1.6181727470275877,6.161367933025692,8.400738585046014,13.955140367244466,remote,gestion_projet_si,0,0,0,0,1,1,0,0,1,0,1,0,0,0,0,0,1,1,EMP,synthetic_corpus_v2,syn_51ff6d5912f0,synthetic
5.967676658874902,0.0,4.130544969728579,6.932598377959639,0.0,5.284057735805539,7.8530310066699665,1.587893085939035,3.9825537509023405,5.260964998260798,11.538716408904767,bureau,genie_civil_archi,0,1,0,0,0,1,0,0,1,0,0,0,1,0,1,0,0,1,GCA,synthetic_corpus_v2,syn_8157eddafcf2,synthetic
5.992836533694674,0.275064246595083,6.185270758569626,2.939769825555479,1.8824094574802743,6.61742009780702,1.9415211235578167,7.643085766808548,4.140717128797026,4.522625536532945,16.36037731709726,terrain,agroalimentaire,0,0,1,1,0,0,1,1,0,0,0,0,1,1,0,1,0,0,IAA,synthetic_corpus_v2,syn_cfb34538525d,synthetic
7.547539722785501,4.8422311516967245,6.115996582657919,4.883880828767652,3.295910274610807,5.58233858964226,6.1316695905333845,8.609659517963728,4.753531467995009,3.0285653416277754,14.3982306429745,labo,recherche_appliquee,1,0,0,0,0,0,1,0,0,0,0,0,1,1,0,1,1,0,PIP,synthetic_corpus_v2,syn_3f85711a4dfb,synthetic
4.694945847934714,3.1231875255740196,6.298046422639342,2.499827552305172,0.0,5.684198835225675,0.7734517906733167,0.942464436352018,6.983711622180797,8.971680509821166,13.371126893340696,bureau,droit_affaires,0,1,1,0,1,1,0,0,1,1,0,1,1,0,0,0,1,0,DTJA,synthetic_corpus_v2,syn_f0f7b0df58b9,synthetic
5.649689629793781,4.728741886526187,4.904729168717672,5.430216849699858,0.3284235528199517,6.806641569370157,3.734207097208454,4.995857526992783,9.326573200978,6.951481681229518,15.414428396316822,terrain,commerce_gestion,0,0,0,1,0,1,0,1,1,1,1,0,1,1,1,0,1,0,TEH,synthetic_corpus_v2,syn_3019580432b4,synthetic
6.094375109017979,2.0129848453312893,5.213306966079086,3.662940896260803,2.003976659261076,4.290827273406375,5.62594681022716,9.487981542130017,7.079708817291875,4.298871946823753,11.186377448535925,labo,agroalimentaire,1,1,1,0,0,0,1,0,0,0,0,0,1,1,0,1,0,0,IAA,synthetic_corpus_v2,syn_0cd570db870d,synthetic
6.001444731809832,4.512465032927814,3.6282123927592256,2.494142021955659,1.5676487483649972,5.870025973689249,4.173016482300567,7.6651010332637775,6.495777152093447,5.671406976872904,12.00696064060763,terrain,agriculture_elevage,1,0,0,1,1,1,0,0,0,0,0,1,0,1,0,0,1,0,AEE,synthetic_corpus_v2,syn_195a16b568aa,synthetic
4.921483120538588,9.935835841575166,7.351866546982096,4.510704408732558,1.689114321728364,7.691670294466206,3.9084110790992765,2.173789220358393,6.116693553697322,4.8608736072348195,16.656813531084733,bureau,gestion_projet_si,0,0,0,1,0,1,1,1,0,0,0,1,0,0,0,0,0,0,IGGLIA,synthetic_corpus_v2,syn_c05ba7934812,synthetic
6.175316713456944,2.8469216619155775,8.419011407178651,0.9538143992096733,0.0,8.19311268152047,1.9618986007213959,2.9511312743759275,6.6819429321486865,9.064959299056772,13.685976221674247,terrain,droit_affaires,0,0,0,1,1,0,0,0,1,1,1,1,1,0,0,1,1,1,DTJA,synthetic_corpus_v2,syn_4991e7651be5,synthetic
5.330812296709938,4.510963092226056,4.685039219831522,2.293866396364153,2.6539967285214083,5.20067593894519,7.48255740857297,7.313402296022557,2.3339893028373675,4.950980034567742,13.38355676236136,labo,chimie_procedes,0,0,0,1,0,0,1,0,0,0,1,0,1,1,1,0,0,0,ICMP,synthetic_corpus_v2,syn_838afb15b8c9,synthetic
3.0466581863246858,1.4390570908652307,6.075038427554956,4.851756572917593,2.3584894823489324,7.681422285673192,3.3587351323120815,1.0565191709730635,6.835196748440266,6.4322084757216835,12.256997085767672,bureau,commerce_gestion,0,0,0,0,0,0,0,0,0,0,1,0,0,0,0,0,1,0,CAA,synthetic_corpus_v2,syn_f89394200ab9,synthetic
5.6010698037567055,3.4885474073333453,6.120370753159392,4.753272832554509,3.0724372798500905,7.8532647872874835,2.5972769855135462,3.716531473525575,5.791667532730118,9.410071029356185,15.716079194303019,remote,finance_compta,0,1,1,0,1,0,0,0,1,1,0,0,0,0,0,1,1,0,FIC,synthetic_corpus_v2,syn_cba94f6a4b5b,synthetic
4.713813261448788,3.5747668540077018,5.103690611412799,4.456975299729195,3.105765409937036,7.387107086019824,2.270554727142505,3.808718625001144,9.065535711417082,4.692578682610731,12.952789178634498,terrain,commerce_gestion,0,1,1,0,0,1,1,1,1,0,1,1,1,0,1,0,1,0,TEH,synthetic_corpus_v2,syn_d97bd0a363bd,synthetic
4.808030807510923,2.9179913810553755,1.2349267110702482,4.598678589975903,1.6927028556373591,5.702384376990366,0.967773654077138,2.827164580841628,8.558971538316888,5.559278777823881,13.86128425090658,startup,commerce_gestion,1,1,1,0,0,1,1,1,1,1,1,0,1,0,0,0,1,0,TEH,synthetic_corpus_v2,syn_e3657efa4810,synthetic
7.9197218028295975,5.579322098035977,6.835455638418404,1.3343274465958759,2.7092300435507686,5.950465378577056,3.3120811667118684,4.713352396656189,4.253911209801803,4.258788809851777,13.566362434194273,bureau,recherche_appliquee,1,1,1,0,0,0,0,1,1,1,1,0,1,1,0,0,1,1,ISAIA,synthetic_corpus_v2,syn_a3ec9d807de2,synthetic
2.807213878154435,2.527174143790655,5.515183582717301,4.1328582416200845,1.5276021316880062,10.0,1.3071760340952103,1.8959935486176345,6.259382003635826,8.515637626068868,15.681721194050471,bureau,droit_affaires,0,0,1,0,0,1,1,0,0,1,0,0,1,0,0,1,0,1,DTJA,synthetic_corpus_v2,syn_77718b689352,synthetic
5.210152391989976,2.894610462958577,3.960569426795372,4.377869643126039,0.7064444310919106,7.063311444716106,0.7389678771975172,0.7964846542561788,6.367081970134994,7.81697141864252,13.124650841733228,bureau,droit_affaires,1,0,0,0,0,0,1,0,1,1,0,0,0,0,1,0,0,1,DTJA,synthetic_corpus_v2,syn_406d95bc8620,synthetic
9.167888534947021,7.38537029719107,8.266923472780897,4.792369258910008,1.5443672545747844,5.787812620362842,5.2404079273461805,4.116251047947744,3.077974425210604,4.253026800673578,14.453262695334521,labo,gestion_projet_si,0,1,0,1,0,0,1,1,0,0,0,1,1,0,0,0,1,0,ISAIA,synthetic_corpus_v2,syn_5acca52f277f,synthetic
7.649445960329786,6.176717259053079,8.131023184639387,3.2986398010956655,7.009723561268996,2.9928367083082827,6.372078253695198,1.5099684563811633,4.644373741863302,1.6721886524390834,12.503191365497157,labo,recherche_appliquee,1,0,0,1,0,1,1,1,0,1,0,0,0,1,1,0,1,1,ESIIA,synthetic_corpus_v2,syn_e478671d5bef,synthetic
5.501364327632169,8.00287313250859,6.229620127463261,2.3699861384211216,3.748642037964211,8.092107639836946,3.4537590800461095,2.883246438925921,4.569383817340527,4.253406076726604,11.73283985063171,remote,genie_civil_archi,1,0,0,0,1,1,0,0,0,0,0,0,1,0,1,0,0,1,IGGLIA,synthetic_corpus_v2,syn_923cb03d874c,synthetic
5.510512905208264,4.116534758904491,6.142942000529547,2.6752415941508105,2.3749608299882756,5.6532502064438725,4.825528181837367,6.396983570352846,6.796924502470902,4.3572028968927246,12.30477243770812,atelier,agroalimentaire,0,0,1,0,1,1,1,1,0,0,1,1,1,1,0,1,1,1,IAA,synthetic_corpus_v2,syn_d5317a56b22a,synthetic
9.175633782213591,3.4180948296942604,5.123297277909421,6.287889794777804,4.22466200288892,4.159082434495143,5.9805723943045095,3.7859097449041794,3.275833760963144,2.656908806820347,14.897394901720606,chantier,recherche_appliquee,1,0,0,0,1,1,0,0,0,1,0,0,1,1,1,0,0,1,GCA,synthetic_corpus_v2,syn_b44423dd6b43,synthetic
4.559863986324335,3.1305047337671588,2.96203125776188,5.243738259363658,2.138841149300573,7.699288557584755,3.719627132476769,4.197450153008756,7.839612453253007,4.778089707416515,10.712767395488118,bureau,gestion_projet_si,0,1,0,0,1,0,0,0,0,0,1,0,0,0,1,1,1,1,TEH,synthetic_corpus_v2,syn_d125547d1a1a,synthetic
5.066992690209462,1.9244645958985511,4.602851900353921,3.1289117830854387,4.037430948372299,4.199718443209633,8.341627982237863,7.502382985273388,4.335741604352686,7.233232786204685,12.987942240000937,atelier,chimie_procedes,1,0,0,0,1,0,1,0,1,0,0,0,0,1,1,0,0,0,ICMP,synthetic_corpus_v2,syn_0fb2aa449287,synthetic
3.638690623528292,3.0174300464474486,3.3835940123969017,6.042656996994387,4.340358366534027,5.3127625634029165,2.4651889439249235,2.335609701406487,7.49609822568574,5.146388209441056,11.409183252858698,startup,commerce_gestion,0,1,0,0,0,1,0,0,1,0,1,0,0,1,0,1,0,0,TEH,synthetic_corpus_v2,syn_918cb5f8d437,synthetic
9.044619253492842,3.9964682428231098,4.894112430477443,1.884910724766141,5.871078660770764,5.654582627452472,8.188267643864728,5.0708064654723035,2.778479694385064,1.1284311580310993,12.280501773631363,atelier,electronique_embarque,0,1,0,1,0,0,1,1,1,0,0,1,1,1,1,1,0,1,EMII,synthetic_corpus_v2,syn_f73e7c9b6836,synthetic
6.541715895604385,3.631296717595085,3.046773612920399,3.080770243801182,1.1739984865315864,3.266750827531956,4.287329299385153,10.0,5.430465543629895,5.170524852388402,13.91262480778554,atelier,agroalimentaire,1,1,0,0,0,0,1,0,0,0,1,0,1,0,0,1,1,0,IAA,synthetic_corpus_v2,syn_797df1ea7257,synthetic
4.889715508320981,10.0,5.965077590583687,4.144884144952097,3.908322170470464,8.6446804479134,3.6198503800923696,0.6477583071786086,5.379827846850664,5.506812651971943,15.25733002118068,remote,gestion_projet_si,1,1,0,1,0,1,0,1,0,0,1,1,1,0,0,0,0,0,IGGLIA,synthetic_corpus_v2,syn_00b9fb5779a9,synthetic
4.40670741681871,2.8978932221092637,4.959415745626078,2.362456123722491,2.424488478960776,9.164518033519174,1.7050128087547511,4.492908773639741,7.407527282017277,6.794169232194942,14.931170819424258,startup,finance_compta,0,0,0,0,0,1,0,0,0,1,0,0,0,0,0,0,1,0,CAA,synthetic_corpus_v2,syn_96ce44f1661a,synthetic
5.443029776650303,3.1301881333138177,4.307404189022618,6.0395890239129635,2.421268283085742,5.447978379134572,4.279726414988886,8.778020456614128,6.158820019226598,3.6378265433325097,12.671480117826468,atelier,agroalimentaire,1,0,0,0,0,1,1,1,0,1,0,1,0,1,1,1,0,1,IAA,synthetic_corpus_v2,syn_100e542ff579,synthetic
4.1251097034224085,1.2145898947133436,5.320966228731933,4.808517639450126,3.8029272199487996,6.2892987611832885,3.5829248466246337,5.910826279368396,9.237807270485101,5.040280101394019,13.787698563684478,bureau,tourisme_hotellerie,0,1,1,0,0,0,1,0,1,0,0,0,0,0,0,1,1,0,TEE,synthetic_corpus_v2,syn_28f24e9c90f4,synthetic
4.922234401449775,4.298353233688128,3.7280125717849626,0.3489945811183768,2.9385595438664183,3.6628921489248403,5.477769094677195,7.994707889407522,4.171190378887259,4.93677302462631,13.426594266152588,terrain,agriculture_elevage,1,0,1,0,0,1,1,1,1,0,0,1,1,1,0,1,1,0,AEE,synthetic_corpus_v2,syn_e47a025890df,synthetic
5.821665179323173,7.913506956440902,3.241841459406845,3.939600923128707,3.60643018687716,7.286760660506971,5.794200848610211,2.6953344428300836,4.312227478491618,5.598973962631885,16.669295306501592,startup,developpement_logiciel,1,0,1,1,1,1,0,1,0,1,0,0,0,1,1,1,1,0,IGGLIA,synthetic_corpus_v2,syn_deded963db97,synthetic
6.934576484991669,5.127646188922622,3.1410009762581734,1.463685370744263,9.71297996630731,4.453478539396463,8.56070191226971,2.0273781367731756,4.227964242727668,1.195446993781037,11.839392156282932,terrain,industrie_automatisme,0,0,0,1,1,0,1,0,0,0,0,1,0,1,0,0,1,0,EMII,synthetic_corpus_v2,syn_0679633bd4c0,synthetic
6.504893330195256,7.489159328685828,5.1213232164833755,4.944620920735542,4.766998582217331,8.515705343933723,1.6373997625806804,2.276660768146375,4.803976148733714,4.118269292778486,11.011476409635986,startup,developpement_logiciel,0,0,1,1,1,1,1,1,1,0,0,0,0,0,0,0,0,0,TEE,synthetic_corpus_v2,syn_6c8b7ffc55ce,synthetic
7.480658541691009,9.62828933664083,4.55111842269108,4.581765389475539,6.769048232838941,7.625597287567758,4.6081985658978475,4.392084862719914,7.504495379524625,5.294839557554812,15.379550318775829,startup,genie_civil_archi,1,1,0,0,1,1,0,1,0,0,0,1,0,0,0,0,1,1,IGGLIA,synthetic_corpus_v2,syn_411c99a82962,synthetic
6.127925425027679,3.546243728302121,5.41040207927661,4.549847797433807,2.087347900306796,8.165318617277409,3.494873945216051,0.998309768483715,5.2619732295041555,8.704064993895777,10.857017485187672,bureau,finance_compta,1,0,1,0,0,1,0,0,1,0,0,0,0,0,0,1,1,1,FIC,synthetic_corpus_v2,syn_dbe83bbf7351,synthetic
5.045203803654234,1.7028960913203877,4.344739064847079,2.982588097934331,0.5439043704426102,6.407452617911929,1.4344958975137416,0.21359208679272879,6.411719281043781,8.760637460311614,11.728002862925374,bureau,droit_affaires,0,1,0,0,1,0,0,0,1,1,0,0,1,0,0,1,1,0,DTJA,synthetic_corpus_v2,syn_b88826048779,synthetic
6.572590463373557,2.3862024382720177,4.152083787462023,2.095360322185911,5.399540548265841,5.581674755811196,5.239701128346619,5.9666444489103405,3.0828736987275756,3.4469877417558554,12.252756895648197,terrain,agroalimentaire,0,0,0,1,0,0,1,1,0,0,0,1,0,1,0,1,0,1,IAA,synthetic_corpus_v2,syn_29b98e86c596,synthetic
4.388105509029322,5.083143162895134,5.013531365086074,3.6719663656469885,2.798424602246575,6.345883323088158,1.6255815666720062,7.056075959221804,5.74096560841856,5.300695894205598,10.647076960732822,terrain,agriculture_elevage,0,0,0,0,1,0,1,0,0,1,0,0,0,1,0,1,0,0,AEE,synthetic_corpus_v2,syn_47850b2aac60,synthetic
7.837565364441909,2.354465761162481,4.4018588620396075,3.726374434679255,3.8756442858280873,5.820430794402946,5.18661565846323,1.619513735878697,6.595815273295358,8.621686555293023,11.78559249145544,bureau,droit_affaires,1,0,0,0,0,1,0,0,0,1,1,0,1,1,0,0,1,0,DTJA,synthetic_corpus_v2,syn_01e39237a9ad,synthetic
6.927629097915469,3.8340047921597153,3.7859142591778263,2.843276442593324,5.241287335637439,4.522838115702259,5.482239184541565,8.902580663541972,4.449260454517827,1.4226435349509732,14.242937551469963,atelier,agroalimentaire,1,1,0,0,1,0,0,1,1,0,1,0,0,1,1,1,0,1,IAA,synthetic_corpus_v2,syn_d76beaa3c9e5,synthetic
6.968771340878248,8.509528722465635,8.816883112066776,5.413513225153784,4.836661123964957,9.933369290366972,3.8405211095189764,2.3805924867419455,4.243771344317087,5.393379989205386,9.344816072713837,startup,gestion_projet_si,0,1,1,0,0,1,0,1,1,1,0,1,0,0,0,0,0,1,IGGLIA,synthetic_corpus_v2,syn_ecf153495312,synthetic
6.864638663404806,6.5724368787818275,2.9370221827151655,6.568982278192321,4.9629442499784755,6.111587042140019,3.247742797757157,3.038813735411452,6.19232270985846,4.019826683741136,11.941117372164317,bureau,developpement_logiciel,0,1,1,0,1,1,0,1,1,0,1,1,0,0,0,0,1,1,IMTICIA,synthetic_corpus_v2,syn_e7195a12f1b6,synthetic
4.588419911493974,3.5283552656979746,4.782384756097828,2.5003626031541444,0.0,10.0,2.507378497970774,3.8278832650660917,7.244230888395187,9.327718901810309,12.153782777045786,remote,commerce_gestion,1,0,1,0,0,1,1,0,1,0,0,0,1,0,1,0,0,1,EMP,synthetic_corpus_v2,syn_f5a6a3838e8f,synthetic
3.8774734740146855,1.358478372097485,3.245179634844159,3.2381977397116017,3.717452927277794,5.631208286529416,6.266813150608784,7.507278345489714,5.290465755032344,3.135756037029417,12.842111181509859,remote,agriculture_elevage,1,1,0,0,0,1,1,0,1,1,0,1,1,0,0,1,0,1,AEE,synthetic_corpus_v2,syn_857b91652de9,synthetic
9.594578147061782,6.849971872000285,5.383143724645007,2.9898468360820973,2.658078703279905,6.228201064060024,2.8520094068971122,3.680839902561003,2.217616533319376,6.51296909906533,15.132597100054465,startup,developpement_logiciel,1,1,0,0,1,1,0,0,1,0,1,0,0,1,0,1,0,1,IGGLIA,synthetic_corpus_v2,syn_f7c69b3dd08e,synthetic
6.180162852547999,4.000947692495776,3.907583857207588,6.73784452942898,2.2016433119980046,6.260594484002415,9.147338852622866,1.7407334732594941,5.129999003881746,5.735525869054981,11.577731931787909,terrain,genie_civil_archi,0,0,1,1,1,0,0,0,1,0,1,1,0,0,1,0,0,1,GCA,synthetic_corpus_v2,syn_1d0c6f2e32ba,synthetic
9.169541822360172,3.011690462929166,6.579708192548013,2.6170960754608537,1.9033879995888496,8.521711723432738,1.941769835609922,3.8672242352578046,6.717379055087783,8.270921667250938,12.500648064755355,remote,finance_compta,0,0,1,0,0,1,0,1,0,0,0,0,0,0,0,0,0,0,FIC,synthetic_corpus_v2,syn_53298834cffc,synthetic
5.138925455442682,10.0,3.910569158029424,5.340789776518662,0.7948685337453201,7.329320143711913,2.062850200350854,1.7146543388860098,6.672185346643889,4.583638865523977,11.843176804397114,labo,gestion_projet_si,0,1,0,1,0,1,0,0,1,0,1,0,0,0,1,0,1,1,IGGLIA,synthetic_corpus_v2,syn_fab26c112e6d,synthetic
6.463434059977702,5.477475364141375,6.19117772176944,1.3636866844931788,7.440098776435143,2.443353713282637,8.007493347590293,3.315323236755268,2.103549903888461,2.4662285438406775,13.435779189900162,labo,electronique_embarque,0,0,0,0,0,1,0,1,1,0,1,1,0,0,1,0,1,0,EMII,synthetic_corpus_v2,syn_eca7ffa97a5c,synthetic
4.279597631849024,3.563645651766167,6.588397857401999,4.184957560907705,3.3326784207704154,6.083891634904468,7.640079677105419,8.637322741088898,5.536966040337612,5.03095289882558,12.707061069607292,bureau,recherche_appliquee,1,1,0,0,0,1,1,1,0,0,0,1,1,1,0,1,0,1,PIP,synthetic_corpus_v2,syn_d53b0ef9690d,synthetic
8.104096937252331,4.655860239315436,7.199034598407135,3.0921119762835367,1.1252395811489728,7.379514260428469,2.763740315355516,2.445837281598709,7.4197010111888675,7.954492247501614,12.908903308574796,remote,finance_compta,0,0,1,1,1,1,1,1,1,0,0,0,0,1,0,0,1,0,FIC,synthetic_corpus_v2,syn_c3e627d9405a,synthetic
6.11497549795903,7.029505590806351,7.001577483066693,9.494080441505435,2.5231164284573784,5.847305887421278,3.506565572829231,3.895549955481399,7.58624395243141,3.305629642087501,10.67671838228867,startup,developpement_logiciel,0,1,1,0,0,0,1,0,1,0,1,0,1,0,0,0,0,1,IMTICIA,synthetic_corpus_v2,syn_6ae210e74082,synthetic
7.645243501695935,3.6458836148028175,2.7120744965948886,2.786357876903275,3.980115708079258,4.019869981007988,4.06814430946586,8.034541136350642,5.184046710866944,1.655610286003111,13.439165326336305,labo,agriculture_elevage,1,1,0,0,0,1,0,1,1,0,1,0,1,0,0,1,0,0,AEE,synthetic_corpus_v2,syn_b25287194445,synthetic
9.736010290918815,5.546563837985965,7.72127781235648,1.1044915568631541,1.806118277031522,5.074581310122039,3.15832450756086,1.6309189653827225,4.560505871464584,6.111530452034067,13.91597624125148,remote,recherche_appliquee,1,0,0,0,0,0,0,1,1,0,0,0,1,0,0,0,0,0,ISAIA,synthetic_corpus_v2,syn_b52ef00225e1,synthetic
5.796965011400803,2.8097306080599393,2.920617636686048,3.346367936540076,3.170214494478083,3.0834782423593037,6.255739226842552,7.017044436514173,3.1341142582933106,3.7423463742325924,13.302048186174952,labo,agriculture_elevage,1,1,1,0,1,0,1,0,0,0,0,0,0,0,0,0,0,0,ESIIA,synthetic_corpus_v2,syn_1ba7767551d2,synthetic
9.2441109344317,5.940619703097376,8.921592990078535,3.8786334524708748,2.6365707929757285,4.513170722690698,3.1972082383660716,4.298764426834459,4.137082066417905,4.894677005352809,13.765167298016994,chantier,data_science,0,1,0,1,0,0,0,1,0,0,1,0,0,1,0,1,1,1,ISAIA,synthetic_corpus_v2,syn_b047f455bd4f,synthetic
8.414109440710318,5.028322456649246,6.357042833727151,4.827927845208384,3.0302391852115975,7.052830652643287,2.4524174680455757,4.296129146817655,7.36440701399433,7.923692407318844,15.263136700346225,bureau,multimedia_ux,0,1,0,1,0,0,0,1,0,0,1,0,0,1,0,0,0,1,EMP,synthetic_corpus_v2,syn_12c0897c9ca8,synthetic
8.035972728615313,6.855023833894748,5.56467640729048,1.0329865073410247,6.963321105580643,5.360319745483291,9.325953896958838,3.331117430494258,1.3580712973169295,4.437658633264725,15.064390584742132,atelier,electronique_embarque,0,0,1,0,1,0,0,0,0,0,0,1,0,1,0,0,0,1,EMII,synthetic_corpus_v2,syn_fb24e9e48c13,synthetic
4.6478378673361584,6.558207251605309,2.7482843784756,7.38665057881112,2.4762258574968774,6.769942482120902,3.314244346188721,3.7258794351717874,5.853082635773127,3.5011866720500486,13.248613876185697,remote,multimedia_ux,1,0,0,1,1,0,0,0,1,0,0,0,1,0,0,0,1,0,IMTICIA,synthetic_corpus_v2,syn_4f180f970785,synthetic
6.9042848701859425,4.493438616797362,5.726165525701361,1.0343395631692927,4.996757637733165,4.312321272480058,2.7927679072592086,7.08044854519494,6.3532225054989615,1.599920530491089,16.023836820928047,labo,pharmacie,0,0,0,0,1,1,1,0,1,0,0,1,0,0,1,1,0,0,AEE,synthetic_corpus_v2,syn_7e573bb34d96,synthetic
5.719111515884233,7.3503723007520305,3.6480575319931203,2.426353581234918,8.445138262385665,3.8233837517930755,5.350580219139205,1.3388745443963237,3.9729896166243304,2.267175947476076,14.689386772564019,bureau,recherche_appliquee,0,1,1,0,0,0,1,0,0,1,0,1,0,1,0,1,1,0,FIC,synthetic_corpus_v2,syn_decfdde2109c,synthetic
7.1648414957616025,10.0,4.886007518615014,2.530395314493392,3.7325588341901357,7.922600203666173,4.545931195270711,1.8539479072213296,3.503871754736915,3.160434976253259,11.44875970668313,bureau,tourisme_hotellerie,1,1,0,0,0,1,0,0,0,0,0,0,1,1,0,1,1,0,IGGLIA,synthetic_corpus_v2,syn_4af72f7d04c2,synthetic
7.552400143245104,7.300212275326526,10.0,5.007100230296453,1.0244026567030056,6.4272885708680185,6.224426627817204,0.9648608551096185,5.799240668204524,4.770259938083455,13.509293435603256,bureau,recherche_appliquee,0,1,1,0,0,0,1,1,1,0,0,1,1,0,0,1,0,0,ISAIA,synthetic_corpus_v2,syn_ae6bcb0e0226,synthetic
4.595060942344464,2.352743384126641,5.629110096143846,3.357357801531521,0.8344258113545263,7.176673910456146,4.457006132118373,2.7466002678099173,7.532098142760976,8.946633067835213,13.695068101188525,bureau,droit_affaires,0,0,1,1,1,1,0,0,0,1,1,0,0,1,1,0,1,1,DTJA,synthetic_corpus_v2,syn_2b650cb90709,synthetic
6.678112757578052,3.002709476046719,6.837483685473357,1.446802118019584,2.4477782731579234,4.681299041278089,5.429709255689198,9.918895678121014,3.320373673167682,7.46659768068519,12.005865554967315,atelier,agroalimentaire,0,1,0,0,0,0,1,0,1,1,1,0,0,0,0,1,1,0,IAA,synthetic_corpus_v2,syn_e1c9d55c8611,synthetic
4.864177478546508,1.0850120571664486,5.773448644695225,6.153369007328283,3.157401632838201,6.158023883468762,5.618517870325462,6.398269469282257,9.016454824608411,6.91031405571322,12.047169811913205,bureau,tourisme_hotellerie,0,0,0,0,1,1,0,1,0,1,1,0,0,1,1,1,1,0,TEH,synthetic_corpus_v2,syn_042800c415e7,synthetic
8.227173285938242,4.257778547096102,8.18039208356683,2.509333782694871,0.44911673817455533,4.8719820473929145,4.238836790859372,4.224913611370377,3.1328274524928137,4.606231229426214,15.692136998075638,labo,data_science,1,1,1,0,1,0,0,0,0,1,0,0,1,0,0,0,0,0,ISAIA,synthetic_corpus_v2,syn_83929459c81c,synthetic
6.454334869645085,7.020992974798119,3.8624158446719212,3.153599113143088,7.9936569923626655,2.5597484124782826,8.744379100312088,3.4198773410242627,5.3680203847663215,1.8485959327201933,11.774467228800281,atelier,electronique_embarque,0,0,0,1,0,1,0,1,0,0,1,1,0,1,0,0,0,0,EMII,synthetic_corpus_v2,syn_9f1f20e40dd4,synthetic
6.889463503497485,7.0258749180154325,4.295806231717614,2.3529894528065913,6.830249801741415,0.5406647644163738,7.05110562994192,2.65274295736467,2.6855029754382014,4.6534465739413164,11.429949738405435,bureau,chimie_procedes,0,0,1,1,1,0,1,1,0,0,1,1,0,1,1,1,0,0,TEH,synthetic_corpus_v2,syn_e8c14cf8e1fb,synthetic
3.7301828301846798,3.2017951247365684,5.030908940046048,5.203221985324506,0.8972846847188871,7.528227822281793,0.8266068123280685,1.819918652588811,7.306501565781143,5.842587868070947,11.835631235400912,bureau,commerce_gestion,1,1,0,0,1,1,0,0,0,1,1,1,1,0,0,1,1,0,CAA,synthetic_corpus_v2,syn_5d1bd7513e52,synthetic
1.7211143642472448,5.207437330042563,3.5033813077651277,6.282031032414487,1.502567313288068,6.474705563124874,2.7155977020429463,2.5058575958830764,5.523744823800503,6.891628083531619,13.318553835500557,terrain,tourisme_hotellerie,0,1,0,0,0,1,1,0,1,1,1,0,0,0,0,0,1,0,TEH,synthetic_corpus_v2,syn_12526938c629,synthetic
7.473574288014614,2.3120738477754563,7.476127702517169,2.7857009871086085,3.037385483955346,6.830214827731184,3.8802438545095974,4.311983658547824,6.139294440620294,8.984408812026162,14.675838858823646,bureau,finance_compta,0,1,1,0,1,1,1,0,0,0,0,1,1,0,1,0,1,1,FIC,synthetic_corpus_v2,syn_49b29fc6c1b9,synthetic
5.938917721326545,2.758901465744823,5.832332568214907,3.3425302071847494,0.0,5.965368099101525,3.384916499642829,1.704651437975881,6.221450713604823,7.3304304203146415,11.630426346602237,startup,commerce_gestion,0,0,0,0,0,1,0,0,0,1,0,0,0,1,0,0,1,0,EMP,synthetic_corpus_v2,syn_391140fe130a,synthetic
7.326063568847068,5.520791531258518,3.3612937098216786,3.1824388736883935,5.795512222991662,4.394040109149663,9.496296595553066,2.561480661613496,4.532372588881946,0.6277622657153472,9.914372804630542,terrain,electronique_embarque,1,1,0,1,0,0,0,0,1,1,0,1,0,1,0,0,0,0,EMII,synthetic_corpus_v2,syn_33aec965de94,synthetic
5.90946278931166,2.612423858285017,4.950895700484027,0.7326375082768024,3.3896250070728753,5.514174486498416,6.288266575725853,9.039304560257493,6.130590872345131,2.1375849903800344,16.727422387869524,bureau,pharmacie,0,0,0,0,0,0,1,0,0,0,1,0,0,0,0,0,0,1,PIP,synthetic_corpus_v2,syn_4576f73ae2af,synthetic
7.4417646271859335,4.790543363770271,4.548577781004475,7.614307907557061,2.6374258758752687,6.913462436650791,8.565161814539277,2.064214654840148,5.2429795222904,4.0325180750902065,12.696238476806327,terrain,genie_civil_archi,0,0,0,0,1,0,1,1,0,0,0,0,0,0,1,0,0,0,GCA,synthetic_corpus_v2,syn_d8ce4700d79e,synthetic
6.722840549059881,5.1109773633414495,3.1903271484346245,2.3103588538098894,8.362147314506103,4.114513464781424,4.757633356443965,0.39575202183375646,5.355466624716691,2.772470227764962,12.996349547389714,labo,electronique_embarque,1,1,0,1,0,0,0,1,0,0,1,1,0,0,0,1,0,0,ESIIA,synthetic_corpus_v2,syn_01a1cd0319f5,synthetic
8.472698986573963,5.732232196795847,6.781981554998967,1.240807819950951,5.4151178322382005,4.683639275583109,9.292170621828364,0.0,3.995877246577088,2.7834122896340343,14.116237282764985,labo,electronique_embarque,0,0,0,1,0,0,0,0,1,0,0,1,0,1,0,0,1,1,EMII,synthetic_corpus_v2,syn_8fb22327e0a8,synthetic
6.284214951864825,10.0,5.385619069197569,4.476249434234238,5.479225395092176,8.677036285663927,5.086063520266972,1.4205526038204839,5.973809738625132,5.203510509168765,12.381331628334834,atelier,gestion_projet_si,0,1,1,0,0,1,0,0,0,0,1,1,1,1,0,0,0,1,IGGLIA,synthetic_corpus_v2,syn_6c63064e434d,synthetic
7.386493599511333,6.046990441702956,4.232616947407086,8.091675482308966,2.266401152343245,4.395087384927464,3.6082285340303097,4.853729724070673,7.860098267874376,4.4470123938883654,8.889332123047039,startup,developpement_logiciel,1,1,1,0,1,0,0,0,1,0,1,0,0,0,1,0,1,1,IMTICIA,synthetic_corpus_v2,syn_2bd1cbcb4442,synthetic
8.025713910489099,9.127511881412099,6.217169417175188,5.988330248999551,4.413388382776134,6.539689040735401,5.01997028228911,2.3515344521925856,4.539939610323337,5.12825651290835,14.953301801483809,remote,gestion_projet_si,1,1,1,0,1,1,1,1,0,1,0,0,1,1,0,0,1,0,IGGLIA,synthetic_corpus_v2,syn_555df4437964,synthetic
6.114575903149815,3.5304169112489308,6.591386696605235,3.0199058078456424,2.9195915534611507,4.604800770313683,6.903239398167812,7.078961878921502,3.9815001690163503,4.416454305607496,11.920110372276344,atelier,industrie_automatisme,1,0,0,0,0,0,1,0,0,0,0,0,0,1,0,1,0,0,ICMP,synthetic_corpus_v2,syn_609cbf4dc1fe,synthetic
6.21387197116625,3.4814198947595543,3.603170493281197,3.538046112384366,2.9882671524177473,9.698290623303167,2.0045968392810716,3.02616253426789,7.786922463757154,9.022947175062406,14.337155822993685,bureau,commerce_gestion,1,0,1,1,0,0,0,0,1,1,0,0,1,0,0,0,1,1,EMP,synthetic_corpus_v2,syn_5de33c0159f4,synthetic
7.716087979899403,7.105579608395415,10.0,4.037854580735468,1.4569083346672578,4.973330152847947,6.147310578508476,2.6269191577378264,4.668567006210523,4.788671524798874,11.681205561249515,labo,recherche_appliquee,1,0,0,0,0,0,1,0,1,0,1,0,0,0,1,1,0,0,ISAIA,synthetic_corpus_v2,syn_7ebff949a7ef,synthetic
6.759473409457008,2.7558783474325734,5.996613401096666,3.5157229593923427,5.69498725228942,6.8134365108592,7.415526424286278,7.154094905348107,1.7173155195529848,2.3745782979823344,13.312842652499345,atelier,industrie_automatisme,0,0,0,0,1,0,1,0,0,1,1,0,1,1,1,0,0,0,ICMP,synthetic_corpus_v2,syn_c449ebb69cb0,synthetic
4.1811440747103745,4.423552253129607,4.113897456990553,4.4355118575093115,0.6404365481004262,7.528362827316405,2.9891863722869862,6.106276414055956,9.762255286083409,7.464977353732775,12.876997870746216,bureau,tourisme_hotellerie,1,1,0,0,0,1,0,1,0,0,1,0,0,0,1,0,1,0,TEE,synthetic_corpus_v2,syn_addfff32ccf1,synthetic
4.625673270122991,4.348251449355329,3.211352116461337,1.2062817963707717,1.1668669273772678,8.435010741215747,0.6965513946498982,0.23617038454669537,5.9353892145465394,9.883133141029974,10.828592912078598,bureau,droit_affaires,0,0,0,0,0,1,1,1,1,1,1,0,0,0,1,0,0,1,DTJA,synthetic_corpus_v2,syn_4c6e7cdb6aa1,synthetic
7.15301819879879,3.6527098348472653,5.1301677453720504,5.764913313229117,0.07990850521184112,9.010214150159902,1.6403440740062138,1.9768144778737906,6.420397249556792,6.843410848253111,10.02112972546498,startup,multimedia_ux,1,1,0,0,1,0,0,0,1,1,0,0,1,1,1,0,0,1,CAA,synthetic_corpus_v2,syn_23d0476d39e6,synthetic
10.0,6.407168641871465,7.467947690779589,3.5768929271752596,2.5748770007097233,6.0672714375174674,4.34543347220771,1.1066460622656673,5.817522585269268,5.660208647461081,16.242543055351806,labo,agroalimentaire,1,0,1,0,0,0,0,0,0,1,1,1,1,0,1,1,1,0,ISAIA,synthetic_corpus_v2,syn_7bde1877c0dc,synthetic
6.2531625897104774,3.5090642461997805,5.807184734806206,2.789600116634487,2.6486536205622593,5.681845474487806,7.57341715775534,6.556795479412639,6.476642691179661,3.5239154280879403,14.355035815741436,bureau,recherche_appliquee,0,0,1,1,0,0,1,1,1,0,1,1,1,0,1,1,1,1,PIP,synthetic_corpus_v2,syn_fc229641bf34,synthetic
5.314348145853087,6.763484096196247,3.3160904196965584,8.686843276286956,4.10129401427033,6.144354063010075,3.493775897888928,4.471219081244685,6.201349354846539,2.4897091148652475,11.241887231805654,remote,multimedia_ux,1,1,1,0,1,0,0,1,0,0,1,1,0,0,0,0,0,1,IMTICIA,synthetic_corpus_v2,syn_0b0142df04a4,synthetic
9.001157936841777,4.908446407151041,10.0,3.250567437679067,3.840535750092332,5.743653309965744,5.946280936758312,2.4744355814229317,4.62729872073451,2.818326607771203,14.154722327584752,labo,finance_compta,1,0,1,1,0,0,0,1,1,1,1,1,0,0,0,0,0,1,ISAIA,synthetic_corpus_v2,syn_c7c9988a702d,synthetic
8.218532768648917,3.426742741485948,7.836988537749447,1.898278598481698,3.807130043032676,2.982848852820866,6.314018512159331,6.937072980243509,3.5437485961901727,1.9608514199281342,14.378198001586703,labo,recherche_appliquee,1,0,1,0,0,0,1,0,0,0,0,0,1,0,0,1,0,0,PIP,synthetic_corpus_v2,syn_2d43f932d0fb,synthetic
6.926998852796369,3.3347856027679006,4.298979890467573,7.86881819756395,1.6851441326432652,4.541352570578756,7.740131996014793,1.7218091715421069,4.691176135962325,3.1313520466528737,10.893576993473872,chantier,genie_civil_archi,0,0,1,1,1,1,1,1,0,0,0,0,1,0,0,0,0,1,GCA,synthetic_corpus_v2,syn_fc657659153b,synthetic
5.61707942600088,2.417622190646904,3.794355933469151,2.2894608666064293,1.7998512647764535,5.030651192496206,2.027311083758887,5.419616821925397,6.195363905133494,9.18820272914916,13.56675368569344,bureau,droit_affaires,0,0,0,1,0,0,0,1,1,0,0,1,0,0,0,0,0,1,DTJA,synthetic_corpus_v2,syn_4008feb14314,synthetic
4.928717121001825,3.243381263073548,5.856390016348504,4.8988559665491405,2.222039266204297,7.78072941461246,0.8835253529429077,0.6636869073905258,6.887573757124165,8.95183864462283,11.664669333180756,startup,gestion_projet_si,1,0,0,0,0,0,0,1,0,0,0,0,0,0,0,1,0,0,EMP,synthetic_corpus_v2,syn_77f5c8126492,synthetic
7.3404890817318975,4.163618218934748,6.29166779182985,2.169703439150151,2.5297629680771614,4.912295174256987,2.5025013646085106,4.461313485534761,2.8843688233653464,9.48744984000659,14.316633671652433,remote,finance_compta,1,0,0,0,1,0,0,0,0,0,0,1,0,1,0,0,1,0,FIC,synthetic_corpus_v2,syn_8f1670868c9e,synthetic
9.427572354119127,6.652737024156815,9.992792201431158,2.229110513784124,3.868249224578748,4.12188893443398,4.747796196408034,2.9554567995925156,6.78074160356265,5.036872434600069,13.529008529896275,remote,recherche_appliquee,1,0,0,0,1,0,1,0,0,0,1,0,0,1,1,0,0,0,ISAIA,synthetic_corpus_v2,syn_462ee8ab94b9,synthetic
5.803146627679235,4.097147262597465,3.641257744720304,9.401250520540524,2.5197928132421805,7.228425611629784,5.229508816368639,1.791705800699372,4.760996795499926,3.0665811807847376,11.871624122197831,remote,developpement_logiciel,0,0,0,0,1,1,0,0,0,1,1,1,1,0,0,0,0,0,IMTICIA,synthetic_corpus_v2,syn_17a7d575b6dd,synthetic
8.900499779746813,5.691043050278816,7.741590552482488,2.4831259276167033,1.6966590518951135,3.9321574344483685,5.2184724062237695,5.164003818567849,6.738192323783269,5.324504313833242,13.261585950214025,bureau,data_science,1,1,1,0,1,1,1,1,0,0,0,0,1,0,1,0,0,0,ISAIA,synthetic_corpus_v2,syn_2cdf63636a3a,synthetic
6.659849113419796,5.5928732669629895,6.243532780443676,4.216064210968484,8.823341931618037,3.230017070176255,6.740102364880051,2.5527121008422804,3.4514363711204554,2.993014255059506,13.837121644275442,labo,droit_affaires,1,1,0,1,1,0,1,0,1,0,0,0,1,0,1,1,1,0,ESIIA,synthetic_corpus_v2,syn_aaaabd655a23,synthetic
6.0770745427988,4.3176196937296485,7.302118084813063,3.516632919195767,4.378214656344326,5.0463375252075835,6.6557017097367455,9.174146730158952,5.57593825186186,2.0338656879402564,15.083205898958857,labo,recherche_appliquee,1,0,0,0,0,0,1,0,1,1,1,0,0,0,1,0,0,1,PIP,synthetic_corpus_v2,syn_2dece80fd8e9,synthetic
6.962641578600684,7.2268957679035095,7.030776139314236,3.4823610010353168,1.4165479427134222,5.9977783446319854,1.5796209274558568,2.634649193054519,5.628367713814028,5.232034325970633,13.303831444087445,atelier,data_science,1,0,1,0,0,0,1,1,0,0,1,0,1,1,0,0,0,0,ISAIA,synthetic_corpus_v2,syn_5d9839c1b394,synthetic
7.122258961602894,3.5860390939336892,5.54590626776049,3.595258495286826,2.9843076360608043,6.901111935339179,2.333587085482085,3.1478602459896083,8.689857833515067,7.426474187014893,13.949871578505475,startup,commerce_gestion,0,1,0,1,1,1,1,1,1,1,0,0,1,0,1,0,1,1,CAA,synthetic_corpus_v2,syn_0146f172e3e1,synthetic
7.540282909879351,1.7257766172746412,6.03503289540485,3.2582906565049234,3.4489517199343926,5.463149364814394,4.1391198715775985,9.033836436898603,5.122607156908223,2.5394367881444455,10.992228176931242,labo,agroalimentaire,0,0,0,0,0,0,1,0,0,1,0,0,0,1,0,1,0,0,IAA,synthetic_corpus_v2,syn_227069a62be7,synthetic
5.175064262702351,2.165075540895663,4.6209189307328264,4.768823256940408,2.8923087806491115,6.981043131275187,4.7877062929020004,9.92756442794451,4.988869866394041,4.165479731849119,10.846347777266253,labo,agroalimentaire,0,0,0,1,0,1,1,1,0,0,1,0,0,0,1,1,0,0,IAA,synthetic_corpus_v2,syn_a38ee4027bbc,synthetic
4.09143819694472,1.33702544408261,5.964455166789939,2.6769745510107517,3.1319600678321207,5.668684035687901,6.232987036053615,6.804368021409437,3.0599376698808025,5.787942524869589,13.352652601858244,atelier,chimie_procedes,0,0,1,1,0,0,1,0,1,1,0,1,1,0,1,1,0,0,ICMP,synthetic_corpus_v2,syn_60de934e97e7,synthetic
6.807820889645519,6.201290171700089,3.4923028776898755,3.7566654373461774,2.0356364891538785,5.157555066292602,7.547776278943612,4.22229079023404,5.678620560210081,3.6179306597951886,10.476658130778427,bureau,genie_civil_archi,1,1,0,0,1,1,1,1,1,0,0,0,1,0,1,0,0,0,GCA,synthetic_corpus_v2,syn_80c3a2d1b4cf,synthetic
5.15257990206327,2.5645696645600293,5.21264172118246,7.04095776561438,2.035876406709649,6.568602589240577,3.45262067840594,4.684224343461098,7.116051087530616,5.783276570133054,12.119660561866986,terrain,commerce_gestion,0,1,0,0,1,0,0,0,1,1,1,0,0,0,0,1,1,1,TEH,synthetic_corpus_v2,syn_ee56eec71ff2,synthetic
8.588695262401819,3.899934728565794,6.324200976087956,2.7258898916431384,2.923651917244665,10.0,1.1744696669946186,3.836931450121577,5.624665995099203,6.550927802750891,10.766647928308934,bureau,finance_compta,1,1,1,0,0,1,1,1,1,1,1,0,0,0,0,0,0,0,FIC,synthetic_corpus_v2,syn_fd1870659803,synthetic
7.463688408311611,3.6409925853301335,2.7660565598546185,2.179601437697994,3.9091691827064885,3.623410497310427,4.0964801689964965,10.0,4.102699336553903,4.799232545698831,15.250700497384152,terrain,agroalimentaire,0,1,1,1,1,0,0,1,0,1,0,0,1,1,0,0,0,0,IAA,synthetic_corpus_v2,syn_bef8f623c03c,synthetic
5.491127716834484,2.9800074286912768,6.715768862080206,2.4971520645243825,2.1997318871297757,5.134402136243323,5.106314833680155,10.0,4.734409095650169,2.1617409687336595,16.130894412084423,labo,pharmacie,0,0,1,1,0,1,1,0,1,0,0,1,0,1,0,0,1,1,PIP,synthetic_corpus_v2,syn_a578c5a46b6e,synthetic
5.373630370877987,2.18603160846048,4.325642156192716,3.7685883960323725,3.1629556183044647,6.963733693804502,5.302205978188321,7.688468252666988,4.726154341781763,1.686427444236604,9.532244189292715,terrain,agroalimentaire,1,1,0,1,0,0,1,0,0,1,1,0,1,0,0,1,0,0,IAA,synthetic_corpus_v2,syn_acaa6f9bc1f3,synthetic
6.908011782656034,6.338347958002997,4.73097597086033,2.9756229400757093,8.911811285954425,4.261564356386435,8.852255494256271,1.8439725117715147,4.285751072879644,5.935322491555892,12.938569559488897,labo,electronique_embarque,1,0,0,1,0,1,0,1,1,0,0,1,1,0,0,0,0,0,ESIIA,synthetic_corpus_v2,syn_bc83a7ac3b53,synthetic
6.35438058500937,2.86705028839649,3.6023377933782106,6.347644385025953,3.3871526391761817,7.862726337275402,2.1867714214367546,0.12276300118412209,7.568080796427213,6.356913565624651,13.499548154018045,remote,chimie_procedes,0,1,0,0,0,1,1,0,0,1,0,1,0,0,0,0,1,1,CAA,synthetic_corpus_v2,syn_c5ff870382bf,synthetic
6.55344824940325,6.2145266260798415,5.9625617066168894,5.898142480434554,3.5347127529393103,8.684350349376627,2.8938516099242793,3.1788988724564526,3.606492936896196,4.704201171575935,13.14205857675733,remote,gestion_projet_si,1,1,1,0,0,1,0,0,0,1,1,0,1,1,1,0,0,1,IGGLIA,synthetic_corpus_v2,syn_e119392245f3,synthetic
5.777732642058091,2.297098169514066,6.381406148462893,4.049373031448418,1.13859770180478,9.263696263716318,4.140961420752877,2.842115789072654,7.474957022302431,6.866487645604973,12.662720143126045,remote,finance_compta,1,1,1,1,0,0,1,1,0,1,0,0,1,0,0,1,1,0,FIC,synthetic_corpus_v2,syn_50455eeb5dc1,synthetic
2.2186996208164698,4.277730308668664,4.052619335041635,4.640386964268425,2.062671271693648,6.123316214393816,2.621792644809537,7.925564264546066,9.273687674686272,5.941004413756785,11.47998556204777,terrain,gestion_projet_si,0,0,0,0,0,0,0,0,0,0,1,1,1,1,0,1,1,1,TEE,synthetic_corpus_v2,syn_8d45200b96b8,synthetic
10.0,4.159441220754538,3.940664680927582,6.5818593457328465,2.1780426978216854,4.343703180249712,8.087954952231778,2.605294841183335,3.3804388412813675,3.7343074143757056,11.028077833046341,chantier,genie_civil_archi,0,0,0,1,1,0,1,1,0,1,1,0,1,0,1,1,0,0,GCA,synthetic_corpus_v2,syn_e914cbd7f5aa,synthetic
8.193823563271728,3.9429409908732156,3.7930323915873356,5.184744402234481,4.767369298621265,3.0029045230260283,7.250938106947266,7.235618998207408,4.007712698534184,2.067540215745529,13.081489749579628,terrain,chimie_procedes,0,0,0,0,1,0,1,1,0,0,0,0,0,0,1,1,1,1,ICMP,synthetic_corpus_v2,syn_32a36c6bd5c3,synthetic
8.01755669475255,8.561842382896948,5.8498447049033455,3.6166783607607504,3.799493547049589,8.17386939543219,3.0150200662088715,0.8440344120628283,6.0855344174854755,6.168178752405268,11.374366623016979,bureau,developpement_logiciel,1,1,0,0,1,1,0,1,1,0,0,0,0,0,1,0,0,1,IGGLIA,synthetic_corpus_v2,syn_2e0763bc660c,synthetic
3.6622325306240873,4.123391442891512,3.5321801891310876,5.590275780850028,0.7784654794159547,6.043332187466053,1.5905039088284836,6.431226773164219,8.962490246586132,6.327649354262119,11.273159212375038,terrain,tourisme_hotellerie,0,0,0,1,0,0,0,1,1,1,1,1,0,0,0,1,0,0,TEE,synthetic_corpus_v2,syn_3472be09dea8,synthetic
8.48361250271045,9.628793368411191,5.383432194680683,4.111633527897643,5.151613298491506,6.7985347817868576,2.341282165356427,2.7722766967667014,4.9966868381609775,5.586206681663916,14.741666017677137,remote,developpement_logiciel,1,0,0,0,1,1,0,1,0,0,0,0,1,1,1,1,0,0,IGGLIA,synthetic_corpus_v2,syn_c01f5a5202c9,synthetic
4.766949426963506,7.046412914049724,3.526290672888418,5.440401039435975,5.209106069158493,8.803531816135079,3.3282401287411743,0.7883455332478906,3.2351864249672704,3.8133521579071203,13.431460479086706,startup,developpement_logiciel,1,1,0,0,0,0,0,1,1,1,1,1,1,0,0,1,0,0,IGGLIA,synthetic_corpus_v2,syn_d76226a89e40,synthetic
4.036220028980299,5.347984833722523,4.053625789232541,7.977915497282982,1.7398048558306891,5.627526180315558,3.18980461771197,3.055586166861466,5.016515270587405,2.3671971543073314,12.322104890510236,bureau,developpement_logiciel,0,1,0,0,1,1,0,1,1,0,1,0,0,0,1,1,1,1,IMTICIA,synthetic_corpus_v2,syn_1d421c67834f,synthetic
6.437476442847996,7.22054065855109,5.616490775722637,2.542622384028643,3.1990693462843955,6.69681266990557,4.679487456042671,4.359931841022057,3.1268108095814986,4.99445549759201,13.034460948311722,remote,developpement_logiciel,0,1,0,0,0,0,0,1,1,0,0,1,1,1,0,0,0,1,IGGLIA,synthetic_corpus_v2,syn_d181aa89a93d,synthetic
6.487868634638018,4.214183484648979,6.573052186378494,1.5471188552908808,1.7730837032626066,6.71707841825007,7.585752662646813,7.37150452972569,3.805591305819473,0.9845697476776025,13.313096803440574,startup,chimie_procedes,0,0,1,0,1,1,1,0,0,0,0,0,1,1,0,0,1,0,ICMP,synthetic_corpus_v2,syn_27a2140c3f4d,synthetic
6.946118821974691,3.886110014990537,3.372330555983106,9.314598560530747,4.433228436975983,5.365431621310414,9.196459034619883,2.4099310501663647,3.1704502905570546,1.3440959311918848,13.124585142099452,bureau,genie_civil_archi,1,1,0,0,1,1,0,1,0,0,1,0,1,0,0,0,0,0,GCA,synthetic_corpus_v2,syn_8a94e5830f6b,synthetic
10.0,4.25096734469857,7.3884699482820135,2.212488878366007,3.323126020592316,5.2756080159586425,3.3123138478072165,4.0753412005451315,4.943588237335501,5.625720377606285,15.805181529366376,labo,data_science,0,0,1,0,0,0,1,1,0,1,1,0,0,0,0,1,1,0,ISAIA,synthetic_corpus_v2,syn_9bdfc3122728,synthetic
6.423239130400608,7.444280659686379,6.491721260704685,4.4782198549526795,4.320062502481361,8.545290042960723,3.2267902361533203,3.703878066300713,3.7921822197707256,5.750864121723162,10.543570079855797,startup,gestion_projet_si,0,1,0,1,0,0,1,1,0,0,0,0,0,0,0,1,0,0,IGGLIA,synthetic_corpus_v2,syn_87eb239c4d50,synthetic
7.309015878556853,7.135011743346378,5.465309389778716,3.371484628199866,3.516461571149606,9.22076026584354,3.930760768415693,5.097093890747705,4.763513435682147,4.800249789383327,13.470476300909286,startup,gestion_projet_si,0,1,0,0,0,1,0,1,1,0,0,1,1,1,0,0,0,0,IGGLIA,synthetic_corpus_v2,syn_92f8246b7046,synthetic
6.87500577077355,3.738210258368487,5.026628561709817,2.06576845734678,5.357750359371646,5.538790395839231,7.775498173884776,2.4814774650796063,2.826691283695853,4.378891424379336,13.40577850075402,labo,industrie_automatisme,0,0,0,1,0,1,1,0,0,1,0,0,1,0,0,0,0,0,EMII,synthetic_corpus_v2,syn_c43049afb750,synthetic
5.849733915935116,8.853991256351229,3.681583061229224,4.8837419374956665,2.0529706903724687,9.513550297745576,5.656892072463467,3.1787668669719333,4.637857854488776,4.775101855794178,13.428683991286052,remote,gestion_projet_si,1,1,1,0,1,1,1,1,1,1,0,0,1,1,0,1,1,0,IGGLIA,synthetic_corpus_v2,syn_79e7501c8f17,synthetic
6.07959241462379,2.2894613375037007,8.551577846933572,1.7942382430621382,3.1893473204469043,10.0,3.310501873361594,3.9208164619394283,7.281635988188482,7.831482007307108,13.935285839812067,bureau,finance_compta,0,0,0,1,1,0,1,0,0,1,0,0,0,1,0,0,0,0,FIC,synthetic_corpus_v2,syn_a509dcf40b88,synthetic
7.33386568742594,6.909230535427175,4.178693714240753,9.583971878433475,3.172692123315719,4.122548428664901,0.09206426924668021,4.6912704682888045,5.732580450627251,2.7644848455577087,11.697175020001342,bureau,electronique_embarque,0,1,0,1,0,0,1,0,1,1,1,1,1,0,1,0,0,0,IMTICIA,synthetic_corpus_v2,syn_49cbb647d0cc,synthetic
6.408986320132504,7.264196251873797,8.142573885492803,3.5950532726169104,1.4725181629933048,7.507848230298579,1.0309411459654494,4.785734940634526,5.010192679893999,2.2136474499238528,17.054596066621105,labo,data_science,0,1,1,0,1,0,1,0,0,1,1,0,0,0,0,0,1,0,ISAIA,synthetic_corpus_v2,syn_2080e32a502a,synthetic
7.828994241307435,4.15170482380746,2.1660030079407617,2.015548871794153,8.000596340549098,6.364332363953395,7.649482404224124,2.8508802664581885,4.186654065121286,2.221680753917771,11.909254208992973,atelier,electronique_embarque,1,0,0,1,0,1,1,0,0,0,0,1,0,0,1,0,1,0,EMII,synthetic_corpus_v2,syn_cf562b7272ad,synthetic
6.161162261677044,4.505893256722306,6.948994136291171,2.1631142988121663,4.9722859092837925,4.9105538553979,7.650437193613179,3.2926162802559453,3.8925580088513874,3.659851488115632,12.850565789108602,terrain,multimedia_ux,0,0,0,1,1,1,0,0,1,0,0,0,1,1,1,0,0,1,EMII,synthetic_corpus_v2,syn_dd7d2129b446,synthetic
7.572821107886761,6.912538825274389,5.885338022213093,3.657751970813347,6.226900363602056,8.471253367302026,3.4732176659959477,2.8430781959039546,4.565145305117025,5.838818009366703,12.21554913865897,remote,recherche_appliquee,1,1,0,1,0,1,0,1,0,0,0,0,1,1,0,1,1,1,IGGLIA,synthetic_corpus_v2,syn_9ef910d665c5,synthetic
8.278153096581732,8.000112229893944,4.538045187509708,1.9800225002263208,4.6615722936052215,7.992758737775502,3.010945733918344,1.548808528580719,5.852243512841533,4.787262643188221,13.250204676786657,remote,gestion_projet_si,1,0,1,0,0,1,1,1,0,1,1,0,1,1,1,1,0,0,AEE,synthetic_corpus_v2,syn_c542f3156271,synthetic
5.1544362700668565,4.103504651657775,4.799029761298148,4.117761886091358,3.9853080033932575,4.6507621791934906,4.465316082186808,7.166581898577242,4.1399708109795395,5.812487548345823,13.633673719837702,labo,tourisme_hotellerie,0,0,0,1,0,0,0,0,0,0,0,0,1,1,0,1,1,0,AEE,synthetic_corpus_v2,syn_099b7e1d48e3,synthetic
7.838571898163538,7.965058990698732,4.6049406023503305,3.6193684969439865,5.159333013974325,8.058891268439428,2.433097716351094,1.8635452341435634,6.191479889978558,4.716342781745423,14.340618838660959,chantier,developpement_logiciel,1,1,0,1,1,0,1,1,0,1,1,0,0,0,1,0,0,0,IGGLIA,synthetic_corpus_v2,syn_51cd79c614ba,synthetic
7.835199797341505,3.7582841274831127,4.701823637628988,4.98217491853452,1.5798289088334325,5.0077597639695774,6.1089272982653595,2.5989535739512024,3.722952479408458,3.6424270724096566,14.698490433400515,terrain,genie_civil_archi,0,0,0,1,0,1,0,1,0,1,0,1,0,0,0,0,1,0,GCA,synthetic_corpus_v2,syn_768c17b874b3,synthetic
10.0,3.676114884630118,4.319407814688734,7.5829462143959585,2.326072054030259,2.3233697991477644,4.686164548049675,2.9116819951495416,5.558254309039233,4.01919994550402,14.214941152681977,bureau,genie_civil_archi,0,0,1,0,1,0,0,1,0,0,1,0,1,1,0,0,0,0,GCA,synthetic_corpus_v2,syn_824b848ee44a,synthetic
7.748047755244114,6.394764629297865,7.986660560816327,3.82288732731233,1.8654574632650034,4.550406826402494,3.2472433156458376,3.7946858307450286,4.695857340888127,5.556240901382579,12.761360069596057,labo,data_science,0,0,1,0,0,1,0,1,0,0,0,0,1,0,1,1,0,1,ISAIA,synthetic_corpus_v2,syn_1184c1d788dc,synthetic
7.215842348940411,5.331997092950205,4.795678127181982,2.9822764888375266,4.1484685743485885,4.55922204867271,7.550798377358741,7.55570617303299,4.559341042143192,2.696215880688586,12.042130222785945,labo,industrie_automatisme,1,0,0,0,0,0,1,0,0,1,0,1,1,1,1,0,1,0,ICMP,synthetic_corpus_v2,syn_fe0c5a57761e,synthetic
6.47176432785845,3.5712857208669075,4.276996119216997,1.9982342657906187,2.1417098542822766,5.083661256771418,4.619871176996327,9.11153050031416,3.8587169636184364,5.422551373355573,15.392311411312324,labo,recherche_appliquee,1,0,1,0,1,0,1,1,1,0,0,0,0,1,0,1,1,1,IAA,synthetic_corpus_v2,syn_30e7ad3e970c,synthetic
5.22506838820526,1.3890299683701224,4.907610100464881,4.2297592390230845,1.0712291912523069,6.848568588411029,5.2213646294240075,7.975710184197007,3.954266836657577,5.7369949251777665,13.908087052525477,terrain,agriculture_elevage,1,0,1,1,0,0,1,1,0,0,0,0,0,0,1,1,0,0,PIP,synthetic_corpus_v2,syn_e2e7aa051c43,synthetic
4.141527853131356,5.92278720991678,5.605110575337766,8.415978534239063,3.3358892692191793,7.363628250197281,6.41192789453747,3.2684648987469416,6.649627992784424,2.0785675488580337,13.052773316848672,chantier,genie_civil_archi,0,1,0,0,1,0,0,0,1,0,1,0,1,0,0,0,0,0,IMTICIA,synthetic_corpus_v2,syn_411513a7730a,synthetic
8.56769271918067,7.143981504885508,8.419543128282134,5.078824689156585,4.004303163033013,5.289589458033582,3.700354263221232,2.3588042521693238,2.750439759892889,2.9458112282330298,15.4924019834149,remote,recherche_appliquee,1,0,1,1,1,0,1,1,0,0,1,0,0,0,0,0,0,0,ISAIA,synthetic_corpus_v2,syn_d22d24b88a5e,synthetic
4.3398609999606075,6.992836283539889,5.012849577869264,8.364689524822966,3.811905732474191,3.9556277547419354,2.6352335285880213,3.657781391314593,7.154551500943402,4.503230827287262,14.031108737210602,remote,developpement_logiciel,1,1,0,1,1,0,0,0,0,1,1,0,0,1,0,0,0,0,IMTICIA,synthetic_corpus_v2,syn_d4de10386e90,synthetic
5.6900074614452905,3.6389659811747737,2.2462498346483932,6.652103313660802,3.8759719960229626,6.047283063153246,7.826823116653375,4.81297890319651,4.897951255732461,5.014990353992122,11.895604404803777,chantier,genie_civil_archi,1,1,0,0,1,0,1,0,0,0,1,0,0,1,1,0,0,0,GCA,synthetic_corpus_v2,syn_ecc23a6c96af,synthetic
5.048419634600227,3.397480630001011,6.450318222266778,3.778468448598308,1.717860288424953,9.39915945316228,2.03750057422488,3.731778349245758,4.85693158926431,6.696000104570789,12.264992410121788,remote,finance_compta,0,1,1,0,0,1,0,0,0,1,0,0,0,0,1,0,0,0,FIC,synthetic_corpus_v2,syn_47901fad9694,synthetic
5.402128009284904,6.559657840881196,6.538619079742627,7.942409860323498,3.2883600304327243,3.4500754871696326,1.2831394322402174,4.678194682361083,6.740136316941709,3.244761787410014,12.61748688072805,startup,multimedia_ux,0,0,0,0,0,0,0,0,1,0,0,0,0,0,1,0,1,0,IMTICIA,synthetic_corpus_v2,syn_1edd5b1295fd,synthetic
10.0,7.572150531202905,8.235670249456142,3.1297828000895813,4.978099699261419,7.52362392108941,3.656078134351218,4.8457979493890555,5.73602227702302,5.943056757783798,14.151718891418852,remote,recherche_appliquee,1,0,1,0,0,0,0,1,0,1,0,1,1,0,1,1,0,1,ISAIA,synthetic_corpus_v2,syn_eec5ab7ef515,synthetic
4.967214431259191,3.732632875876999,3.916245532872215,4.5702222612876655,0.8284595847542069,6.511378659035416,4.171056600455783,6.012158308209303,8.153510038524995,4.7392460013762685,13.686861598797945,terrain,tourisme_hotellerie,1,0,1,1,1,1,1,0,0,1,0,0,0,0,1,1,1,1,TEE,synthetic_corpus_v2,syn_4c1d58e290e5,synthetic
7.210226312741108,6.802191941750232,2.8907921874139766,2.8049952094745203,4.660615869687335,9.559688289264125,2.3924174177754125,1.039930594862956,6.341695170327721,4.321487937382802,12.942313884006456,startup,developpement_logiciel,0,1,0,1,1,1,1,1,0,0,0,0,0,0,0,1,0,0,IGGLIA,synthetic_corpus_v2,syn_00dc162d4e69,synthetic
6.410985689335832,2.564614172862814,4.3545348920907525,1.3349048635149103,5.020744661791996,3.319631861960819,7.226851959443374,7.050961238984776,3.152578775126222,5.14559314965058,12.803824782061257,labo,chimie_procedes,0,1,0,0,0,0,0,0,1,0,0,0,1,1,1,0,0,1,ICMP,synthetic_corpus_v2,syn_c75a5d7a520a,synthetic
4.36768936263951,1.4412357825916433,6.008925727849201,3.897371862371005,0.5563202517783876,7.620701301472246,0.33264532260607704,1.2038249870803335,9.59308375304922,9.421817850321515,13.406795974493841,bureau,droit_affaires,1,0,1,0,0,0,0,0,1,1,0,1,1,0,0,0,1,0,DTJA,synthetic_corpus_v2,syn_b976c23deea0,synthetic
6.724669634062536,4.700331723209462,4.941884249358701,2.7696554651094947,8.783195312663308,4.1401506797906205,9.386889780813961,1.66430813358371,2.1096843371124923,1.6289575177459958,12.049565520291216,bureau,recherche_appliquee,1,0,0,1,0,0,1,0,1,0,1,1,0,1,0,0,0,0,ESIIA,synthetic_corpus_v2,syn_69d3fcc38f90,synthetic
6.58453989371828,8.462650433817707,4.81523924844513,3.309038576700933,4.765251691892235,8.141613736278526,6.027961500200416,1.8162486285100008,4.664561369065803,5.371640301651172,14.84412610804441,bureau,gestion_projet_si,1,1,0,1,1,1,0,0,1,1,0,1,1,0,1,1,0,0,IGGLIA,synthetic_corpus_v2,syn_9ff5749405ca,synthetic
6.461926410081164,7.404120947072378,5.553904958415873,3.1528592000834896,9.716306518651887,1.761183635826257,6.7762437312723,1.8780555956425526,4.30208126634532,3.663372238613836,12.998038333853945,atelier,electronique_embarque,0,0,0,1,0,1,1,1,0,0,1,1,0,0,0,1,0,1,ESIIA,synthetic_corpus_v2,syn_3f3f625c8259,synthetic
5.373531343993417,3.155081949220386,4.880712145448883,2.983559885191234,0.0,3.429505925713867,5.44593129001534,7.180331232288018,3.2211337452374877,3.546523251928061,15.052372873186478,bureau,pharmacie,1,1,1,0,0,1,1,0,0,0,0,1,1,0,0,1,1,1,PIP,synthetic_corpus_v2,syn_ee596841df0a,synthetic
7.68946662565935,7.153309800788082,8.283338065323523,2.8859075080690695,3.12280297956474,5.944088932955911,3.3242577137733598,2.436763264292697,5.496036828731677,7.925976442627206,12.730559042305082,startup,developpement_logiciel,0,1,0,0,0,0,0,1,0,0,0,1,1,0,0,0,0,1,IGGLIA,synthetic_corpus_v2,syn_ebf30b37128c,synthetic
9.46367029758432,6.779329990107907,4.29101572723709,3.0235488592116684,7.456366736405755,2.611745925837095,6.96069647332473,2.041945083654937,3.0349914277521175,4.501335962182803,11.851335142223848,labo,recherche_appliquee,1,0,1,0,0,1,1,1,0,1,0,1,0,1,0,0,1,0,ESIIA,synthetic_corpus_v2,syn_584f4330ef6a,synthetic
5.6372403762538665,8.749107883350923,6.252031026363172,6.288105877309709,1.9853900461159146,7.316621764167855,3.366236722914813,2.5011137132503123,7.582561587499079,4.792000923663369,9.719115603682877,bureau,developpement_logiciel,1,0,0,1,0,1,1,1,1,0,1,1,0,0,0,0,0,0,IGGLIA,synthetic_corpus_v2,syn_1c1caa9bb23e,synthetic
7.174758905713478,7.724215453634425,5.943983480328629,3.022827765033554,3.845357963723013,6.573747609372286,1.2176283294575732,3.6471482459489284,3.6649266098104376,4.701643751481608,12.46328685253748,startup,gestion_projet_si,1,1,0,0,0,1,0,0,1,0,0,1,1,1,0,0,1,1,IGGLIA,synthetic_corpus_v2,syn_6269dff54446,synthetic
5.886649753476492,3.3221281577020374,5.83229907650021,0.7242198272042124,3.0663831286339054,9.987858122132666,4.70415901551203,1.9748562271653634,5.137855383101208,9.63026902407405,13.748365588790879,remote,commerce_gestion,1,0,0,0,1,0,0,0,0,0,1,0,1,1,0,0,1,1,EMP,synthetic_corpus_v2,syn_9478414a35e6,synthetic
5.305006898714932,5.04977110750412,5.552609125071833,9.077673264944066,3.9121758009993917,6.7406692127814445,4.9032083604523855,1.1623337792248651,4.45322767933332,3.6777848606862946,11.116222746673678,startup,developpement_logiciel,1,0,0,1,0,0,1,1,1,0,1,1,1,1,1,0,1,1,IMTICIA,synthetic_corpus_v2,syn_744526c7a549,synthetic
6.921857277752171,2.633753480661039,5.833786363663922,3.7046452122133684,3.495964597438033,7.303315998374231,3.89669525540547,3.573046443588934,4.846434982174085,7.379770489151723,14.031242963615863,bureau,industrie_automatisme,0,0,0,0,0,1,0,0,0,1,1,0,0,1,0,1,0,1,CAA,synthetic_corpus_v2,syn_a029d9db95e2,synthetic
7.268534534653726,1.5428444763479294,4.593323127987707,2.449505864781206,2.9414328144601956,9.01400761579005,2.0542093653941516,2.7596793189909623,5.148486452305967,7.108936663911301,11.049969302096205,bureau,commerce_gestion,1,0,0,0,0,1,0,1,1,1,1,1,0,0,0,0,0,1,EMP,synthetic_corpus_v2,syn_73ea27ff87c5,synthetic
4.8007664680952775,2.144543291384708,4.553910777407058,2.067092049240345,2.3899039067488808,5.560654139970777,3.076204152078686,8.867746685178183,3.1916314323495802,2.2156509497964745,11.505806026281284,labo,agriculture_elevage,0,0,1,1,0,0,1,1,0,0,1,1,1,1,0,1,1,0,AEE,synthetic_corpus_v2,syn_f9b826b1a79a,synthetic
6.64883523410202,7.672879915729022,4.741879707690681,5.939699124042261,1.3380695727446374,5.498690805169309,3.777590874677449,2.037626803256629,3.8774391955735172,5.327181498733451,13.883863573277178,bureau,gestion_projet_si,1,1,0,0,0,0,0,1,0,0,1,0,0,0,1,0,0,0,IGGLIA,synthetic_corpus_v2,syn_06fe20fdc2b2,synthetic
4.808439010229742,2.021978386448565,2.836853256910877,3.8443241884234145,3.2110391592173007,7.0277348950925855,6.493761404003025,8.687446833476839,5.72808332043113,3.8135669931701424,11.858970489898097,labo,agriculture_elevage,0,1,1,0,0,0,1,0,1,0,0,1,1,0,1,1,0,1,AEE,synthetic_corpus_v2,syn_54f9fffa94c1,synthetic
6.12032871468845,2.379496399716726,7.028397493047789,3.3709973072012125,1.946563150967195,8.2837821240756,2.945276972691427,4.289091716646398,5.252268719658403,8.33337168855871,10.646829517493229,bureau,gestion_projet_si,1,1,0,1,1,1,1,1,0,0,1,0,1,0,1,0,0,1,EMP,synthetic_corpus_v2,syn_ff6037bee434,synthetic
7.155147625211415,8.445776777753593,2.9908792850312715,1.665353014670997,7.942659619656953,5.703188043088595,8.631405294079766,0.44045661434187844,3.4763498607511423,1.4114080745730788,12.93932397857717,labo,multimedia_ux,0,0,0,0,0,0,0,0,1,1,1,0,1,0,0,0,0,0,ESIIA,synthetic_corpus_v2,syn_4b0b6abc7b22,synthetic
6.113313868639381,5.115550760186016,3.666015753740867,2.1993542461007927,3.9050058007655997,5.80820843969954,4.660125509646184,8.415330725666587,5.596709554679926,4.082107628951866,11.930555803100397,remote,agroalimentaire,1,1,0,0,1,0,1,0,0,1,0,0,0,0,1,0,1,0,IAA,synthetic_corpus_v2,syn_c154934fbac2,synthetic
3.719646980409315,2.567511417442551,5.847888590111061,2.2645815749092084,2.476700297881025,4.020984849424563,3.6050528003122384,7.50235525857321,5.443116159717283,1.8037976583606696,12.00221889444062,terrain,agriculture_elevage,1,1,1,0,1,0,1,1,0,0,0,0,0,0,1,1,0,0,AEE,synthetic_corpus_v2,syn_152952f2fd82,synthetic
7.1039616625886595,5.797494905251423,2.566403952016323,9.500370481346,3.510745096536695,6.941993798865895,3.371572569828811,5.308010690158486,5.7733343897948535,4.755562238846742,11.711813921770675,bureau,developpement_logiciel,1,0,1,0,1,0,0,0,1,0,0,0,0,1,0,0,0,0,IMTICIA,synthetic_corpus_v2,syn_f85382ae9af3,synthetic
7.3941330886261944,2.804668212342327,4.70759369072093,2.7697555149879833,4.480751086404795,3.7806390771606964,6.6737328852145215,10.0,2.9169298084903907,3.3462188071575687,12.533387415204487,labo,recherche_appliquee,0,1,0,0,0,0,1,0,1,0,1,0,1,0,0,1,0,1,PIP,synthetic_corpus_v2,syn_f50dd4abab6b,synthetic
7.943405128757742,5.249441825261614,3.8508475171102106,0.0,5.820159203248208,4.487610450937174,6.3766111692226835,7.556807284158381,3.5571049905676473,7.051349261711701,12.203938701731017,remote,developpement_logiciel,0,0,0,0,1,0,1,0,0,0,1,0,1,1,1,0,0,0,ICMP,synthetic_corpus_v2,syn_09cd4c04ff7a,synthetic
6.30154455686905,2.242837516024136,5.612396726720358,2.8175488187177824,1.546398884181872,8.925768318210599,2.822078631546233,0.19542607768717613,6.944586544514717,7.636000300033219,12.378538088416073,startup,commerce_gestion,1,0,0,0,0,1,0,1,1,1,0,0,0,0,1,1,0,0,EMP,synthetic_corpus_v2,syn_ef397c5f2e2f,synthetic
5.0467199176422834,2.113048090158387,2.7958733512512532,3.2006063795111817,3.720282863791528,5.868968794113717,1.204279279467037,4.155828883703513,6.714950397194773,5.6546215486657765,11.995533736191582,bureau,tourisme_hotellerie,0,0,0,0,0,0,1,0,1,0,1,0,0,1,0,0,1,1,TEH,synthetic_corpus_v2,syn_3a583e3e043a,synthetic
6.20178059777224,5.598891085565661,4.501498383068377,1.9730242887976646,8.336204598542693,3.567968283524105,6.951292735030483,1.054958942054717,6.054754341633314,2.3874200713610243,12.265742167719008,labo,industrie_automatisme,0,1,0,0,1,1,0,0,0,0,1,1,0,0,1,0,0,0,EMII,synthetic_corpus_v2,syn_f890adb61bd7,synthetic
3.3145315951106133,2.608470155755431,6.138564096794758,2.231565482166632,4.4820004404791,3.9198939076040995,4.8649036801811105,10.0,3.118969185222846,3.825772602125723,13.877649646770683,terrain,agroalimentaire,0,0,0,1,0,1,1,1,0,0,0,0,0,1,0,1,0,0,IAA,synthetic_corpus_v2,syn_bf1dfc08de9e,synthetic
10.0,8.591813221060477,8.994235026751417,3.9350127661837657,3.0747247141996428,4.8221042841632284,4.408094472354447,3.811342101258017,6.4960087603794285,3.8727200497795238,14.191079826670867,bureau,data_science,1,0,1,0,1,1,1,1,0,1,1,0,1,0,0,0,1,0,ISAIA,synthetic_corpus_v2,syn_2cbdd6da422d,synthetic
4.861203852055111,4.710991753575664,3.336761389057763,3.0338003282999693,3.9048817190262115,7.250434552525991,7.266681220192529,10.0,4.336062470186947,4.195606270603243,13.336606013358255,atelier,agroalimentaire,1,0,0,0,0,0,1,0,0,1,0,1,0,1,0,1,1,0,IAA,synthetic_corpus_v2,syn_9e81bbe41969,synthetic
5.483871703106113,3.0869706810351,7.202323395343519,4.330452737009791,3.766781565463731,6.814053886232237,2.0725872837753103,4.988629747078678,5.608438162118137,7.084486754101004,12.592367998122976,bureau,commerce_gestion,0,1,1,0,1,0,0,1,0,1,1,0,0,1,0,0,0,1,EMP,synthetic_corpus_v2,syn_b615b6a1f897,synthetic
3.4980418297929456,5.071564403711106,4.749369838002892,6.49507140218645,3.2729811220463327,7.107468220845146,3.8004723539043175,1.7520098824328798,6.329208325905097,1.998108572971846,12.704425781053276,startup,developpement_logiciel,0,1,0,0,1,0,0,0,0,1,1,1,1,0,1,0,0,1,IMTICIA,synthetic_corpus_v2,syn_949bf8703526,synthetic
6.9805381792908285,4.772695468219218,4.865475810948347,2.263353617460859,7.686514669660139,5.5644190529448405,8.632613341324879,5.371801270983159,4.015847477729555,4.6188462976288385,14.464443126228852,labo,electronique_embarque,0,0,1,1,0,1,1,0,1,1,1,1,0,0,1,1,0,0,EMII,synthetic_corpus_v2,syn_8c2cf2c42265,synthetic
9.69580007827486,6.329564568885095,7.556776334652138,3.3252953464339536,2.7502746913915246,3.305829151722329,4.55084592012051,3.789565541301197,5.474868991050698,6.215747821418548,15.43088813841468,remote,recherche_appliquee,1,1,0,0,0,0,1,1,0,1,1,0,1,0,1,0,1,1,ISAIA,synthetic_corpus_v2,syn_51491c4c34da,synthetic
7.745048471439132,7.578808851220653,5.992717565615428,5.054532362692993,3.529325661405987,6.462488233202258,3.423316236736462,0.8087290119678352,3.9136133170666003,3.671324887222956,13.429635857849549,remote,electronique_embarque,1,1,0,0,0,0,0,1,0,1,0,1,0,1,1,0,1,1,IGGLIA,synthetic_corpus_v2,syn_b5f2420712c1,synthetic
6.295341112570816,10.0,6.338436837629516,5.022760385238963,5.924355535002492,6.562062485703025,3.662532086983286,1.3111501883667651,4.377348870607242,5.864113574960104,15.191004431587183,bureau,gestion_projet_si,1,0,1,0,0,1,1,1,0,0,0,0,0,0,1,1,0,0,IGGLIA,synthetic_corpus_v2,syn_c16843265fad,synthetic
8.278161706386031,5.607532129406606,8.098194286089015,1.0744802376836877,4.316275649654892,4.178231243682565,5.025541107102025,3.0499059548963845,6.170000462727919,5.135381959703427,15.36818467535419,remote,recherche_appliquee,1,0,1,0,0,1,1,1,0,1,0,1,1,1,0,0,0,0,ISAIA,synthetic_corpus_v2,syn_a545c7f87acf,synthetic
6.766354445577701,7.335414832503313,4.689403062086067,2.285601362658704,3.684013766217289,7.897634601691576,4.571495365453806,2.82078195386434,5.76478655022229,6.289398834295165,11.95785595641852,remote,developpement_logiciel,1,1,0,1,0,0,0,1,0,0,0,1,0,1,0,0,0,1,IGGLIA,synthetic_corpus_v2,syn_eb439936a077,synthetic
6.142302699628946,3.8108152126960686,5.122098078339212,3.6967301772268932,9.194265067912392,2.755538495941884,7.489543584752939,2.765855357674416,4.062529213394482,1.6862345999430022,13.115961287620985,bureau,recherche_appliquee,0,1,0,1,0,0,1,1,1,1,0,1,0,0,0,1,0,0,ESIIA,synthetic_corpus_v2,syn_2d1eac48348f,synthetic
6.71063428555013,5.710253155589024,4.555994938493718,2.8675269623527337,2.02910258751537,6.721309306131048,0.09514107053237231,1.944091432150043,9.298540470261681,7.242303443672874,11.523115174953972,bureau,droit_affaires,1,1,0,0,0,1,0,1,0,1,0,1,1,0,0,1,1,1,DTJA,synthetic_corpus_v2,syn_973023233609,synthetic
9.253027470243774,4.406889484991445,7.491697307888651,3.9599116247288424,1.6725224769652534,6.028502774002963,2.933113702492718,4.8299070657543215,3.2514691929147634,9.062973950437975,11.197215639580515,remote,finance_compta,0,0,0,0,0,1,0,0,0,1,1,0,0,1,0,1,0,0,FIC,synthetic_corpus_v2,syn_e4e561747869,synthetic
5.628374917188437,1.995790594285452,4.0701439653794464,1.8246751884685384,0.46323332222626257,3.9650191531792425,2.5478812647927116,2.877823902436911,9.3025035372318,7.677088124116906,13.659863384212642,bureau,droit_affaires,0,0,1,1,1,1,0,0,0,0,0,0,0,0,1,0,1,0,DTJA,synthetic_corpus_v2,syn_d859f1f7c12d,synthetic
7.421317349901351,7.183500695142139,8.324883398627223,4.21572955461183,4.468849917539521,6.014891679732227,2.3562545817376304,2.860201437336148,5.7489977758149315,5.127294678056546,14.275911865084241,labo,recherche_appliquee,0,0,0,1,1,0,0,1,0,0,0,0,1,0,0,1,1,1,ISAIA,synthetic_corpus_v2,syn_6af5488a4141,synthetic
6.353340983916949,0.5178396840033104,6.050048259599272,3.0342738154650286,2.3403757034882835,5.899310117447605,4.07103526799014,8.17814249496923,4.705966646200379,2.825379887380832,14.826131629175775,labo,pharmacie,0,1,0,0,0,0,1,0,0,1,0,0,0,1,0,1,1,1,PIP,synthetic_corpus_v2,syn_1a9c2eaa9a0f,synthetic
9.688020405213189,1.3414958865454145,5.7795390017684065,3.8453488342871576,2.64571264552074,7.8815288385112074,2.790124584697113,1.8226621175978996,8.747768319533455,7.237870954962779,12.777968793412189,bureau,commerce_gestion,0,0,0,0,1,1,1,1,0,1,1,1,1,0,0,1,1,1,EMP,synthetic_corpus_v2,syn_b9c3f1c954a9,synthetic
7.739375194836736,5.881563101589831,5.661252298858783,3.9890208477460973,5.8276555130120435,4.3653069583017405,9.99726091577235,2.1502425679611674,0.973816430957263,2.024809377630825,10.278191063295312,atelier,droit_affaires,0,0,0,1,1,1,0,1,0,0,0,0,1,0,0,0,0,1,ESIIA,synthetic_corpus_v2,syn_49a9a994fbbb,synthetic
6.562927357067853,6.561555831535735,4.116735514247166,2.0960376639970537,10.0,5.061450851998459,6.826257162566398,0.7046039036715082,1.958696599250091,2.23898921909897,13.161556529488823,atelier,recherche_appliquee,1,0,0,0,0,0,1,1,1,1,0,0,1,0,0,1,0,0,ESIIA,synthetic_corpus_v2,syn_bc58e25645e4,synthetic
7.871748389950874,3.4549604761112764,5.822092335092945,4.826535925278304,1.9321042171666796,7.6517525538814075,3.16620033526384,1.9623391303131004,5.096395421052197,7.711487307535033,12.510356094125699,remote,finance_compta,0,1,1,0,0,0,0,0,0,1,0,0,0,1,0,0,1,0,FIC,synthetic_corpus_v2,syn_c05d0998d8b3,synthetic
7.162265110041285,5.561846551821935,5.3262100502067815,1.5236101476085417,9.453907851049,3.5412281436412165,6.202249115746446,2.059582360645076,3.518229555768388,3.4380700420834978,14.748996368654396,bureau,electronique_embarque,1,0,0,1,0,1,1,1,0,0,1,0,0,1,0,1,1,0,ESIIA,synthetic_corpus_v2,syn_c985ef20ee3a,synthetic
8.293210900036538,2.6841730599626956,3.9290334162619054,7.877710327157096,1.4059242205402673,3.104526115376347,5.267029277808785,4.524633031658965,5.745862748906661,3.647334312565871,11.087131798947835,bureau,genie_civil_archi,0,0,0,0,1,1,1,1,1,0,0,1,0,1,1,0,0,0,GCA,synthetic_corpus_v2,syn_39532557de98,synthetic
4.450103120571903,2.405853002666574,4.224962760646086,7.279767815696645,1.0349499347786795,6.845339499520731,1.018301325187109,4.660038642772406,8.479018430205981,5.520815669004629,12.263958283268725,chantier,commerce_gestion,0,1,0,0,0,0,1,0,1,1,1,1,0,0,0,0,0,1,TEH,synthetic_corpus_v2,syn_3902b163ae5e,synthetic
7.605552455516857,9.612504782807171,6.253924523762368,3.1074988889015795,2.2150372672903735,8.14315712451307,2.4366164200502425,2.1304320796684957,7.98781208392621,7.554738369320715,14.689035205575601,bureau,chimie_procedes,1,1,0,1,0,1,0,1,0,1,0,0,0,0,0,0,0,1,IGGLIA,synthetic_corpus_v2,syn_525101a6cc76,synthetic
6.2718660593688975,8.381447021316271,4.552501888537608,4.906965324658166,4.345392910297378,10.0,1.914704825021997,0.4025082203055699,6.9656776236100715,4.937729623973488,12.814803156797348,startup,developpement_logiciel,1,1,0,0,0,0,0,0,0,0,0,1,0,0,1,0,0,1,IGGLIA,synthetic_corpus_v2,syn_2e0ad32806ff,synthetic
3.888370190407526,4.1188511799460095,4.738224127136294,6.558997432786518,0.5134733235639657,6.6910364697088935,5.044577739143528,4.96521310209614,6.745574981348566,4.862676717972607,14.811435097040157,bureau,tourisme_hotellerie,0,1,0,1,0,1,0,0,0,1,1,1,1,1,0,0,1,0,TEH,synthetic_corpus_v2,syn_301e2694102a,synthetic
3.761596318799774,1.4865574753403392,5.214613354260699,4.064978986672402,2.2213081053494363,9.629667103425707,2.6115269301246884,2.0820263127822494,6.7480285393059125,8.29268816650973,11.929997015959549,startup,commerce_gestion,0,0,0,1,0,1,0,1,0,1,0,0,0,0,0,0,0,1,CAA,synthetic_corpus_v2,syn_fb26532a7a17,synthetic
6.1850802368445725,7.289669696908094,3.38479462745896,4.316063161568236,8.82809158555252,3.849914184079828,5.478136592270712,3.604464546451827,3.086050611344498,3.184430676386732,12.764259616055327,bureau,electronique_embarque,1,0,1,0,1,0,0,0,1,0,1,0,0,1,0,0,0,1,ESIIA,synthetic_corpus_v2,syn_292647daae3f,synthetic
7.311743503298108,2.613234379160927,4.636092580732761,3.5517212340692152,3.56153489152662,6.999091824228025,6.39089848079255,9.911135158762496,5.861282478038334,2.671613097328174,12.113039247928242,labo,pharmacie,1,0,0,0,0,0,1,1,1,0,0,0,0,1,0,1,0,0,ESIIA,synthetic_corpus_v2,syn_5e1e13df21c5,synthetic
6.1085737010827845,3.681012661382121,6.152330826078525,4.936057325771591,2.4114676025858937,4.90436511105143,6.227010498378476,8.991324679505663,4.746000330933351,1.0234875232049476,14.125090195273788,labo,recherche_appliquee,0,0,0,1,0,0,1,0,0,0,0,0,1,1,0,1,0,1,PIP,synthetic_corpus_v2,syn_8c8fa5cca5f3,synthetic
5.471752011810524,3.3463646018328133,5.296367709420686,4.23951156307864,3.355992262127693,6.5500188323346435,3.052850455485781,4.894923143020456,8.635535275806204,9.498280148701046,13.76309150159696,remote,commerce_gestion,0,0,0,0,1,0,1,0,0,0,0,0,1,0,0,0,0,1,CAA,synthetic_corpus_v2,syn_6ef7f1bf6006,synthetic
6.159497266784187,1.2354241597964954,6.18243617409319,3.6019708518400284,1.7136690516494604,10.0,1.3293749499930054,3.742175387324115,6.008573837585907,7.97797224405316,11.875260689412206,remote,gestion_projet_si,1,0,0,0,1,0,0,1,1,1,1,0,0,0,1,1,1,1,EMP,synthetic_corpus_v2,syn_02b5ab2c68e7,synthetic
7.638948566413928,6.448980091057558,6.474708560318909,8.100151008742591,3.0408067056987558,6.633116995958609,1.6773424778503754,2.376939737959972,7.088162812544153,3.2443592561742043,11.775388892479635,bureau,developpement_logiciel,0,1,0,0,0,0,0,0,0,0,0,0,1,0,0,0,0,0,IMTICIA,synthetic_corpus_v2,syn_18ef40aa26ec,synthetic
7.4869038743283305,8.502092868490474,5.276317859432153,2.4509971188622024,3.347180087810673,6.727665814990959,2.3930050900921724,1.2911660494172228,4.730327061577538,4.135607337701789,13.490223878294875,bureau,genie_civil_archi,1,1,0,1,0,1,1,1,1,0,0,1,0,0,0,0,0,1,IGGLIA,synthetic_corpus_v2,syn_363b712d9e63,synthetic
7.5637577817659025,2.790257121718824,5.600164756656465,4.084073975256016,1.4852019919110688,10.0,1.9743968263539524,2.573543569040634,8.799651310201925,5.765869171775011,13.323937704394869,remote,commerce_gestion,1,0,1,0,0,1,0,0,0,1,0,0,0,0,1,0,1,1,EMP,synthetic_corpus_v2,syn_1cc47d830ef1,synthetic
9.483727972350257,7.612236445172748,8.428909216926828,1.9180506370969552,1.6705898554338887,4.64154663066787,4.912836026416192,2.694385773294778,4.10198216940989,4.976322011571262,14.041582198637975,chantier,tourisme_hotellerie,0,0,1,0,0,0,0,1,0,1,0,0,1,0,1,0,0,1,ISAIA,synthetic_corpus_v2,syn_2efc7cf76de6,synthetic
7.9608437375085455,4.342645283978172,5.817906059763726,2.3090913978408363,1.451073850823239,7.532416230917266,0.942798059036493,3.1406430871828266,5.173502692480465,8.362991137036648,15.009530241734195,atelier,finance_compta,0,0,0,0,1,1,0,0,0,0,1,0,0,0,0,0,1,0,FIC,synthetic_corpus_v2,syn_82ce0f748e84,synthetic
4.927627564119209,2.6016399300151507,5.290340602922065,3.144751620470232,2.9248841772925402,4.775768592661051,4.963729770797829,7.624092606699107,6.876102603911016,0.630526960933496,13.356329951764918,labo,agriculture_elevage,0,1,1,0,0,0,1,0,0,0,0,1,1,1,1,1,1,0,AEE,synthetic_corpus_v2,syn_e82eda8af0e6,synthetic
6.511261270130976,9.929478127524918,7.621747511661464,3.0538458071032033,1.3099719318134153,7.148454812842425,6.5197664068883725,2.1137522654085705,5.762145689410889,3.770187103072109,12.256489543816592,startup,developpement_logiciel,1,1,1,1,1,0,0,1,0,0,0,0,1,0,0,1,0,1,IGGLIA,synthetic_corpus_v2,syn_69efdbe58330,synthetic
6.925599515286138,1.630822868961214,6.5200767589666855,5.373903431291589,0.8208532410605907,9.32158875721454,1.5258680322587557,2.374876390094557,5.361570557166403,7.579145226017883,12.485562012581905,bureau,gestion_projet_si,0,0,1,0,0,1,0,0,0,1,0,0,0,0,1,0,0,1,EMP,synthetic_corpus_v2,syn_581c504f7b98,synthetic
5.939657835868623,10.0,4.893689599788586,5.909615097758228,1.6786800579646588,5.866666789395651,3.0224869143822493,2.2936147606933326,5.814681950391711,2.558677553482381,13.060721582302968,bureau,multimedia_ux,0,1,0,0,1,0,1,1,1,0,1,0,0,0,1,0,1,0,IMTICIA,synthetic_corpus_v2,syn_36a89eb4871a,synthetic
3.5640680227958277,3.7337634737850105,6.435712701712435,2.8067239055303137,2.7124337374064402,4.052531887862008,3.446241676495939,6.819254091096321,5.964358053753096,4.7776408435108415,14.895244272436221,bureau,pharmacie,0,0,0,1,0,0,0,1,1,0,0,1,0,0,1,1,1,0,PIP,synthetic_corpus_v2,syn_31598104a68e,synthetic
4.050807952818762,6.749222845503468,5.261790255200614,10.0,5.798736915341701,5.749239820792721,2.620115815769144,2.0504018255436187,4.84216041752524,4.037785624234386,11.757688617052295,remote,developpement_logiciel,0,1,0,0,0,1,1,1,0,0,0,1,1,1,0,0,0,0,IMTICIA,synthetic_corpus_v2,syn_e49ed116be7c,synthetic
6.225673448335365,2.2504455954073026,7.988470399024367,4.230017736184262,3.130072091693367,9.671887555075907,1.9959357842863996,3.260062171726027,6.879232284472324,7.331569498445358,11.167625650413033,bureau,commerce_gestion,0,0,0,0,0,1,0,0,0,1,0,0,1,1,0,1,0,0,EMP,synthetic_corpus_v2,syn_e98d4b8d427d,synthetic
4.37817757827607,2.148574723400731,5.457074028483657,2.7716907274344127,3.380153275551863,6.718781848893295,1.487609568683893,0.5450406207577805,7.503572490608738,7.491351808507194,13.528890962373893,chantier,commerce_gestion,0,1,0,0,0,1,0,0,0,0,1,0,0,0,0,1,0,1,CAA,synthetic_corpus_v2,syn_fb0755a1cc04,synthetic
7.666780191955971,5.320901500317776,3.8575244346000437,4.274017018618029,7.089928324727263,4.438679422254539,8.844289195447704,3.3393422425948924,5.216439493275425,2.9162170494691075,15.064576876936533,labo,industrie_automatisme,0,0,1,1,1,0,1,1,0,0,0,0,1,1,0,1,1,0,EMII,synthetic_corpus_v2,syn_e06d6603e83d,synthetic
7.327296208279374,2.6242327375360177,8.257604064980697,2.544616397583724,1.0976302717627524,8.71418806475586,0.9736514717517459,2.0040656658510025,6.828294180833362,10.0,12.056382669570288,remote,finance_compta,1,0,0,0,0,1,1,0,0,1,1,1,0,0,1,1,1,0,FIC,synthetic_corpus_v2,syn_4216c9d0adb2,synthetic
5.429558004288275,3.8783928605159614,3.6474394934551784,3.0458974540008867,2.5125647318213318,4.059212796680727,1.8778791741322005,1.7301591759748431,8.448862884372922,8.038668178574154,14.643171046880456,bureau,droit_affaires,0,0,0,0,0,0,0,1,1,1,0,1,1,0,1,0,0,1,DTJA,synthetic_corpus_v2,syn_9145bb3804d7,synthetic
4.756935968858693,2.8431818767935324,5.630058399728041,5.0617628429249715,0.5626283632735702,7.546269110510082,3.403551323165459,3.2068086603118044,8.613278500448672,9.563510356706328,16.122309747071128,remote,genie_civil_archi,0,0,0,1,1,1,0,1,0,1,1,1,1,0,0,0,0,0,CAA,synthetic_corpus_v2,syn_9dc37a387fc3,synthetic
5.27714400255048,3.6606055921435665,3.1641589937369288,2.9127804619336812,2.0803193412538388,9.144712543389375,1.6929803753529369,3.069507070933981,8.379557148469727,9.239313036424637,14.995704216469658,bureau,droit_affaires,0,1,1,0,1,0,1,0,0,0,0,0,1,0,0,0,0,1,DTJA,synthetic_corpus_v2,syn_9c4a07c4e633,synthetic
5.874302654430609,2.8191982837105014,6.601365961705373,5.4083786682907915,4.456316579713061,6.444040344763348,1.4430716273170274,6.4333696324252605,9.292452546987244,6.12294700430579,11.9592731060883,bureau,commerce_gestion,0,1,0,0,0,1,1,1,0,0,0,0,0,0,1,1,1,0,TEH,synthetic_corpus_v2,syn_358a792441d9,synthetic
6.445353124896446,5.566205546774191,5.065092897566181,1.7724758395964484,5.366962172364188,5.588861339736136,10.0,3.5506394148485048,4.780896445933082,1.9391133512639551,15.204512083742202,labo,electronique_embarque,0,1,0,1,0,1,1,1,0,1,1,0,0,1,0,0,0,0,EMII,synthetic_corpus_v2,syn_7671903ce4c1,synthetic
7.557695765787399,4.763849641112444,4.315854033070961,7.870352651911017,1.0516855182696192,5.029373562314091,8.647506351668834,2.6779789488252006,4.931412054271009,4.411052827806433,14.573250040103481,terrain,gestion_projet_si,0,0,0,1,0,0,0,1,0,1,0,0,1,1,1,0,0,0,EMP,synthetic_corpus_v2,syn_a09271c297fd,synthetic
6.198950441569321,7.527921638167857,4.739383176235313,4.540073146030999,5.9886725436881605,7.074348241749443,4.727725030193013,2.9234702802017893,2.493317710062121,4.970676704381268,13.274921815408499,bureau,gestion_projet_si,1,1,0,0,1,1,0,1,0,0,0,0,0,1,0,0,0,1,IGGLIA,synthetic_corpus_v2,syn_f8ed132f2606,synthetic
8.19648693210435,2.5660623475724718,4.4681701148561705,4.4676764671773554,2.831136674561269,6.281251808366866,4.312898463731821,8.554520124676857,5.662173788555823,2.4658240744382405,13.791602649456651,labo,agroalimentaire,1,1,1,1,1,1,0,1,1,0,1,0,1,1,0,1,0,1,IAA,synthetic_corpus_v2,syn_f0d894309643,synthetic
7.956471862553974,3.8692726092588106,3.7362153777587492,8.727573188494894,3.1021599908190662,4.453123956599908,6.534653866196053,1.9262814964586075,3.004771416147124,3.7713183338541256,11.672554485897876,terrain,genie_civil_archi,1,0,0,0,1,0,0,0,0,0,1,0,0,1,1,0,0,1,GCA,synthetic_corpus_v2,syn_31169e3a33e1,synthetic
7.937642160588552,6.142870209424533,4.235112360344296,3.119545894422816,9.8058684895405,4.415934516637993,6.901761930873417,3.8361695496694828,5.0502503893889275,3.1854281170408125,10.182481823192447,labo,industrie_automatisme,0,0,1,1,1,1,1,1,0,0,0,1,0,0,0,1,0,0,EMII,synthetic_corpus_v2,syn_a0730e9dc1a6,synthetic
4.200577933125899,6.755925376452925,4.808632210414508,5.791006634094518,2.073965543064852,9.3263017990972,5.068182679356753,2.770277386092585,1.441086902132637,3.5791288253994376,12.549695619922847,bureau,developpement_logiciel,1,1,1,0,1,0,0,1,0,0,1,0,0,0,0,0,0,0,CAA,synthetic_corpus_v2,syn_6ebfac8b5e75,synthetic
8.471458654666641,2.6071200771550496,5.231540325901166,4.91191301494152,4.527881110120685,5.667288230211561,6.873029495626305,7.694973712739665,5.2463567602184735,2.5755479580379332,12.330155700040459,bureau,pharmacie,0,0,0,0,0,0,0,1,0,1,0,0,0,1,1,1,1,0,PIP,synthetic_corpus_v2,syn_917c0c6f6cb8,synthetic
8.80125873854799,3.9706961092143924,4.15548763253507,2.597590103026416,7.796254656659918,4.815318833066292,9.14468269411065,5.276378683241577,2.9554050337798436,1.8894570385069602,13.371048320658415,atelier,electronique_embarque,0,0,0,1,1,0,1,0,1,0,1,1,1,1,1,0,0,0,CAA,synthetic_corpus_v2,syn_8517e7b66aca,synthetic
5.841167636117821,4.678895388275642,8.002978653531041,5.633401711622673,1.3857483907979389,7.347120873912347,2.661847514992748,2.073680043048738,5.300924352008719,8.565309818790741,14.555412926755888,remote,finance_compta,1,0,1,0,0,1,0,0,0,1,0,1,0,0,0,0,0,1,FIC,synthetic_corpus_v2,syn_3d831640797d,synthetic
7.337189760988912,6.644157570015669,6.634783326768887,3.6704918267202338,8.807208565308363,2.2361340624034503,6.869701998816869,1.5395222944888218,3.0133537952140443,3.0186080437023715,13.361231617829185,atelier,recherche_appliquee,1,1,1,0,0,0,0,1,1,0,0,1,1,0,1,1,0,0,ESIIA,synthetic_corpus_v2,syn_76dfa5438956,synthetic
5.209673584875306,3.5151360114063794,2.8254238983643605,4.551847763036985,0.13981832538093908,7.233761465192573,3.853052736903674,3.4700030782117186,8.20623494038485,7.789416056807074,13.90435646023946,bureau,commerce_gestion,1,0,1,0,1,0,1,0,1,0,1,0,0,0,0,1,1,0,TEH,synthetic_corpus_v2,syn_f312886bc53c,synthetic
6.534147376447401,7.8368200863699675,4.218995558558097,2.615828236316633,9.134990936698166,4.2719497957642485,6.691576123808064,0.6563797655658787,3.9776277958365194,2.127458130487822,13.044468635428938,bureau,electronique_embarque,0,0,0,1,0,0,1,1,0,0,0,0,0,0,1,0,0,0,ESIIA,synthetic_corpus_v2,syn_7e346650baca,synthetic
9.008466640111932,6.610036788832658,5.093563630658747,4.234683817779827,9.344150959484676,1.7575863516140675,6.765040560487823,2.060717773390145,2.4036802516315134,4.196588244959664,15.158394411811296,bureau,pharmacie,1,1,1,1,0,1,1,1,0,0,1,0,0,0,0,1,0,0,ESIIA,synthetic_corpus_v2,syn_880992f08de0,synthetic
4.884440612350123,1.2554871559135168,5.469722359408204,1.6782966405913926,3.459193848076408,4.731803198047342,2.384129662164298,10.0,0.44901678850365556,3.4018894524924046,12.850938053935216,labo,agriculture_elevage,0,0,1,0,0,0,1,0,1,0,0,1,0,0,1,0,1,0,AEE,synthetic_corpus_v2,syn_e656260539ec,synthetic
7.960737048729222,0.36672441554919377,5.57757169174162,1.2048617311394236,0.7861868120717044,3.2208706471527844,5.279929023821317,8.152949351386953,6.328480098065442,3.5988636084479757,13.266565846524697,labo,recherche_appliquee,0,0,0,0,0,0,0,0,0,1,1,0,1,0,1,1,0,0,PIP,synthetic_corpus_v2,syn_81c39cb82157,synthetic
5.45041026870461,4.214688777764129,4.321115924802175,10.0,2.628675833431712,7.736915232039552,4.228372908540604,2.009829013341835,4.703404407741361,3.907872484305827,14.405750031996433,startup,multimedia_ux,1,1,0,1,1,0,0,0,0,0,0,1,0,0,0,1,0,1,IMTICIA,synthetic_corpus_v2,syn_fa310a61fffd,synthetic
5.435985009614033,5.0781627116183365,3.58629162139468,2.0599077622813553,5.150970125557834,4.051900528245154,7.095161871614889,7.643527292576016,4.079096083428531,3.6380663261717117,13.32087805683001,atelier,industrie_automatisme,0,0,1,0,0,0,1,1,1,0,1,0,0,1,1,0,0,0,ICMP,synthetic_corpus_v2,syn_191a884e09d3,synthetic
3.0965645876628978,2.939578494908916,5.33335049308028,2.579781576126392,1.2461594225206416,7.835179211977171,2.8693015002284143,2.5148699955105127,8.305074506248541,9.466305112603536,12.583424063722923,bureau,droit_affaires,0,0,0,1,1,1,0,0,1,1,1,1,0,1,0,0,1,0,DTJA,synthetic_corpus_v2,syn_0573a5680cf2,synthetic
6.013635239802779,2.4918909370556808,8.36671823136385,3.9201976166996264,1.9757047060481332,5.4866293177251935,6.118995897676521,9.328493379593302,5.834976883261665,3.5696858265946694,14.256196590860876,bureau,recherche_appliquee,1,0,0,1,1,0,1,0,0,0,0,1,1,0,1,1,1,0,PIP,synthetic_corpus_v2,syn_8842aa56a85b,synthetic
8.00239449630086,6.3312717749831116,2.05280767369469,3.8480783105647665,7.286951119859094,2.7754102925480346,8.613975211195546,1.178054627519269,4.733234296356645,4.720765245027685,10.314146279322124,remote,industrie_automatisme,0,1,1,0,0,0,0,0,0,0,1,1,0,1,0,1,1,0,EMII,synthetic_corpus_v2,syn_65f550ccc332,synthetic
6.503632400306853,2.2259835370117327,1.929801514101785,8.280490494080649,1.9190560095676408,4.7136856891665095,9.86958331725256,2.829735557101328,5.1172853076096025,2.295288897309888,15.097531714859025,chantier,genie_civil_archi,0,0,0,0,0,0,0,1,0,0,0,0,0,0,1,1,0,1,GCA,synthetic_corpus_v2,syn_6f07e12b4aaf,synthetic
2.964885238497561,2.8708907248051796,4.783517742398781,3.5900993560680017,1.5318163104045914,5.733154187342309,2.3774655452496583,2.287793785076446,6.424141820395972,8.637190145246603,13.549645508487592,atelier,droit_affaires,0,0,0,0,0,0,0,1,0,1,1,0,1,0,0,1,1,1,DTJA,synthetic_corpus_v2,syn_f55e994f2048,synthetic
3.4218570893668865,1.032537971024501,5.04043480099468,3.469854719745624,3.2970825328196502,6.526738016680422,0.8445159237868092,2.7665653000311683,6.999581643604858,8.627766174718685,13.787643152688839,bureau,droit_affaires,0,0,1,0,0,0,1,0,0,1,1,0,0,0,1,1,0,1,DTJA,synthetic_corpus_v2,syn_11b61fa4f8e1,synthetic
7.2519131471311065,2.7049791155995715,6.520988424965536,0.7994062151381507,3.2704736394939244,5.010520627460034,5.790906854923619,8.573370252666402,4.526707215702222,3.37281612504569,15.343448309122705,terrain,agroalimentaire,0,1,0,0,1,1,1,0,1,0,0,0,0,1,0,0,0,1,IAA,synthetic_corpus_v2,syn_20a88a4170af,synthetic
4.869032461503782,2.484344503979255,4.868986383154213,4.745855665906809,0.802330233125691,8.368928600175055,2.1238902774017183,1.118425087212096,5.745994872689398,8.153896313377244,12.665788030754209,remote,commerce_gestion,1,0,0,1,0,1,0,0,1,1,0,0,0,0,0,0,0,1,CAA,synthetic_corpus_v2,syn_f7697b4385ec,synthetic
5.113687057174953,7.54281997005484,4.373579352124163,0.9020686653360079,3.2988308569511187,8.463905945833085,3.1971315355800645,0.9786201380529882,3.485822101035484,4.605383840501582,14.655330023923817,startup,gestion_projet_si,1,0,1,0,1,1,0,0,0,0,0,0,0,1,0,1,1,0,IGGLIA,synthetic_corpus_v2,syn_5030eb1e58bf,synthetic
7.732832093921254,2.520693105440042,4.198573461969593,1.1089167960414192,3.034286656771256,4.201291030016126,6.92274944505205,10.0,5.046673167058949,3.402656362462265,12.271869114178145,bureau,recherche_appliquee,0,0,0,0,0,1,0,0,0,0,0,1,1,0,1,1,1,1,PIP,synthetic_corpus_v2,syn_a8024874e19b,synthetic
6.723642575122073,3.6486392078674905,4.882542459446722,2.9604296368574805,3.511194185153072,4.910480831705985,2.95299833948993,6.698530174359394,4.148082248635266,3.6439628423939205,16.208043860407678,labo,agriculture_elevage,0,0,0,0,0,0,0,0,1,0,1,0,1,0,0,1,0,0,AEE,synthetic_corpus_v2,syn_48b6697bfac1,synthetic
5.523379643888879,3.432173749554382,4.138640980681783,1.6944701112308092,1.9320251256309948,4.687972595249178,3.454638128108236,6.468751931621322,5.104153086883266,5.029091842988976,13.836556124185083,terrain,gestion_projet_si,0,0,0,1,0,1,0,1,0,1,1,0,0,1,0,1,1,0,IAA,synthetic_corpus_v2,syn_8dad7bfe57e4,synthetic
6.336951230766133,9.42297120325858,5.116466722075254,6.538311374537786,5.288831595765048,7.640140227004452,3.22641501149588,2.2783918247797263,3.7792159293219285,5.150266036729722,14.5313199018103,startup,developpement_logiciel,1,1,0,0,1,0,0,0,1,1,0,0,0,0,0,0,0,1,IGGLIA,synthetic_corpus_v2,syn_944762c30bef,synthetic
5.005811546977002,6.554653978327787,1.5679616947286283,9.58535483627222,3.5395727440446483,5.839762994663215,1.504544116963667,4.875865555382968,7.824651526840273,3.853224381799899,13.987992134285765,bureau,developpement_logiciel,1,1,0,0,1,1,0,0,0,0,1,0,0,0,0,0,0,0,IMTICIA,synthetic_corpus_v2,syn_558c5eb3bfc9,synthetic
2.8366073934097957,5.0099881096767,5.001920622239406,2.3394088733839835,0.1352409684962721,8.139123337060202,0.777120424302975,2.9608602470189918,9.282899429632328,8.220278812308246,11.891519803820856,bureau,droit_affaires,0,0,0,1,0,1,0,0,0,1,0,0,1,0,0,0,1,1,DTJA,synthetic_corpus_v2,syn_b5ea799bf9c2,synthetic
7.745685425009433,8.20155786977017,6.58662686367296,3.5227228865966906,6.192484998516292,4.870170966391117,3.9522387217652053,2.487350379859276,4.443918277633321,5.3424730706426455,13.587650891369798,bureau,gestion_projet_si,1,1,0,0,0,1,1,0,0,0,0,1,1,1,0,0,1,0,IGGLIA,synthetic_corpus_v2,syn_753ec46e38c4,synthetic
2.994597019549004,2.0550604408407547,3.3457392460201714,5.1350599735392315,2.6310217116044705,9.26845416006055,2.2913939502504013,2.8138409743982375,8.511411121418671,4.478384247337752,10.047300066172074,terrain,commerce_gestion,0,1,0,0,0,1,0,0,0,0,1,0,0,0,1,1,1,1,TEH,synthetic_corpus_v2,syn_3413b7545206,synthetic
7.40919578603111,4.011773935136082,6.790360226679296,2.4755507286805383,7.041131833775171,4.544948141298718,8.565545624312932,3.689648417497598,4.5515050718301255,2.3077636206124152,13.038830015138185,terrain,electronique_embarque,0,1,0,1,0,1,1,1,1,0,0,1,1,1,0,1,0,0,EMII,synthetic_corpus_v2,syn_38ff45935d89,synthetic
5.150751915947093,2.009118093242544,5.901547965946158,2.554403970880995,0.0,6.586490361769466,2.0565924113625753,0.0,9.448803098155825,8.88110800138058,11.271406244612024,bureau,droit_affaires,0,0,1,0,0,1,1,1,1,1,0,1,0,0,0,0,1,0,DTJA,synthetic_corpus_v2,syn_e16e7e0ddbc7,synthetic
7.7627450340835535,2.785450067295177,5.589202416424056,1.2373177332272012,5.1292227610983465,4.046479602307178,6.446510471757184,10.0,3.613948006161767,3.653618416194203,14.416987595455502,bureau,recherche_appliquee,1,0,1,0,1,0,0,1,1,0,1,1,1,1,1,1,0,1,PIP,synthetic_corpus_v2,syn_0dd2a6e13c22,synthetic
5.983312422861127,6.499906188586402,3.505675336179132,2.3760285090843447,8.769867226931149,5.144550368612957,8.71133336372604,1.2368311475106994,2.604039641284542,3.4767891404765523,13.945047569064267,labo,electronique_embarque,1,0,0,0,1,0,1,0,0,1,1,1,1,1,1,1,0,1,EMII,synthetic_corpus_v2,syn_8d558902a90a,synthetic
9.278555093006453,5.590927083203604,9.683473045864183,3.638689029690619,3.744314998352607,5.349770698516696,4.912453888884043,2.0308173482619947,2.613702608436999,5.686761368580647,16.01749150859194,labo,recherche_appliquee,1,1,0,1,0,0,0,1,1,1,0,0,0,1,1,0,0,0,ISAIA,synthetic_corpus_v2,syn_974e1d074a65,synthetic
7.096027574225819,2.904310275995255,3.722117879563998,3.8882310811371825,0.3418191904617165,10.0,2.0654308548515496,2.4379113778230046,5.688769103282164,8.407000835371958,13.681548225496485,atelier,commerce_gestion,0,1,0,1,1,1,0,0,0,0,0,1,0,1,0,0,0,0,EMP,synthetic_corpus_v2,syn_e45c18993d0c,synthetic
4.300465563608854,4.227463264958979,3.4880977722244166,2.574368352980331,2.3191226510549163,10.0,1.4814563386628867,2.0562928918579204,7.133564415898816,7.432739585558011,9.849748233840371,startup,commerce_gestion,0,1,1,0,0,1,1,0,0,1,0,1,0,0,0,0,1,1,CAA,synthetic_corpus_v2,syn_f8221832bcc7,synthetic
6.927206659840207,5.460461135724274,4.203313110424545,3.03171374385181,6.4189086235705375,4.485298119367267,7.690759733657085,2.090746941436835,1.7597288588594604,2.7893508186855183,14.204460350186908,labo,industrie_automatisme,1,0,0,1,0,1,0,0,0,0,1,1,0,1,1,0,0,0,PIP,synthetic_corpus_v2,syn_bbf7109308a5,synthetic
5.541428651785557,4.3438986194060885,6.930459225323923,2.860233938359629,2.628182402197941,6.701797492355032,2.144609616553754,2.7769667901866155,8.332313255457384,9.431363695760462,13.313394319622361,startup,commerce_gestion,0,1,1,1,1,0,1,0,0,1,0,0,0,0,0,0,0,1,EMP,synthetic_corpus_v2,syn_db5c228f4e73,synthetic
5.015161008308904,1.9243788680655922,3.423336064440588,6.062376139760177,0.6032516583105385,6.026858276119512,2.7730839352577283,6.293973430612275,9.470929505486296,4.196898251353231,13.961222063646208,bureau,tourisme_hotellerie,0,0,1,0,0,0,1,0,0,1,0,1,1,0,1,1,0,1,TEE,synthetic_corpus_v2,syn_e67cf416c851,synthetic
5.993567645681051,3.777693745762421,1.8687219303220615,2.7737750894114175,2.6923843482632317,3.6967129274537456,6.2256869407188,8.631806696443538,4.6055212798186655,3.3013495519911626,11.927148393460744,terrain,industrie_automatisme,0,0,1,1,0,1,1,0,0,0,0,0,1,1,0,1,0,1,ICMP,synthetic_corpus_v2,syn_a24f76323950,synthetic
8.259325303597869,4.255635142341323,5.332369778787492,3.513861023083419,9.7223783496874,2.6131818323811,6.201494212565191,1.2773456384455915,4.626784502861097,3.6439017568282384,11.575294333574314,atelier,electronique_embarque,0,0,1,0,1,0,0,1,1,0,1,1,0,1,0,0,1,0,ESIIA,synthetic_corpus_v2,syn_31ca6542f1eb,synthetic
7.4915353017398,2.4932917946773694,3.2438401514687714,3.697305767722838,6.853063525101581,5.440612511829283,7.051348411370964,3.458062318956225,4.5183319863342035,3.947881152748323,12.01718526624948,labo,electronique_embarque,0,0,0,1,0,1,1,0,0,1,0,0,1,1,1,0,0,0,EMII,synthetic_corpus_v2,syn_5d1730cb9568,synthetic
8.652981210757842,6.676968186760312,5.422441947964032,4.152464815334016,8.668158064174504,3.7277438802649874,8.90745613564449,4.304135672122155,2.3445250928679835,1.3376166706682515,10.839026301635258,atelier,multimedia_ux,1,1,1,0,0,0,0,1,0,0,1,0,0,1,0,0,1,0,EMII,synthetic_corpus_v2,syn_4decf343fbbf,synthetic
6.656815930302745,6.983299307684568,7.743761512371003,3.467825424946653,5.578986771567752,3.2004844090526845,6.05550105890439,3.6063557341210504,3.8874167721761195,4.2762215910498025,13.917335191805332,labo,electronique_embarque,0,0,0,1,0,1,0,0,1,0,0,0,0,0,1,1,0,0,ESIIA,synthetic_corpus_v2,syn_5cfdf101e5fe,synthetic
8.156456551251438,6.063178671277126,4.243669129215302,2.573149904334287,9.086903686724753,5.054760707801587,9.459784458759128,2.9840709277897552,3.8264490928258015,4.06342904487519,11.543112752257517,bureau,recherche_appliquee,1,0,1,0,1,0,0,1,0,0,0,1,0,0,1,0,0,0,ESIIA,synthetic_corpus_v2,syn_403aa8e7b915,synthetic
6.365511257969736,3.2588303808748282,5.620817646996555,3.377329604007227,2.534518504485013,10.0,3.614434979464689,3.911704429678073,3.8771814878056663,6.149841342731486,13.054514142858027,remote,finance_compta,1,0,0,0,0,1,0,0,1,0,0,0,1,0,1,0,0,0,FIC,synthetic_corpus_v2,syn_93738e2b6973,synthetic
9.6301175607444,6.589168067940963,7.810530615978959,3.3294594196172254,2.580934707548766,4.126979390183704,3.8976137512816984,1.4436905830961286,5.068659176090844,6.18494205288295,14.075706820347873,bureau,data_science,1,0,0,1,0,0,0,0,0,1,0,0,1,0,1,1,0,0,ISAIA,synthetic_corpus_v2,syn_4f1ba85dc8a1,synthetic
3.9995051341119487,2.497541354423326,3.3769008776653107,5.649088939457213,0.541529163581483,5.827193504418805,4.018281202020866,6.100963920865884,8.505744373994576,5.258616988939521,9.85876892184769,bureau,tourisme_hotellerie,1,0,1,0,0,0,0,0,1,1,0,1,1,0,0,1,1,0,TEE,synthetic_corpus_v2,syn_dc9d284d6447,synthetic
5.011674983349969,8.199583438055626,2.2117075295216018,10.0,4.51244615074634,5.507391073674679,3.495943357173206,2.055283843179969,3.97769900607348,4.196343596573999,12.869869336960255,bureau,multimedia_ux,0,1,0,1,1,1,0,1,0,0,1,0,0,0,1,0,0,0,IMTICIA,synthetic_corpus_v2,syn_52c58174f869,synthetic
6.778991870860205,10.0,6.4440938992641374,2.445303069027209,1.510371465572322,8.031069519345406,4.901423950716854,0.5072210382001394,4.248230953317695,7.84786208117069,13.097042603098455,remote,developpement_logiciel,1,1,1,1,0,1,0,1,0,0,1,0,1,0,1,0,0,0,IGGLIA,synthetic_corpus_v2,syn_5c0dd66e8470,synthetic
4.131154292971976,2.192400619250969,4.289753649680261,3.107842157976759,0.39328091110324825,5.880775748610474,1.9021439635456177,0.0,7.012308876106708,8.815034174645326,13.5962493398909,bureau,droit_affaires,1,1,0,1,0,0,0,0,0,1,0,0,0,0,1,1,0,1,DTJA,synthetic_corpus_v2,syn_73e135d6ffb3,synthetic
9.725031339669322,2.895970028347366,5.6922729375317225,2.9895952090707056,2.5073712108550326,4.543328640088829,5.0115884368269175,6.260460343323509,5.943473042285007,5.435443562260307,12.25373291853737,labo,pharmacie,0,0,0,0,1,1,1,1,0,1,0,1,1,0,0,1,0,0,PIP,synthetic_corpus_v2,syn_1a8d02dcecad,synthetic
6.597244347667573,4.878932277277172,2.160962492809492,6.850662815351119,3.5776107205473964,5.179355435885857,2.0757038085562387,3.133179075327451,6.399153648632737,0.7312141295279893,13.276351201870632,remote,multimedia_ux,1,0,1,1,1,0,0,1,1,1,1,0,0,0,1,1,0,1,IMTICIA,synthetic_corpus_v2,syn_b5f4dc7d5c8e,synthetic
5.040756960525169,7.565606305986837,4.932734560466654,10.0,2.4017652113666172,5.889657826519179,3.436937507253897,3.881982057704245,5.123465824484677,4.446598747049892,11.214035002017727,remote,multimedia_ux,0,1,0,0,1,0,0,1,0,1,0,0,0,0,0,0,0,1,IMTICIA,synthetic_corpus_v2,syn_a7dc057acce8,synthetic
6.398181947423511,4.056157003305578,3.7305769120759433,1.5235500738268943,7.235445642182958,5.599971509398936,8.114326645656833,3.657967006774066,4.611506019733715,4.299612787959042,13.040392486400215,atelier,recherche_appliquee,1,1,1,1,1,0,0,0,0,0,0,1,1,0,0,0,0,0,ESIIA,synthetic_corpus_v2,syn_19c9b3f63285,synthetic
7.552815385890451,3.2025321320238063,4.698491112914328,6.441671439590851,3.983632903712281,6.901685832893235,7.981838807858557,2.254064253251202,2.775790437466669,4.775617989682726,11.646258318463072,chantier,genie_civil_archi,0,0,0,0,0,0,0,0,0,0,1,0,1,0,1,0,0,1,ICMP,synthetic_corpus_v2,syn_d931405b693b,synthetic
5.775755656716188,4.312311359987202,5.02478113956324,1.5501378157600316,2.4138177649073747,6.766410738273376,6.916659407244626,7.074038924469713,2.627590914643464,4.806384965746537,14.51662675948475,terrain,industrie_automatisme,1,1,1,1,1,0,1,0,0,0,0,0,1,1,0,0,0,0,ICMP,synthetic_corpus_v2,syn_94e7cc2ad2a0,synthetic
5.543298772255833,7.706769436564634,4.481708093288561,7.899110289849536,1.3651066082734478,3.7790213442495446,3.1851992309488306,2.218295636550075,5.701469993147901,5.334708807992371,10.616127310669878,startup,developpement_logiciel,0,1,1,0,1,1,0,0,1,1,1,0,1,0,0,0,0,0,IMTICIA,synthetic_corpus_v2,syn_4bc4d7fec8d3,synthetic
6.239791537253164,6.043425781989679,4.648208168020388,2.8638815208898736,3.8734323021729686,7.371517827823699,2.4093965321497235,2.683243956731446,4.41881311031687,1.951492505226891,15.161880793039883,bureau,developpement_logiciel,1,0,0,0,1,1,0,1,0,1,0,0,0,0,0,0,0,1,IGGLIA,synthetic_corpus_v2,syn_4ea8db3f5201,synthetic
6.590367063987483,5.950535766791935,4.165731808599401,8.805393297947472,2.7927477619740633,4.935836166987363,9.879908709811177,1.898918921594483,4.559948683301133,4.647444117764119,13.605683465464331,terrain,genie_civil_archi,0,0,0,1,1,0,0,0,1,0,1,0,1,1,1,0,0,1,GCA,synthetic_corpus_v2,syn_8e733cb2ef3b,synthetic
2.934070247273044,5.049832865720207,2.0383069362608754,7.218601232151593,1.9597709678423045,5.720587447697367,3.49037681566238,5.540036618421421,10.0,4.169595559245536,11.653232756954258,bureau,tourisme_hotellerie,0,1,1,1,1,1,0,1,0,1,0,0,0,1,1,0,1,1,TEE,synthetic_corpus_v2,syn_7dbf99c3ecbf,synthetic
4.565760790453107,3.2753760026433785,5.762918952412915,3.160787432745296,2.819300680675576,7.7388580217713265,1.4199584277017336,2.78075952004752,8.932446535366974,5.893248154019951,13.849207625334065,bureau,finance_compta,1,1,0,0,1,1,1,1,0,0,0,0,1,0,0,0,0,0,AEE,synthetic_corpus_v2,syn_d68590732fc8,synthetic
7.730243312027314,0.7235287198635065,5.058742506606855,6.538889863789085,3.2969150744882003,4.8515246785777695,6.340295580904299,1.6821657316277754,6.3281828621456295,3.2288502367383316,14.211722334133704,terrain,genie_civil_archi,1,0,0,0,1,1,1,0,0,0,0,0,0,0,1,0,0,1,GCA,synthetic_corpus_v2,syn_4484932ec619,synthetic
6.6526478158455555,8.810522335076516,6.91551391626716,1.8564458918428213,1.99341059218332,7.4157130227134,0.7143489699930554,2.2460190157904827,5.515278375890538,5.4759665883912865,13.618491125671985,startup,gestion_projet_si,1,0,0,0,0,0,0,1,0,1,0,0,0,0,1,0,0,0,IGGLIA,synthetic_corpus_v2,syn_7bc9673eade4,synthetic
5.1634593378253655,7.043574223183492,3.722764841430959,7.898644138958242,2.530152978516103,5.142563744042018,5.597036767808536,2.8758915851452347,6.047850400160493,1.9891898341965042,10.646981057636763,bureau,multimedia_ux,0,1,1,0,1,0,1,0,0,0,1,1,1,0,1,0,1,1,IMTICIA,synthetic_corpus_v2,syn_6bf40c83ad04,synthetic
8.030229882432062,7.0137333017342485,8.56703722754027,1.6286992508826046,3.807356284486996,6.780602967534414,4.6037129245577875,1.9619861145115833,2.732660430671089,3.418328718445368,14.154549405343639,remote,data_science,0,1,0,0,0,0,1,1,0,1,0,1,1,0,0,0,0,0,ISAIA,synthetic_corpus_v2,syn_2cbc53159c59,synthetic
5.229472073557305,1.4080097692652698,6.902424726252288,4.369513135856935,2.426324009208385,6.154502400650238,5.151919501240421,8.07650477537072,5.657709793746177,2.749500117573956,9.712537845768585,labo,agroalimentaire,0,1,1,0,0,0,1,0,0,1,0,0,1,1,1,0,1,1,IAA,synthetic_corpus_v2,syn_1af63d481545,synthetic
9.024619016557807,3.449041477132816,5.373824373205689,2.9774836934317226,4.365557656395184,4.965243117132599,5.732483256075446,9.317484453804418,3.28565900207646,3.9685716922510257,12.68717132373483,labo,recherche_appliquee,0,0,0,0,0,0,0,1,0,0,1,0,1,0,0,1,0,0,PIP,synthetic_corpus_v2,syn_2150e1690392,synthetic
7.727418768867211,2.376864048271666,4.212128330354707,2.976100322298487,2.167277574091381,4.107222192628902,5.434828882300837,7.392351826169812,6.750638358208784,4.475173054887101,13.05491817214415,chantier,pharmacie,0,1,1,0,0,0,0,1,0,0,0,0,1,0,0,1,1,0,PIP,synthetic_corpus_v2,syn_24b11f03cf32,synthetic
5.9068034375688505,1.3711179058680731,2.7784200518287383,4.137006768017281,2.9978335878545055,6.9494283892100315,3.666476203971121,3.390438330269098,9.241883021018177,5.1548375898608585,10.182611668822904,terrain,tourisme_hotellerie,0,0,0,0,1,1,0,1,0,1,1,0,0,0,1,1,0,1,TEH,synthetic_corpus_v2,syn_99f9e1142317,synthetic
5.623589088328275,1.2735801174549923,4.165921019281581,6.803104494837832,1.4390409844774033,7.1196835750825365,3.893323538413834,2.9176082238334233,10.0,6.745269304921567,11.964076605704124,terrain,tourisme_hotellerie,0,0,0,0,0,0,1,0,0,1,1,0,0,1,0,0,0,1,TEH,synthetic_corpus_v2,syn_8c89bacbe163,synthetic
3.8767186659694506,2.751350078679062,2.838931978284651,4.372955131227835,1.4220403644881494,6.670303802124713,3.8072316343344133,6.104369299922797,8.056741189720778,2.638618119895732,14.908811576217301,bureau,tourisme_hotellerie,1,0,0,1,0,0,0,0,1,1,1,0,0,1,0,0,1,0,TEE,synthetic_corpus_v2,syn_76170f56053b,synthetic
6.1874688828474,9.136728714275558,4.751062853898452,7.253465006725653,4.4466023991799135,7.55584569322028,1.8077582493361184,2.8023024277428235,3.077220584187271,5.9119008392694745,9.746705475408678,startup,electronique_embarque,1,0,0,0,1,0,1,0,0,0,1,0,0,1,0,0,0,0,IGGLIA,synthetic_corpus_v2,syn_dd2cfdee5ac0,synthetic
7.651242495200396,5.960375253463851,6.256504890472339,1.5454414382356434,8.396824301045509,5.316305788059407,7.3151230081035665,1.9829757427995927,6.746129000116621,4.702310159936298,13.212449360584197,atelier,electronique_embarque,1,0,1,1,1,0,1,1,1,0,0,1,0,0,0,1,0,1,ESIIA,synthetic_corpus_v2,syn_3f2357ba1325,synthetic
7.214816422100082,4.312750396887184,8.138480873260637,4.339316798661773,2.397736710074718,5.68660958370127,3.0463774880099894,2.231494935532764,6.189611886178655,5.420246662862241,13.540266917129122,labo,data_science,1,0,0,1,1,0,1,1,0,1,1,0,1,0,0,0,1,0,ISAIA,synthetic_corpus_v2,syn_370f8875afa5,synthetic
5.929164882748959,0.8709668717842005,2.656212784965381,2.908800659503947,0.10909618729781956,8.825880198617115,1.8400725588365825,3.0103948539995553,7.528835213610616,8.82803294918378,11.104068600775726,bureau,commerce_gestion,0,0,1,0,1,1,1,0,1,0,0,1,0,1,1,1,0,1,CAA,synthetic_corpus_v2,syn_838dce6ae58a,synthetic
5.381487547481079,6.161690674702828,6.636959137448293,4.895571744827583,2.5341750671511676,8.318001668095539,2.270255240420433,2.131445074318738,3.8636642606697187,4.666890903496229,14.469269917134799,remote,developpement_logiciel,1,1,0,0,0,1,0,1,1,1,0,0,1,1,0,0,0,0,IGGLIA,synthetic_corpus_v2,syn_41452c9dd3db,synthetic
4.358622107585768,4.025469544665052,5.492928868465813,1.9085217795953235,3.21936576404443,4.405028311883828,4.829819495393591,8.677440751717906,4.080828170916925,2.9810840253274042,13.011308573338706,terrain,agriculture_elevage,0,0,0,0,0,0,1,0,0,0,0,0,0,0,1,1,1,0,AEE,synthetic_corpus_v2,syn_a200b386b0a7,synthetic
6.699873417841025,1.2004931532952265,7.189541573466922,3.5709402617588695,1.6020068991379373,7.415751157674676,4.8870005246434705,5.331835818805448,8.739416801703053,8.145698830627172,13.516157878888428,labo,gestion_projet_si,1,0,0,1,0,1,0,1,1,0,0,0,0,0,1,0,0,0,EMP,synthetic_corpus_v2,syn_99fb5be0c17c,synthetic
4.146555391286505,3.2728024009158805,4.939910430532681,3.3998484916522957,2.0004414753395627,7.388871422003872,1.886103025180725,2.4566446362549184,4.556972590730466,9.146078646716774,10.440643732917593,startup,commerce_gestion,1,0,0,0,1,1,0,0,0,0,0,1,0,0,1,1,0,1,CAA,synthetic_corpus_v2,syn_a2ec2bef3d01,synthetic
9.573239543556282,6.503023940699484,4.36584211755709,5.890483019597952,6.30579272644013,3.3367856562966063,5.501941242684511,0.29406955218687614,1.5194368843299024,3.740108576488758,11.006421406336454,labo,recherche_appliquee,1,0,0,1,0,0,0,1,1,0,0,1,0,0,1,0,0,0,ESIIA,synthetic_corpus_v2,syn_f5ed5d219e56,synthetic
6.149904614195425,6.615865117155451,5.650732140005097,7.514686864343286,2.9699385756426397,5.863960798853724,2.6411864558474707,3.3601472470631286,6.39578534510926,2.8040856668302894,14.391097738593214,bureau,multimedia_ux,0,1,1,0,1,0,0,1,1,1,1,0,0,1,0,1,0,0,IMTICIA,synthetic_corpus_v2,syn_09e26c1315c0,synthetic
8.200443583649959,5.82767650009653,3.856543123736979,4.4242957535810135,7.4539264209054545,6.233678452184339,6.582749641808166,2.0429969635749394,3.771507650772109,1.1507275533961618,10.692736587785992,labo,recherche_appliquee,1,0,0,0,0,1,1,1,0,0,0,1,1,0,0,1,1,0,ESIIA,synthetic_corpus_v2,syn_6326b3eaca45,synthetic
4.801769742638089,1.8293630330328154,4.772723108441641,4.647477821636135,3.0118516833755438,6.149549627398275,3.4005258040721924,9.240310351917488,3.69438697973824,3.668182136865034,13.423731305886719,terrain,agriculture_elevage,0,0,0,1,0,1,1,1,1,1,0,0,0,0,1,1,0,0,AEE,synthetic_corpus_v2,syn_f1858cb11a02,synthetic
7.364357237697753,3.7261942136045114,6.228002249529423,3.4788709399759483,2.618875521722317,6.634253142184103,2.7185646509645736,2.64155246450247,9.185700148835819,9.869102053165701,12.112340151140808,startup,chimie_procedes,0,0,0,0,0,1,0,1,0,1,1,0,0,0,0,1,1,1,CAA,synthetic_corpus_v2,syn_87761857145f,synthetic
4.723783864897866,3.1092247380919518,3.90869760099321,1.9355366469215225,1.6037450342513226,7.804412772863247,0.4002419713098073,0.4142419769440535,7.205346264287583,8.769203819225355,9.704628205923424,bureau,droit_affaires,0,1,0,1,1,1,0,0,0,0,1,1,0,0,0,0,0,1,IMTICIA,synthetic_corpus_v2,syn_61a0e04bc776,synthetic
7.307053965419282,6.132913306519987,9.938008718015094,4.4770418561933,3.465701609579364,6.499002714695805,4.0230968503203455,1.8134244209988133,4.080664557101414,4.427207149034188,13.231366101133398,remote,recherche_appliquee,1,1,1,0,0,0,0,1,0,1,1,1,0,1,0,0,0,0,ISAIA,synthetic_corpus_v2,syn_6262d7317154,synthetic
6.124524399738112,4.511380655219687,2.3613626251806954,0.5314481222514762,6.928863421393083,5.040028834553419,8.362241575929202,4.3923418666152845,3.5286406782547735,0.45583305018494036,13.516291474818809,terrain,industrie_automatisme,0,0,0,1,0,0,0,0,0,0,0,1,0,1,0,0,1,1,EMII,synthetic_corpus_v2,syn_659f275432e8,synthetic
7.741783454114674,5.8928470412413665,2.80195177652902,0.33470278926144337,9.779249133301509,2.5587208413719713,10.0,3.5665448836765754,4.145046230187694,2.37302471946732,16.381915125001786,atelier,industrie_automatisme,0,0,0,1,1,0,1,0,0,1,0,1,0,1,1,0,0,0,EMII,synthetic_corpus_v2,syn_f87a85027eb9,synthetic
6.701718213647242,3.1999527279974602,4.573350253187516,3.604943449026946,4.080495615176453,7.29517814210079,3.5949229454144636,9.77422863514473,2.5341989149979938,4.657180566515026,12.039011624139278,terrain,agroalimentaire,1,1,0,0,1,0,1,0,0,0,0,1,1,1,0,1,0,0,IAA,synthetic_corpus_v2,syn_0fd2760330f7,synthetic
6.353235501855094,3.7168059060579233,4.244978652067435,3.5817159028119785,1.1758039085124063,6.622243191353207,3.6134879125393313,6.1307032132745976,7.214797926750032,3.6618637829549825,13.160812187505634,terrain,agroalimentaire,0,1,1,0,0,1,1,0,0,1,1,1,0,1,0,0,0,1,IAA,synthetic_corpus_v2,syn_369a934783e2,synthetic
5.8368825092184755,5.578934585724394,5.918889326326008,7.614720252609722,3.2873550953001835,4.080410429332296,2.8000429618672698,1.7082028688905864,6.029057651664921,4.382481253631771,12.614079354361513,startup,multimedia_ux,1,0,1,0,0,0,0,1,1,0,1,1,0,0,0,0,1,0,IMTICIA,synthetic_corpus_v2,syn_09467e0f5e00,synthetic
5.232245767662515,0.589768231658168,4.47785759156197,5.7747746689507755,3.2463915496453186,6.61874872690526,5.362341645741224,4.306586384052503,9.17001985273708,5.574796530234175,13.85407560392352,bureau,tourisme_hotellerie,0,1,1,0,0,1,0,0,0,1,0,0,0,0,1,0,1,1,TEE,synthetic_corpus_v2,syn_b33982fb095f,synthetic
6.742142246951302,5.922520295659653,5.494682888327658,1.7107513503024563,10.0,4.2227427493540555,6.820487504672566,2.020791264174956,4.021087535943061,4.194993177887083,11.658223808527175,startup,electronique_embarque,0,1,0,1,1,0,0,1,0,1,1,1,0,0,0,1,0,1,ESIIA,synthetic_corpus_v2,syn_94f4a88d19a9,synthetic
6.727394448584965,3.9460123840826204,5.78429275622007,3.027536383849208,1.7335494642243485,7.595121913157216,4.509449336343216,9.144734962934367,6.20362088320583,3.5507977643890203,12.789591326643455,labo,pharmacie,1,0,1,1,1,0,1,0,0,1,1,0,1,1,0,0,1,0,PIP,synthetic_corpus_v2,syn_dc50dc28bf61,synthetic
6.617779733836101,7.5500454901478005,3.5379575046732423,3.3422055540937947,2.571109413349692,7.549364687974812,2.826187450497776,0.760551357085901,3.433975568187737,2.928018086530181,15.205691972828564,bureau,agriculture_elevage,1,0,0,0,1,0,0,0,0,1,0,0,1,0,0,1,0,0,IGGLIA,synthetic_corpus_v2,syn_4fb8d3c9fc9e,synthetic
5.029805017314259,6.977472607981547,4.056988154712666,8.691704309411326,3.257984888229819,3.007110273442648,2.828227872932732,3.567847269953436,4.379772901038451,2.3163900183247796,14.23347095426195,bureau,droit_affaires,1,1,0,0,1,0,0,0,1,0,1,1,0,0,1,1,0,0,IMTICIA,synthetic_corpus_v2,syn_9ca862fdc1d5,synthetic
4.723772126182704,3.445209563066766,4.26352582697439,3.5508238450740213,0.6185475702590157,5.546787689496398,4.7613557476829405,8.193543145945894,3.020713913794497,3.7602022681240537,13.586069061474403,labo,agriculture_elevage,0,0,1,1,0,0,1,1,0,0,0,1,1,0,0,0,1,0,AEE,synthetic_corpus_v2,syn_c01ea90e0e6d,synthetic
6.301132314776561,6.156708268118944,7.30651026726061,1.31685160378948,9.208843254679143,5.353635288160222,6.679763160903181,1.6987254225958286,3.5575985232028975,2.1726528839146773,13.09970649363107,atelier,electronique_embarque,1,0,0,0,0,0,1,1,0,1,0,0,0,1,0,1,0,0,ESIIA,synthetic_corpus_v2,syn_24e608551400,synthetic
7.700301939019082,6.435382776400882,3.9651412743946786,3.778774591623026,8.597915595476113,3.559547439304249,8.354536927912278,2.279421746724772,4.646655993615906,2.265319306980938,11.180234186509102,labo,industrie_automatisme,0,0,0,1,0,0,1,0,1,0,0,0,0,0,0,0,0,0,EMII,synthetic_corpus_v2,syn_32b45dab582e,synthetic
6.957614508881345,4.004356502974811,4.295335116054002,3.5576923724947145,4.698970641547602,4.284049673114922,6.008282423780047,7.391206951288964,6.532804273787903,2.591085538069822,15.296171087831743,terrain,chimie_procedes,0,0,0,0,0,0,1,0,0,0,0,1,0,0,1,0,0,1,ICMP,synthetic_corpus_v2,syn_31b8bb2599c3,synthetic
6.835969172104928,6.307547468554766,3.8628104159409937,6.706247400791769,2.3186027872437474,4.10349585991435,3.5150454932852613,2.5591512894113317,5.563844492183682,2.585338619866672,14.789660737328841,bureau,multimedia_ux,0,0,1,0,1,0,0,0,1,0,1,1,0,0,0,0,0,0,IMTICIA,synthetic_corpus_v2,syn_b177c3247b4e,synthetic
4.815742502471357,2.663588477418957,4.912414493985079,0.4320219671840655,0.8117708128355853,7.895355493053795,4.306511746863629,1.9707701380156122,5.074844962900741,8.61933722918724,12.909775213801447,bureau,droit_affaires,0,0,1,0,1,1,0,0,0,1,0,0,0,0,1,0,0,1,DTJA,synthetic_corpus_v2,syn_b702d82606b3,synthetic
5.1458367301770584,2.1513084510664324,4.716180902703978,5.534673885444874,2.99565666853623,5.8018638989765545,7.219676163049959,8.833391639645159,5.877430739623625,4.073270310422363,13.194736368203229,labo,agriculture_elevage,1,0,0,0,1,1,1,1,0,0,0,0,1,0,1,1,0,1,AEE,synthetic_corpus_v2,syn_4dbdb36d9f70,synthetic
8.432510878475663,5.262545638297199,5.507121874656814,3.648546816677333,4.166250138216759,4.630257789931705,4.446505494888918,8.50866887337743,5.4944275433549405,3.972574611357254,11.311717184575505,remote,agroalimentaire,0,1,0,0,0,0,1,0,1,0,0,1,1,0,1,1,0,1,PIP,synthetic_corpus_v2,syn_951dd9f41fe0,synthetic
10.0,6.432342621453856,7.81125312424835,3.5797552926521816,3.6551027022782563,4.304877249105065,3.847459113013611,4.076300527573226,3.659017116881787,2.8716141662285626,13.044031660316513,labo,data_science,1,0,0,0,1,1,0,0,0,1,0,0,1,0,0,0,0,0,ISAIA,synthetic_corpus_v2,syn_e118ebbd8cf8,synthetic
6.332113730760319,2.9568430087665756,5.220599335635757,5.471400143425279,0.5977135005369563,7.464071663856531,1.9967719535104536,2.1723653813905495,8.387846929528994,6.302360741025109,12.455750173482832,bureau,commerce_gestion,0,0,0,0,0,1,0,1,1,1,0,1,1,0,0,1,0,1,CAA,synthetic_corpus_v2,syn_f0fa6348ada0,synthetic
5.444313383598851,7.317723150500917,4.258309024136225,7.320447431282965,3.464609238792483,7.849966276613273,1.8930565872678564,2.3477040179010453,5.5365042743107935,6.3958380546392775,11.05891185032375,startup,multimedia_ux,0,1,0,0,1,0,1,0,1,1,0,0,1,0,0,0,0,0,IMTICIA,synthetic_corpus_v2,syn_3fcbacfff3c1,synthetic
2.910226858530437,6.028695367260784,4.528484267742143,6.338916646489196,2.269850029383387,7.040266600235477,3.6399402522641653,2.665873176196222,4.733058676059901,5.00033835851167,11.873981375855944,startup,multimedia_ux,0,0,0,0,1,0,0,0,0,1,0,0,0,0,0,1,1,0,IMTICIA,synthetic_corpus_v2,syn_10cb7394524d,synthetic
6.083226753994302,5.4745100213979105,5.479229217100299,1.1483652490133167,6.919571871459935,4.978812635031497,8.097407025002504,3.9996897465324017,4.555879793888934,3.0125070532088567,14.93360382924363,labo,recherche_appliquee,1,1,1,0,0,0,1,1,0,0,0,1,1,0,0,0,1,0,GCA,synthetic_corpus_v2,syn_1e03fe0257c1,synthetic
4.8918101103933,3.722878578897033,3.6037042151810454,7.581664731955701,2.423448634074612,5.966421136317662,2.4906746581446133,6.251541289824593,8.982227261686038,5.11433240547368,15.241171667612775,terrain,tourisme_hotellerie,1,0,0,0,1,1,0,1,1,0,0,0,0,0,1,1,1,0,TEE,synthetic_corpus_v2,syn_13ce9852e362,synthetic
4.042125788058407,1.551132787536254,5.130957837987392,3.533071069793907,2.8400406090053503,3.0485536461276217,4.565758422110164,7.568567936033288,5.310507531964894,3.391287810007656,14.92065792194057,bureau,finance_compta,0,0,1,0,0,0,1,0,0,0,1,0,1,0,0,1,0,0,PIP,synthetic_corpus_v2,syn_3abcb26b472f,synthetic
6.231121593835266,3.06284968519185,5.196331551969299,1.9572810442859472,3.2732691982134803,5.45314197781169,6.558944552620729,9.265409404517303,2.761221092900131,2.5008978923258125,12.075464274215381,labo,agroalimentaire,0,0,0,1,0,0,0,1,1,0,1,0,0,1,0,1,1,1,IAA,synthetic_corpus_v2,syn_3dbd8e81db28,synthetic
5.933223973553517,2.200302448311528,4.273881996061879,8.541317766999601,1.4511186296211263,4.244318572683461,9.082033021500463,4.911106344762503,5.024883960846884,4.811042109912865,11.654616742173651,chantier,genie_civil_archi,0,0,1,1,0,0,1,1,0,0,0,0,0,0,1,0,0,1,GCA,synthetic_corpus_v2,syn_d6526c9ea77a,synthetic
6.99181644216484,2.4379502652309917,3.2016755816197264,5.140230929288134,5.7174754448686995,4.9054124521663125,9.08562317044768,4.019565562218406,4.671132541327793,2.882013884974474,13.778040455711668,bureau,genie_civil_archi,0,1,1,0,1,0,0,1,1,1,1,0,1,0,1,0,1,0,GCA,synthetic_corpus_v2,syn_5addfcfc859a,synthetic
7.709896014253639,1.6713432179470638,3.02495489781432,6.580914738229705,3.5001870492408074,3.5392296168783055,8.792626059953406,0.8971483258160333,1.304207729929033,2.9498471324476254,15.059595130909086,terrain,genie_civil_archi,0,0,0,1,0,1,0,0,0,0,1,1,1,1,1,0,1,1,GCA,synthetic_corpus_v2,syn_97af165ee86c,synthetic
5.161838531027611,2.5043051872876214,5.709441728227904,3.8124328760685415,1.816724862091049,8.39623662373066,1.369436145070229,0.0,6.196916143301752,9.748975173493527,14.61571415729163,bureau,commerce_gestion,1,1,0,0,1,0,1,0,0,0,0,0,1,0,1,1,0,1,CAA,synthetic_corpus_v2,syn_ab28694fa974,synthetic
6.5159485835304585,3.9750126832511135,4.862372239883945,3.9911490150242237,5.073619801540795,4.611528112114719,8.126698062467124,7.782322061535805,2.615065611814696,4.567841159175289,10.149331205412269,atelier,chimie_procedes,1,0,1,1,0,0,1,0,0,1,0,1,1,1,0,0,0,0,ICMP,synthetic_corpus_v2,syn_d2ce364c503a,synthetic
6.857583194187933,4.513376327234591,4.025296083017354,3.0750307273070874,7.047386706631488,2.7426122564406388,8.759158915865253,2.685900440530259,4.147996883764961,3.632951311101361,12.75426571938365,labo,recherche_appliquee,0,1,0,0,1,0,1,1,0,1,0,0,0,1,1,1,0,0,ESIIA,synthetic_corpus_v2,syn_91d6ec2d72e9,synthetic
8.097791741996115,4.865518633489069,5.505049478319956,3.2659155995638076,8.439991976695126,3.7003907116168726,7.660979536649995,1.8157742864593758,7.272750102142551,4.630769076121425,14.639364949370057,atelier,recherche_appliquee,0,0,0,1,1,0,1,1,0,0,0,1,0,0,0,1,0,1,ESIIA,synthetic_corpus_v2,syn_34fb9fb9f0b5,synthetic
3.277969721745017,1.3752938041974454,4.68618537959601,5.704432778615776,3.521386666050584,5.598416201208917,2.5306782939903494,4.736844287033993,8.825140222002416,6.6761530911606926,12.388081376190447,bureau,tourisme_hotellerie,0,1,1,0,1,0,0,0,0,0,1,0,1,1,0,1,1,0,TEE,synthetic_corpus_v2,syn_17d0c161ff69,synthetic
6.771843744975824,4.092410406225775,4.494474748823641,7.6855148192218445,2.479259537829311,5.566226991747333,7.714586309269594,0.7890239318020238,5.253648822185173,1.9023402143020394,12.760773596933033,terrain,genie_civil_archi,0,0,1,0,0,0,0,1,0,1,1,0,0,0,1,0,1,1,GCA,synthetic_corpus_v2,syn_718894443c49,synthetic
4.249013950316593,1.1270506024181852,3.065062198065069,7.779661795764199,0.4887472837325564,4.301314797100426,4.315869648511702,5.2288764662901634,10.0,8.281335764531844,12.138590605503774,bureau,multimedia_ux,1,0,0,1,1,0,1,1,0,1,1,0,1,0,0,0,1,0,TEE,synthetic_corpus_v2,syn_48deb97cdd7f,synthetic
6.650393577665342,5.597838960268375,4.997899395350065,3.881503186067804,9.166812578033191,4.5035558672854705,7.664989988978256,2.308757425953269,5.4414247800825555,1.144166855072836,11.999845073386766,bureau,recherche_appliquee,1,1,1,1,1,0,1,1,1,0,0,1,0,0,1,0,0,0,ESIIA,synthetic_corpus_v2,syn_87efa4f6385c,synthetic
4.753322297189938,2.356969270596814,7.412931590756045,4.713741975512588,2.207248617394209,8.645802129567175,2.1529035418359626,4.90376559697749,6.772183829673577,8.179154894999666,10.026774415383002,startup,commerce_gestion,0,0,0,0,1,1,0,1,0,1,0,1,0,0,0,1,0,0,CAA,synthetic_corpus_v2,syn_67c05e4b2ac1,synthetic
1.9758720492916249,6.47865683090592,3.414889726370443,7.651280547402452,2.7141371059847565,5.991848268505247,2.0628436294603056,2.6632918401260635,5.848614989159093,0.7335821176804869,13.317462709754805,bureau,developpement_logiciel,0,0,0,0,0,1,0,1,1,0,1,0,0,0,0,1,0,1,IMTICIA,synthetic_corpus_v2,syn_d70f83b86a70,synthetic
4.102132976730442,6.6811937487295765,3.5550328087329786,8.947366763207254,0.853449834342916,4.153623254762957,2.0481316195481547,2.3077430932653566,4.1855017650456885,2.4398522316712246,13.667181541400943,startup,data_science,1,1,0,0,1,1,0,0,0,1,1,1,0,0,0,0,1,0,IMTICIA,synthetic_corpus_v2,syn_ebcbc8df390d,synthetic
5.5898177925591614,9.450968188187122,6.831573337997158,4.332297718442172,3.1579556775469406,6.754302710103685,4.147069183751943,2.120357591068054,5.604152988232717,6.167221015176523,14.115115814566476,bureau,developpement_logiciel,1,1,0,0,0,1,0,0,1,1,0,0,0,1,0,0,0,1,IGGLIA,synthetic_corpus_v2,syn_418c8888a30c,synthetic
6.412837539825329,7.9623418872433644,6.08377840752894,3.4719738581124595,2.9611147859892144,7.576504303606285,5.563706672561529,0.6845542739722086,5.100845023747572,4.828349028332784,13.169106293573204,labo,agroalimentaire,0,0,0,1,1,1,1,1,0,0,0,0,1,1,0,0,0,1,IGGLIA,synthetic_corpus_v2,syn_85770097eb1e,synthetic
8.559428807929166,2.260029010821981,4.565294906130059,2.5173899070998207,1.935955422959017,3.2515499850897047,6.5161907739139,9.191622506266564,2.698770364320477,4.308932144497649,14.792663787626523,labo,pharmacie,0,1,0,0,1,1,0,1,0,0,1,1,0,0,0,1,0,0,PIP,synthetic_corpus_v2,syn_8b35dec7ca2c,synthetic
7.43087763141377,8.207083553169777,10.0,2.5581289694650264,4.243592500185398,5.548076607806596,3.5056183022794842,2.837029250126305,4.8185730754562055,4.93276735824487,16.24128781263888,remote,data_science,0,0,0,1,0,1,1,1,1,1,1,0,1,0,0,0,1,0,ISAIA,synthetic_corpus_v2,syn_4d3373803c7a,synthetic
5.823989758473241,2.3266340879484257,5.810468247296057,4.6840418900999055,1.5577143649824743,9.518061190118821,4.025476496909249,4.292700313742021,5.0924663297986354,7.941018435853042,14.064149217031249,remote,commerce_gestion,0,0,0,0,1,1,1,0,1,1,0,0,1,0,0,0,0,1,EMP,synthetic_corpus_v2,syn_02afc063ac92,synthetic
8.887813588718348,1.7944538303605786,5.588293857455926,1.9954741978571673,3.3569065179899087,4.589716458591982,7.10790421660243,7.721614379126628,2.6429611464740788,4.807908647979319,13.121706891214368,atelier,chimie_procedes,0,0,0,0,0,0,1,0,1,0,0,0,1,1,1,1,1,0,ICMP,synthetic_corpus_v2,syn_210f145652d7,synthetic
6.9577018310133365,6.2157849169289365,5.308709427086707,3.3150169432745393,8.087872481382036,4.641112036693976,3.9492906552450737,1.9489603652369993,4.848813645269244,1.9934197119471955,14.283124027482188,labo,industrie_automatisme,0,1,0,1,0,0,1,0,1,0,0,0,1,1,0,0,0,0,EMII,synthetic_corpus_v2,syn_3b2eec960df4,synthetic
7.001436905447779,3.1660537428673123,0.7369921658794079,3.191646507681912,3.083912331912795,8.141959961748212,3.1285521892417028,2.025647521706864,7.220728776492431,8.042354687897232,11.531168890776513,startup,commerce_gestion,0,0,0,0,1,0,0,0,0,0,0,0,1,0,1,0,0,1,CAA,synthetic_corpus_v2,syn_5dc9bc01e508,synthetic
6.130020285951526,4.579930844107802,5.163287876194475,2.595844761380015,6.649700332729834,4.127527370039445,8.414679278508318,3.937276556120148,1.095651590569655,2.1229196110123034,10.943834577897832,atelier,electronique_embarque,0,0,0,1,0,1,1,0,1,0,1,0,1,0,0,0,1,1,ESIIA,synthetic_corpus_v2,syn_8aef8b6e5f35,synthetic
4.87868061623396,3.2164788544606955,3.9037807085991996,5.824512821343809,3.1525070881799424,5.687229400755823,3.001671353083171,0.5063190338604193,9.388282336635104,4.560864270482454,11.365911861178148,bureau,tourisme_hotellerie,0,1,1,0,0,0,1,0,0,1,1,1,1,1,1,1,1,1,TEH,synthetic_corpus_v2,syn_76a06aa3a701,synthetic
6.470002286192662,2.6710500643789445,2.758133009725566,2.851758454273062,1.9516006886052457,7.170722881296659,3.3629887441611324,9.970022556430132,4.285473911295773,3.987442549492239,10.930125238669154,labo,genie_civil_archi,0,0,1,0,0,0,0,0,1,0,1,1,0,1,0,1,1,0,IAA,synthetic_corpus_v2,syn_04e62050499e,synthetic
5.409214904256565,1.9928742838745,2.9932662976661772,3.9748942727127456,2.0505394033083024,6.751034560552367,1.578463124966099,2.4554338203801183,8.646518594811964,9.250694052760826,13.18095937155461,bureau,droit_affaires,0,0,0,0,0,0,0,1,1,1,0,1,0,0,0,1,1,0,DTJA,synthetic_corpus_v2,syn_2bfa1018221a,synthetic
10.0,1.5960197684732087,3.3976508231078437,2.434836760988577,6.369478364090523,5.389854594386056,8.862794363434553,7.037937356400963,2.331874251184278,2.960941269525283,12.812944863172241,terrain,chimie_procedes,0,0,0,0,1,0,1,1,0,1,1,1,1,0,0,1,0,0,ICMP,synthetic_corpus_v2,syn_b2e63c933970,synthetic
6.331675807507109,6.5612638366687115,4.508449694835796,2.537852078486306,9.900560480629723,2.291929125944578,7.43966892020172,2.8021141787231683,5.125720826954231,2.853654478767426,14.453320854052688,labo,electronique_embarque,1,0,1,1,1,0,1,0,0,1,0,1,1,1,0,0,0,0,ESIIA,synthetic_corpus_v2,syn_a391fdb0327e,synthetic
1.3677616141694817,0.8589989636967339,3.155057468032754,6.038014373284165,1.4229283061124403,5.6532422407925855,3.860036807489435,5.695326516052007,6.106388924427364,4.104888234062971,12.318915066130485,bureau,tourisme_hotellerie,1,1,0,0,1,1,0,0,0,1,0,0,0,0,0,0,0,0,TEE,synthetic_corpus_v2,syn_ca0a883d6672,synthetic
7.069008526327728,5.3182341497337475,6.583289150184747,3.997318985740733,3.0960705213795263,4.852896348108785,5.063480271227268,1.9637476839217174,3.647004867279267,2.722544966468398,15.534528672159379,labo,recherche_appliquee,1,0,0,0,1,0,1,1,0,1,1,1,1,0,1,0,0,0,ISAIA,synthetic_corpus_v2,syn_9e4cd66a08d2,synthetic
4.9310993930680995,8.319515876460303,5.639056042170078,2.9959632093560633,2.2513210817664238,6.21101024587872,2.847741155166007,1.462444040001607,5.976489411714884,2.05866576250052,13.666907106300304,bureau,developpement_logiciel,0,1,1,0,0,1,0,0,0,0,0,0,0,0,0,0,0,1,IGGLIA,synthetic_corpus_v2,syn_ff1ead0b6942,synthetic
8.235208178836926,7.453615471016894,8.810725666217209,3.531104044684199,3.087415410846741,4.002979542272235,2.849638441553229,1.0271508802352283,3.620284214001551,7.067272640892563,11.759951612120483,labo,recherche_appliquee,0,1,1,1,1,0,0,0,0,0,0,0,1,0,0,1,0,0,ISAIA,synthetic_corpus_v2,syn_04cad021468e,synthetic
6.957217531048392,3.354632714716454,1.8299097412240664,3.7258378992106924,2.734012488861729,4.948663640006752,4.4933623848326,9.446654626982214,3.394475104178178,4.835936993696272,10.720525077426942,terrain,agroalimentaire,0,0,0,0,0,1,1,1,0,1,0,0,1,1,0,0,0,0,IAA,synthetic_corpus_v2,syn_95b609fb81a1,synthetic
7.022075080175636,3.6853467849376957,7.048722261532802,2.6395075985364556,2.7074108871194884,8.866609807429752,3.0210425217052794,1.4634692358454746,5.253520420948469,8.64696594044488,14.309261535214965,startup,tourisme_hotellerie,1,0,1,0,1,0,1,0,0,1,1,0,1,0,0,1,0,0,EMP,synthetic_corpus_v2,syn_7ceaa64ce333,synthetic
5.215227958716405,1.6823190566295585,3.5779453721863335,3.474226889286103,2.7388247685222264,6.67189685897133,3.1064336708804703,0.0,7.2728279159929174,9.593782693329091,15.959785929052028,bureau,droit_affaires,0,0,0,0,0,1,1,0,0,1,0,0,1,0,1,1,1,1,DTJA,synthetic_corpus_v2,syn_ccaafd737450,synthetic
4.596551561649706,1.5728090476420538,5.375761344228656,3.3432893620979764,2.0778786298820315,5.3633522422214615,3.6449529434814236,8.189902111779784,6.270650662737786,6.0566729167314595,12.682359844306024,labo,agroalimentaire,0,1,0,0,0,0,0,1,0,0,0,0,0,1,1,1,0,1,IAA,synthetic_corpus_v2,syn_4906d30d84e7,synthetic
5.452898635546541,6.86969427124911,2.1876277376959052,10.0,2.509766066354159,7.59355732172109,3.8989584654280605,2.222003473120089,8.451845324698716,4.180856319180621,12.157484474535265,startup,multimedia_ux,0,1,0,0,1,1,0,0,1,0,1,0,1,1,1,0,1,0,IMTICIA,synthetic_corpus_v2,syn_2c8304b564f3,synthetic
4.6711355446721985,2.480610615497667,5.3054015494056905,4.118023350494942,1.7101400804196973,4.236413739213075,3.3895095144466865,5.994134769836943,9.652140876901033,4.25031771667642,11.864406745800554,bureau,tourisme_hotellerie,0,0,0,0,0,1,0,1,0,0,0,1,0,0,0,1,1,0,TEE,synthetic_corpus_v2,syn_96a6b30c3792,synthetic
7.228352760100111,5.090214439837761,5.735341952353656,2.3046694195026025,4.277925869619928,4.8210274314626655,9.427934466266807,7.601628704553052,3.8344072068495247,3.2654371543123095,13.283283942238187,startup,agroalimentaire,1,0,0,1,0,0,1,0,0,1,0,1,0,1,0,1,0,1,ICMP,synthetic_corpus_v2,syn_b809abd69dfe,synthetic
7.8571891297413545,3.337499155932924,5.994948904797599,4.524040273729071,3.213369238535192,9.113361395671092,3.7208101558816455,1.7825311322325343,4.418622862125329,10.0,11.443472231772741,startup,gestion_projet_si,0,0,0,0,0,0,1,1,0,0,0,0,1,0,1,0,0,1,EMP,synthetic_corpus_v2,syn_6efa2e86fac8,synthetic
5.382477631811632,9.332961988799946,5.008968461550107,4.66330242538542,2.992828375074323,8.192393421408191,1.851522433175808,3.1591955374470237,1.980915238989196,6.110390580300321,13.448971165020138,remote,developpement_logiciel,1,1,1,0,0,1,0,1,1,0,1,1,0,1,0,0,0,1,IGGLIA,synthetic_corpus_v2,syn_61a7a2f1d518,synthetic
2.4640477513837524,2.465845077760351,4.843517166374589,6.736216527953205,3.119742699886324,7.687329809737248,3.1143526407978395,4.884173807048376,7.078214907028986,3.090196256514502,15.639878972528129,bureau,tourisme_hotellerie,0,0,1,0,0,0,0,1,0,0,1,0,1,1,0,1,1,0,TEH,synthetic_corpus_v2,syn_12ddd7e49922,synthetic
8.464943318520142,3.498888900791102,8.7976112879076,3.6715752063079488,2.3496956622314533,3.87261242227322,4.674911328307222,2.9003800823958574,2.1699638001501733,5.944667203588421,12.590255292195728,bureau,data_science,0,1,1,1,0,0,1,0,1,1,0,0,1,1,0,0,1,0,ISAIA,synthetic_corpus_v2,syn_250284703e31,synthetic
5.936946012188023,4.962923106772161,6.132624545239102,4.2532248771169305,4.476608740090881,7.5327148448394325,4.876235036830654,1.839360565142982,4.451330321434966,5.288609451116082,14.489829682784489,remote,gestion_projet_si,1,1,0,1,0,1,0,0,1,0,1,1,1,1,0,0,0,0,IGGLIA,synthetic_corpus_v2,syn_848cfa4d7fd6,synthetic
6.952055547231952,4.933369842392695,4.812785054439941,2.2783118678684837,6.235597057578042,3.217419099981512,7.957221099047222,7.576668535204225,3.398970931747615,2.7222624979291523,15.03752801120812,labo,industrie_automatisme,0,0,0,0,0,1,0,0,0,1,0,0,1,1,1,1,1,0,TEE,synthetic_corpus_v2,syn_dbda04568483,synthetic
8.977496285084216,6.616339896661801,7.511258304527913,2.477262420516167,7.791376718262597,4.709043052144549,7.18886305778836,3.667700978903339,5.7258607647845485,4.318980451427916,15.046628442689054,bureau,recherche_appliquee,1,1,0,1,1,0,1,1,1,0,1,1,1,1,0,0,0,1,ESIIA,synthetic_corpus_v2,syn_15178ee5ee47,synthetic
6.255136746969048,8.02902202458098,6.925598703999382,3.3078536552444873,7.551826266052589,3.9506693203702996,7.3501451645001445,4.626840056392082,3.876195986859152,4.659356912991208,13.167177557876888,bureau,electronique_embarque,0,0,0,1,0,0,0,1,0,0,0,0,0,0,0,1,0,1,ESIIA,synthetic_corpus_v2,syn_ffb842753ad6,synthetic
5.425055597611804,3.6626942447207433,6.381756610445571,4.544401732225077,2.796668956416449,9.656790906353708,1.6688367062364295,3.5942888919272917,5.955438508540441,4.9880846260037135,12.305524140601136,remote,commerce_gestion,0,1,1,0,1,1,0,0,0,1,0,1,1,0,0,0,0,1,EMP,synthetic_corpus_v2,syn_3c4e336c57e2,synthetic
9.05017537479321,6.291576596633415,4.495349070604704,2.3155134966292183,7.966030222702073,6.638358980358562,8.669700381113572,2.445599676908409,3.8108017137278063,2.6799691934014858,13.823139071061842,remote,industrie_automatisme,0,0,0,1,1,0,1,0,0,1,1,1,0,1,0,0,0,0,EMII,synthetic_corpus_v2,syn_301ee4fafc24,synthetic
6.315908817872174,4.516698187819538,5.673632088116104,5.031441700489254,2.413827417860978,3.995794515805684,3.656418566731577,7.179392458249043,8.159966436269933,3.1500368359867137,14.874203624974491,terrain,tourisme_hotellerie,0,0,0,0,0,1,0,0,0,0,0,0,1,0,1,1,1,0,TEE,synthetic_corpus_v2,syn_12144ca85a6e,synthetic
8.588595576541138,5.963854752598494,7.461251825077035,1.681567341036236,0.9339529350456925,5.359210941804302,1.0914248377754676,3.8714674003108276,5.107399164289031,4.136728282312413,15.539790825271151,labo,recherche_appliquee,1,1,1,0,0,1,1,1,1,0,0,1,1,0,0,1,0,1,ISAIA,synthetic_corpus_v2,syn_70d7b0bbe8b0,synthetic
3.881353602947073,1.3458574497766342,5.3245249152150205,4.720548979961901,3.100671926575324,8.589232880082893,1.2832279292377229,4.006914452549438,7.765273914382435,7.148835456811439,12.360274642543258,bureau,droit_affaires,0,1,1,0,0,1,1,0,0,1,1,0,0,0,1,1,1,1,PIP,synthetic_corpus_v2,syn_199d4c854711,synthetic
7.439067267284849,2.9034555423423924,5.546293644321706,0.0,5.381682530815514,3.9536547864968843,5.501295521226715,6.225004264512234,3.6836943792070778,3.3675255063327425,13.211790268701055,atelier,industrie_automatisme,0,0,0,0,0,0,1,0,0,1,0,1,1,1,0,0,1,1,ICMP,synthetic_corpus_v2,syn_1c23e8fff580,synthetic
6.737123748947288,4.435481440990489,5.975027408453194,1.8409798529809926,1.5593443924942272,7.959390283731955,0.01977357970371907,3.7803393654407853,6.288089305026921,9.45783708700579,11.144270776276088,bureau,finance_compta,1,0,1,0,1,1,0,0,0,0,1,0,0,0,1,0,0,0,FIC,synthetic_corpus_v2,syn_35062ee2e342,synthetic
6.490981120345066,0.6865585896489432,2.9278481669818612,1.2714645422033208,0.3701446111988316,7.593794466747282,1.9567569706772292,2.4213277977945014,6.459393951225982,7.941672716190406,14.715445359295556,remote,agroalimentaire,0,1,1,1,1,1,0,0,0,1,0,1,0,0,0,1,1,0,EMP,synthetic_corpus_v2,syn_05274061d32c,synthetic
8.430430567706585,2.8088180733150407,3.2983598391103435,6.906397390301851,4.425053286000245,5.349091468707916,6.8587655692264375,1.2759564581819853,4.046292036192513,4.379026773201815,12.294272970239563,atelier,genie_civil_archi,0,0,1,0,1,0,1,1,0,0,0,0,0,0,1,0,0,0,GCA,synthetic_corpus_v2,syn_e08ed4be89d8,synthetic
3.7115487958321083,2.2259496655030655,3.51347462942929,5.8352791484092394,1.369521975806622,7.0467439215024585,4.775324891324701,7.236187843226042,8.23095174679407,3.3218375423447033,12.164038863841983,terrain,chimie_procedes,1,1,0,0,0,1,0,0,0,0,0,0,0,1,0,0,1,0,TEE,synthetic_corpus_v2,syn_a55b8cdf5f1a,synthetic
10.0,6.04751608712185,7.340736694333749,4.70134231619965,0.485244806625734,5.8895530485978265,3.011416342080794,4.507516502478071,2.837023397654893,3.7053666381006143,14.657216193026663,bureau,multimedia_ux,1,1,0,0,0,1,0,1,0,0,0,0,1,1,0,1,1,0,ISAIA,synthetic_corpus_v2,syn_d23c662666a2,synthetic
8.306419295583844,6.853949507693442,3.922450463624373,3.5883886525032596,8.908831920861049,3.8943463481151332,7.961172968340248,3.2514287620327136,5.097030111014615,3.1287544429359464,12.594077019169944,atelier,recherche_appliquee,1,1,1,1,0,0,1,0,1,0,0,1,0,0,1,0,0,1,ESIIA,synthetic_corpus_v2,syn_3cf31b904cd0,synthetic
6.223039281023061,4.264185166561189,5.983716790703566,3.5849356942494737,2.5554265081906204,7.6413513821962695,3.2619402419714887,4.351237932071627,4.775982612694775,9.645037435972206,15.129740156962526,remote,finance_compta,0,1,1,0,0,1,0,0,0,0,1,0,1,0,0,1,1,0,FIC,synthetic_corpus_v2,syn_7686b9374156,synthetic
3.4370909884331873,2.5199839769055754,5.099209959279662,4.047670225046689,0.0,5.4051405088946956,4.237509012282887,8.160068598975208,6.982864590123889,3.2413281971784422,13.174783503371552,remote,agriculture_elevage,1,1,1,1,1,1,1,1,0,1,0,1,0,0,0,0,0,1,AEE,synthetic_corpus_v2,syn_5102e685141a,synthetic
5.904172851137696,10.0,5.054058434509137,3.7011170166746132,4.0527264156559335,7.151880050893427,4.433805376948124,3.035122133409096,5.082631970967657,4.260027572956834,11.006400590922714,startup,developpement_logiciel,1,1,0,0,0,1,0,0,1,0,0,0,0,0,0,0,1,1,IGGLIA,synthetic_corpus_v2,syn_63b4069690ec,synthetic
5.9650916750231655,4.6516193642497745,6.6541235641056575,2.7521964358342,2.9427786191015315,5.25573338057082,8.670129815395747,7.910980930669888,3.104255592695461,3.8672812774841083,10.923061168021095,terrain,chimie_procedes,0,1,1,0,0,1,1,0,1,0,0,0,0,1,1,0,0,0,ICMP,synthetic_corpus_v2,syn_a481bfa86ccf,synthetic
5.993459530679441,2.488951923911036,6.467848636498347,3.99989698389897,4.3164419370372835,5.717560606064477,3.6613462056181545,8.424741251664752,5.751725788963718,3.396599532284319,14.548837540251089,bureau,pharmacie,0,0,0,0,0,1,0,1,0,1,0,1,1,0,0,1,0,0,PIP,synthetic_corpus_v2,syn_56c90bbf37c1,synthetic
4.77713200513392,1.3758803008725513,5.86292816836761,2.3368454800286327,2.7102026747500556,6.460793845477168,2.504318253137574,1.8697796857437772,7.983458235527686,9.400357320489759,14.379261582646635,bureau,droit_affaires,1,1,0,0,1,0,0,0,1,1,0,0,0,0,0,0,0,1,DTJA,synthetic_corpus_v2,syn_d4bb2c16e6f7,synthetic
3.3534470824251104,3.7585533745978355,5.210748149713753,5.266132660672944,2.1426194821641715,7.000572295480212,2.1074863842595324,3.00367151823274,8.00820048005247,4.133911640751737,11.749414285836371,bureau,commerce_gestion,0,1,0,0,0,1,0,0,1,0,1,0,0,0,1,0,1,1,TEH,synthetic_corpus_v2,syn_2a636d119543,synthetic
4.9815438551862945,3.4005989609719927,4.950230371367699,2.5295779870952213,2.9117067507764998,9.792914149268347,2.157579526775574,3.4548779122218725,9.4349111448465,9.830391911676127,12.139111279904625,remote,commerce_gestion,1,0,0,0,1,1,1,0,0,1,0,1,0,1,1,0,1,1,CAA,synthetic_corpus_v2,syn_7b54cd6648ed,synthetic
6.709481821956232,3.5846176312655946,7.365383614713649,3.408162796443958,1.0631160157222004,8.084671986860185,4.036659613761369,0.0,6.390835568328792,7.08601778031722,15.605840604499136,bureau,chimie_procedes,0,0,1,0,0,1,0,0,0,0,1,1,0,1,1,0,0,0,FIC,synthetic_corpus_v2,syn_af295c527a08,synthetic
6.28745998801506,6.061872691543706,8.576722613829096,4.5806903628821996,2.5881187166535593,3.8264415248765005,2.830368923546515,4.731137389050826,4.847106310000257,6.169842249583918,16.304377161685895,bureau,recherche_appliquee,1,0,1,0,0,1,1,0,1,1,0,0,1,0,0,1,0,0,ISAIA,synthetic_corpus_v2,syn_492cdec1f10a,synthetic
5.5203925706796335,1.553955566654137,2.895042530713395,5.09285846511386,2.4979749639746753,6.085820582739768,3.91621491010296,8.402065164936467,8.237932941148705,5.9685652538283485,13.276947901404803,bureau,tourisme_hotellerie,1,0,0,1,0,1,0,1,0,1,0,1,0,0,1,0,1,0,TEE,synthetic_corpus_v2,syn_3bdd7797d881,synthetic
7.615344642027431,4.212871125955939,5.609320251810803,3.0251180805009517,6.441558349033652,3.5472916693299603,10.0,2.665495428254303,4.737365733192239,2.9880193798325534,10.368179237909036,atelier,electronique_embarque,0,1,0,1,0,0,1,0,1,0,1,0,1,0,1,0,1,0,IAA,synthetic_corpus_v2,syn_26dec7ce1415,synthetic
3.339825989464173,2.7199267610523785,2.641768563359097,3.331786646276356,0.7278608547548064,7.21950664012816,0.545836106493762,0.03934798275505247,10.0,9.083209309301056,16.202066519996045,bureau,droit_affaires,0,1,1,0,0,1,0,1,1,0,0,0,0,0,1,1,0,1,DTJA,synthetic_corpus_v2,syn_bad5d176f465,synthetic
6.162085235349904,6.120053610389096,4.911460090419783,2.6047927428597193,6.422372589620874,5.3826711796810605,9.635256649998807,3.3868760165122738,4.085852230140007,2.0611316754739573,13.719759772460097,atelier,electronique_embarque,0,0,1,0,1,0,1,1,0,1,0,1,0,0,0,0,0,0,EMII,synthetic_corpus_v2,syn_25a5b923bede,synthetic
5.485701899928492,5.332333459339501,4.4800133737308165,3.8552244861156253,1.4788270704688746,10.0,0.765123890091236,2.612369004996977,7.375579897177889,6.646372691152056,16.464780369439886,terrain,commerce_gestion,0,0,0,1,0,1,0,1,0,1,1,0,1,0,1,1,0,1,CAA,synthetic_corpus_v2,syn_1bd879196396,synthetic
4.640467348228209,1.3922581101692741,3.228573271475688,2.4905520225733264,0.236438320157774,5.5296284954248875,1.9999335153503117,0.0,7.393038159066788,8.199102608967197,12.964470163346856,bureau,droit_affaires,0,0,1,0,0,0,1,0,0,1,1,0,0,0,1,0,0,0,DTJA,synthetic_corpus_v2,syn_d21e463fdf0d,synthetic
9.348423793189323,3.3203278573393216,3.5307814234299517,7.663104958004719,0.5971014469939435,6.2517793690080055,6.280594291543522,3.7885915416425915,3.928692946199525,4.385091321355611,16.124724290063746,chantier,genie_civil_archi,1,1,0,0,1,0,1,1,1,0,0,1,1,0,1,0,0,0,GCA,synthetic_corpus_v2,syn_385ec0e3f935,synthetic
4.9163997765410965,3.842689493069941,4.517040719285923,3.544346494598212,1.2544235924407314,4.823978730101513,5.075735366430414,8.066118846654847,5.711122276851215,3.4384404718803223,13.692558822911476,labo,recherche_appliquee,1,1,0,1,1,0,1,0,1,0,0,0,1,1,0,0,0,1,PIP,synthetic_corpus_v2,syn_32e20e2f53f6,synthetic
7.255934849792026,3.400899221159122,5.84765849895211,3.978466561347463,8.875971761942381,6.112950609704414,8.728735145645297,3.3126635202800134,5.207989975439711,1.5419450932941456,12.471288288981434,atelier,industrie_automatisme,1,0,1,0,0,0,1,0,0,0,0,1,0,1,1,0,0,0,EMII,synthetic_corpus_v2,syn_b8c080f3e69e,synthetic
5.586857680673345,6.076385558511665,5.958900419580338,4.217933771542283,1.9996511073293683,8.664859919282211,3.443813744433343,3.1752144955646466,6.918987011034088,8.019343873417355,12.471540578364227,startup,recherche_appliquee,0,1,0,0,0,1,1,1,0,1,0,1,0,0,0,0,0,1,EMP,synthetic_corpus_v2,syn_8ec41271cf13,synthetic
8.68441292236868,5.7119483444335,8.371365577307245,1.5704302668390548,2.0391244850753507,7.160193446775217,3.0070478239959675,0.7792118746229657,5.584756212159086,4.798337027215732,14.457308826755177,labo,recherche_appliquee,0,0,1,1,0,0,1,0,0,1,0,1,1,0,1,1,0,0,ISAIA,synthetic_corpus_v2,syn_13a72e387f05,synthetic
5.92880204525793,7.383429723701506,5.518527588550819,4.2305828041874936,8.10624080693572,6.073648141460557,9.560083874801586,2.5866717058572597,2.721942056190689,1.4602250724066728,12.790453523740366,terrain,electronique_embarque,1,0,1,1,0,0,1,1,1,0,0,1,0,1,0,0,1,0,EMII,synthetic_corpus_v2,syn_998bbb989e0a,synthetic
8.972562665598973,4.278509388212692,3.9513415496637165,0.983814985318634,2.1225974703863537,5.266991625028855,8.518357023746962,7.699304552364499,5.029393478174837,4.033816118638333,11.84367785586199,atelier,chimie_procedes,1,0,0,0,0,1,1,0,0,1,0,0,1,1,1,1,0,0,ICMP,synthetic_corpus_v2,syn_006c09d25280,synthetic
6.388224607930954,5.366619103121518,7.573030069353692,4.8048461361791475,10.0,2.446257934663967,7.287161681048904,1.0561717990426778,6.211386606974305,3.997299667343368,11.421121317949247,labo,recherche_appliquee,1,0,1,0,0,0,1,1,0,1,1,1,0,0,0,0,0,0,ESIIA,synthetic_corpus_v2,syn_5008ebce087a,synthetic
4.581343861746605,8.884061905971324,5.424669508334752,4.644898902417653,5.159859897807155,7.0092958418073845,3.121273017139521,3.601757599112034,3.7758964950853704,5.104870497005816,10.505117267428938,startup,developpement_logiciel,0,1,1,1,1,1,1,1,0,1,0,0,0,0,0,0,1,0,IGGLIA,synthetic_corpus_v2,syn_f8cc22460fac,synthetic
8.178701136752323,4.477289879833815,6.45222499408068,4.0988553531099425,0.6887088430716817,6.989212261759499,3.1594594770527173,2.248550509006176,5.249871896798599,8.363758781744435,15.478146639402889,bureau,finance_compta,0,0,1,0,1,0,0,0,1,1,0,0,0,1,0,1,1,0,TEH,synthetic_corpus_v2,syn_8b088d0a95cc,synthetic
4.297705855628385,4.894973649393315,5.236081204972048,1.0761374345542838,3.1371536276501018,7.598173892221925,2.1396591257775617,2.1625361188033914,7.289244818705884,7.8378147067360615,14.392598526385378,remote,finance_compta,0,1,1,1,1,1,1,0,0,1,0,0,0,0,1,0,0,1,FIC,synthetic_corpus_v2,syn_45719ba6c4f3,synthetic
6.499281586158914,3.875972648002353,7.8716908024443235,3.17631161206716,1.3389141570710756,9.981924421745976,1.9738881225375309,3.390194243986316,5.955404876202769,8.421799744295617,14.510628501855479,bureau,finance_compta,1,1,1,0,0,1,0,0,0,0,1,0,0,0,0,1,1,0,FIC,synthetic_corpus_v2,syn_10f592724665,synthetic
7.42595530454151,8.886030620770008,6.122596389766231,3.140067195562345,2.2521866521666762,6.731126442600826,3.8693605080106526,2.2093248257276388,4.803792034211906,3.771234446402614,13.490195957982452,startup,agroalimentaire,1,1,0,0,1,0,0,1,1,0,1,1,0,1,0,1,0,0,IGGLIA,synthetic_corpus_v2,syn_60d82d2d08f8,synthetic
9.297599758215236,5.836644232833864,7.839088723510124,2.581418966696525,5.365603395791437,4.958827594512842,3.9082258790282993,4.04754178598531,3.490025121548585,5.861157109059631,13.946387037052009,remote,recherche_appliquee,0,0,1,0,0,1,1,1,0,1,0,0,1,0,0,0,1,0,ISAIA,synthetic_corpus_v2,syn_a65550881952,synthetic
6.167389184764792,5.127698077559332,4.0036958795957425,3.876833810787433,5.83192369113984,3.981520752069861,7.1809632855627585,3.9686134199074554,3.859345221551,2.5577790885653884,14.974022651189134,labo,electronique_embarque,1,0,0,1,0,1,1,1,0,0,1,0,0,1,1,0,0,0,ESIIA,synthetic_corpus_v2,syn_d303f3930fe3,synthetic
6.358666856280097,3.7616116918585725,3.5460715424401137,2.3829112264015033,0.7259649232114622,2.6299760699101395,5.581598985638879,8.87851160072933,4.7068863209984695,5.404373546291701,10.48639632611268,labo,droit_affaires,0,1,0,0,1,0,1,1,1,0,0,0,0,1,1,0,0,0,IAA,synthetic_corpus_v2,syn_343e7a46cc78,synthetic
5.722628284561351,3.167159937038308,5.101142010089953,2.437923036376184,2.187893775205988,3.9083921952575444,4.183427576246917,9.73700978809427,5.509265868412257,4.170155067803205,13.938767177526369,labo,agriculture_elevage,0,1,0,1,1,0,1,1,0,0,0,0,0,0,0,0,0,1,AEE,synthetic_corpus_v2,syn_f7888f2812c1,synthetic
5.075452413706208,6.397333386341439,2.89072694780642,9.950580000805424,2.8179486336311124,4.935987093062188,3.139570226314008,1.4552830914444281,5.779611775219296,1.2952163618752746,8.96432710139185,remote,developpement_logiciel,1,1,0,0,1,1,1,1,0,0,1,0,0,1,0,1,1,0,IMTICIA,synthetic_corpus_v2,syn_69f12a07ec25,synthetic
8.047932129776514,5.285905049798834,6.955087211751864,3.3984640657336733,3.0339735559159156,7.828008666891221,2.7275134810196655,2.2396184306840605,5.340596421217913,9.125902366886828,14.26878308024969,remote,finance_compta,0,0,1,0,0,0,1,0,0,1,0,0,1,0,0,0,0,0,FIC,synthetic_corpus_v2,syn_1e883ee51e43,synthetic
7.686393035887297,4.791399462678402,3.0684818748501423,0.0,8.851261731350732,2.7159297786273338,8.27206660099624,2.4090337094630763,4.102623419309491,2.45588788697711,12.586314223565653,bureau,recherche_appliquee,0,0,0,0,0,0,1,0,0,1,1,1,0,0,0,0,0,0,ESIIA,synthetic_corpus_v2,syn_e6d8db9a962d,synthetic
4.343945516018598,5.3356954661963005,4.332799747835398,9.542820395639318,2.87493395913682,6.385352455653663,3.2718908284711934,4.1234131014930195,6.63678104696738,5.336660670689358,11.213611487286652,startup,multimedia_ux,0,1,1,0,1,0,0,0,0,1,1,0,0,0,0,0,1,0,IMTICIA,synthetic_corpus_v2,syn_4476e258613e,synthetic
8.418599297978092,6.199736035246689,5.970691865588964,2.764660237934981,7.871388270297155,3.1750179477816083,9.57885141550174,2.1458583941742715,7.696727471225392,3.1822009718604995,11.723815624832008,bureau,electronique_embarque,1,1,0,0,0,1,0,0,0,1,0,1,0,0,0,0,1,0,ESIIA,synthetic_corpus_v2,syn_0d3f32121e58,synthetic
8.732144967101782,6.385946291190821,7.800627251341911,4.689660409504285,1.9003640728942628,5.507304813815068,5.462418653443589,1.7682311842628986,2.8891366117874426,3.247046253008927,16.72558370850706,remote,data_science,1,0,1,0,1,0,0,0,0,1,1,1,1,0,0,1,0,1,ISAIA,synthetic_corpus_v2,syn_e2150f947586,synthetic
7.964512302156643,2.4830687312881787,7.164616967731767,2.5314114691829257,4.4172993302078165,8.492783967471675,2.2441822959764264,4.641904267836397,5.576995537484702,9.161930523180024,14.553619096633145,bureau,finance_compta,0,1,0,0,0,1,0,1,1,0,0,0,0,0,0,1,0,0,FIC,synthetic_corpus_v2,syn_fd2cdaf1e7fe,synthetic
7.065064305905772,3.580912455284062,5.74200699256414,4.532772776294873,3.812063350512159,5.747667007889542,4.583301908353114,8.008057143810463,5.075255231801485,4.39934848084289,14.797205424620426,labo,pharmacie,0,0,1,0,1,1,0,0,0,0,0,0,0,0,0,0,0,0,PIP,synthetic_corpus_v2,syn_76a0129cff2f,synthetic
4.299557144699507,5.911861980713311,3.0819389857767154,10.0,4.802511092824127,5.832597273116863,2.9596111351421666,4.691837145952634,7.94851800970657,2.61209911503891,12.871514668201076,startup,gestion_projet_si,1,0,1,0,0,1,1,0,1,0,0,0,0,0,1,0,0,0,IMTICIA,synthetic_corpus_v2,syn_1d9bb3125a51,synthetic
5.250431999089995,3.743288515697026,4.789110800274846,3.349843215121842,4.287913942888569,8.130319989734136,0.5598841933497041,3.04835328309108,7.4586067790586705,7.791275021222902,16.02693827723856,chantier,commerce_gestion,0,0,0,0,1,1,1,0,0,1,0,0,1,1,0,0,0,1,CAA,synthetic_corpus_v2,syn_f7e05bc2c42a,synthetic
6.829798836896702,1.0571089813756478,5.451502365604453,3.9588789597027705,2.222804353919573,8.096762445929246,1.7198885181024473,3.798741797247096,4.524237086421173,7.434486976590859,13.02336473907602,remote,recherche_appliquee,1,0,1,0,0,0,0,1,0,0,0,1,0,0,0,0,0,1,FIC,synthetic_corpus_v2,syn_0df09e4051e1,synthetic
3.8630151106541963,1.2599687931828383,1.9987108781323348,3.5902764350559586,0.0,6.733957695029995,3.9769681505959147,5.588446882224422,6.859176205060333,6.399552050533525,13.160519303041749,bureau,tourisme_hotellerie,0,1,1,0,0,1,1,0,1,1,0,0,0,0,0,0,1,1,TEE,synthetic_corpus_v2,syn_3a2c57c1d32a,synthetic
8.640814889595328,2.5847855204427597,6.378663357472767,3.351344774461495,1.1572989168463368,9.543441837366133,4.769901205242679,2.814406036116922,5.680359346236811,8.560989453317555,13.419137781169907,labo,tourisme_hotellerie,0,1,0,1,0,1,1,0,0,1,1,0,0,1,0,0,0,0,EMP,synthetic_corpus_v2,syn_050494786f79,synthetic
6.018856753842962,6.985135795519415,5.651366177076198,8.97214848788573,3.9249983176586456,7.915595085568672,1.3772159219822782,5.388572378161646,7.123789177806553,6.649966566888969,11.025122131047793,startup,industrie_automatisme,1,1,1,0,0,1,0,0,1,0,1,0,1,0,0,1,0,0,IMTICIA,synthetic_corpus_v2,syn_576e68ec8a9d,synthetic
6.248913607092483,4.472376669313763,6.718811585284754,3.1250554856818007,1.6431793586937173,9.659875524143395,3.4103793224187156,3.6848983060403153,6.483766265276768,8.171095868492154,12.616658969679728,bureau,commerce_gestion,0,0,0,0,0,0,1,0,0,0,0,0,0,0,0,0,1,1,EMP,synthetic_corpus_v2,syn_c5ca87d91c73,synthetic
8.769850918183502,6.410768325102522,8.296179581949776,3.910955299302099,2.234479106824496,3.723801336958303,6.217456861824115,3.4992077085378672,6.667303898353219,4.170310501494943,17.616075169705603,labo,recherche_appliquee,1,0,1,1,1,0,1,1,1,1,0,0,1,0,0,0,1,1,ISAIA,synthetic_corpus_v2,syn_6bb7523f29c5,synthetic
4.967763060200497,0.05995404377552083,6.126653581506776,6.763044423940029,2.9726176494357794,8.442497387879683,0.5501541095770075,3.73771359591399,10.0,5.491564735434416,13.614014913693499,remote,tourisme_hotellerie,0,0,0,0,0,0,0,1,1,0,0,1,0,0,1,0,0,0,TEH,synthetic_corpus_v2,syn_a42c69851261,synthetic
8.48680682709413,5.389603401035292,5.793055995401762,3.77533747236078,5.515409558846623,4.703319810982308,7.149912266138005,2.4583638711330202,3.642055809786497,4.025693219943026,13.125784026720089,terrain,electronique_embarque,0,1,0,1,0,0,1,1,1,0,0,1,0,0,0,0,1,0,EMII,synthetic_corpus_v2,syn_2de0a3abcdae,synthetic
8.725036878137587,5.059348112227207,6.738522281489554,0.36111231987993975,1.8819761873945224,9.472354321263811,3.129219409252447,4.85129365251047,5.77675756233294,10.0,10.631679938515074,bureau,finance_compta,0,0,0,1,0,1,0,0,1,0,0,0,1,0,1,0,0,0,FIC,synthetic_corpus_v2,syn_76bc1aacf329,synthetic
6.285369176682301,7.567462912276582,5.796100811027735,6.478376179677484,5.413483549575262,7.601802630541283,3.643464705308598,3.342165044589912,4.868828708960831,5.844252140277454,14.003622385848068,startup,developpement_logiciel,1,1,1,1,0,1,0,0,1,0,0,1,1,1,1,0,0,1,IGGLIA,synthetic_corpus_v2,syn_5d885bf39f44,synthetic
4.207191901367201,5.069456558419364,3.8152100937252706,3.1432471107197095,6.738797677139651,5.158680042752904,9.370400113866653,1.3391976968376085,4.268196919888101,1.462923485366521,13.719493799161928,terrain,pharmacie,0,0,0,1,0,0,1,0,1,1,0,0,0,1,0,0,0,1,IGGLIA,synthetic_corpus_v2,syn_8b3f0c3135c8,synthetic
6.299311400872852,2.7917935624052768,3.0324480777047174,3.686178224917236,0.30283861559301783,3.651313246056145,5.405347506949602,9.534649927048994,5.286783159572444,3.4406057202993967,16.186233902276314,bureau,industrie_automatisme,0,0,1,1,0,1,0,0,0,1,0,0,1,0,0,0,0,0,PIP,synthetic_corpus_v2,syn_78f1aa3b46d0,synthetic
6.439549948732487,2.108160466457597,6.200828124995049,4.299063011143315,0.0,7.684404040504922,2.31205422035648,1.8697922404042642,7.5458965718623805,7.283367971670733,14.072276576742476,bureau,gestion_projet_si,0,0,1,0,1,1,0,1,1,1,0,1,1,0,1,0,0,1,EMP,synthetic_corpus_v2,syn_84bf040be25a,synthetic
7.1539055880835525,4.412511895228056,4.869211859843755,4.170698606233135,3.6482237456744886,5.333422123615134,7.876143655413962,5.533016948617807,4.529085254261534,2.731832737508413,11.48672486927062,atelier,industrie_automatisme,0,0,0,0,0,0,1,0,1,1,0,0,1,0,0,0,1,0,ICMP,synthetic_corpus_v2,syn_a7506eea2c00,synthetic
3.5871743779351246,4.99917498433406,3.2584597904111674,5.576226057369247,2.0056705989183947,5.338252255474388,0.8267675218211155,6.226036467846709,8.173979027955282,5.382521444302173,15.718202361143828,bureau,tourisme_hotellerie,0,0,1,0,0,1,0,1,1,1,0,0,1,0,0,0,1,0,TEE,synthetic_corpus_v2,syn_cb70a2e25347,synthetic
5.3551262267454955,3.569009622666469,5.166574889137866,4.270267798172741,2.136129879959037,6.090710043600276,3.6693287744071235,7.949865799953126,4.656040966274388,4.520000261605915,11.678987233683037,labo,commerce_gestion,0,0,1,0,1,1,0,1,0,0,0,0,0,0,0,1,0,0,AEE,synthetic_corpus_v2,syn_a0ddcd191849,synthetic
6.681122840528431,3.62068143928067,7.906249741005179,2.7457248926079667,4.6435395492183975,5.014510765550302,4.881453362703118,3.2516283569220077,6.3824325470238366,3.4299620058444664,13.868069786697985,bureau,data_science,0,1,0,0,0,0,0,1,0,1,0,0,1,1,0,0,1,0,ISAIA,synthetic_corpus_v2,syn_d9a76cba49ee,synthetic
5.172326072080935,3.0223411472953856,5.389086721168229,5.651251233064778,1.1926968122799084,8.33429477813894,1.548097510738673,0.1382021038981862,8.104167295541798,10.0,13.6481904607368,bureau,commerce_gestion,0,0,0,0,0,1,1,0,0,0,0,1,1,0,0,1,1,1,CAA,synthetic_corpus_v2,syn_a5d98c207205,synthetic
9.19035109345063,2.9871470603550283,3.4139196123421174,6.4886777393744115,2.5421357396543574,4.313811991730679,7.783441624066396,2.0496096948089866,3.494535799289294,2.6536156624029967,13.624799315371453,terrain,genie_civil_archi,1,0,1,0,1,0,0,0,0,1,1,1,1,1,0,0,0,0,GCA,synthetic_corpus_v2,syn_7cdc5281864b,synthetic
3.3115432862934364,2.398107351267391,4.526031752240063,2.3898306513703282,1.470864567873695,7.233134312036401,1.0407881792886506,2.80609967611321,7.77958253217897,5.916484360955194,13.293329554569558,bureau,gestion_projet_si,1,1,0,0,0,1,1,0,0,1,1,1,1,0,0,0,1,0,EMP,synthetic_corpus_v2,syn_e13723b056a0,synthetic
8.721617664850456,7.8822697608430445,7.521035658365184,3.6183241811871083,3.5431449182421835,5.8549198964383,5.261524294085913,2.4791178111882592,5.2817790159845215,3.388977201908654,13.883454666529502,remote,data_science,0,0,1,1,0,0,0,0,0,1,0,0,1,1,0,1,0,1,ISAIA,synthetic_corpus_v2,syn_5ad0f6d53bc6,synthetic
4.675435718473675,7.645745223458309,4.51866643115339,7.728841494229054,2.9682878207890866,6.682131330673894,5.572132069309635,3.778607490231434,5.3943294087396225,3.220551712880414,12.161845315988094,bureau,multimedia_ux,1,1,0,0,1,1,0,0,1,0,1,1,0,0,1,0,0,0,IMTICIA,synthetic_corpus_v2,syn_310cfed8941d,synthetic
6.713600262682177,2.14233282542125,5.925444022471118,1.8450037953666327,3.6191054531176277,4.351237320129362,0.9279772822722405,8.027144059084614,5.229316082151903,4.779764071563383,14.497245957014346,labo,pharmacie,0,1,0,0,0,0,1,0,0,1,1,0,1,0,1,0,0,0,PIP,synthetic_corpus_v2,syn_3e43611b728e,synthetic
3.4097911738041318,1.8553441633688372,3.2484765870869006,5.2843950440925065,2.4683569357294997,3.757193709872145,2.5876939082464325,6.39273283332987,9.026692081169955,5.153232692665025,13.734283218619558,bureau,industrie_automatisme,1,0,0,1,1,1,0,0,1,0,1,0,0,0,0,1,1,0,TEE,synthetic_corpus_v2,syn_c799a6cb9588,synthetic
6.565459736636567,1.7986292054858435,2.9644402215431853,3.813601031512078,3.527895779189077,5.429543754637555,3.1334500577577167,8.342212868027941,4.842054670802317,2.217988281284458,11.353319268930424,terrain,agriculture_elevage,1,0,0,0,1,0,0,0,1,0,0,0,0,0,0,1,0,1,AEE,synthetic_corpus_v2,syn_f95e1422efcf,synthetic
6.20559055222114,1.716669327435388,4.4739933743179,8.127267948546864,3.2503458384025246,7.8944984124629425,3.3561978732317126,4.063401338916835,8.29136077859845,4.825832728043064,10.196408617518689,bureau,commerce_gestion,0,0,1,1,0,1,0,0,1,0,1,0,1,0,0,0,1,0,TEH,synthetic_corpus_v2,syn_5eab565c07d8,synthetic
3.639437603279435,1.986752829930123,4.614983005587011,4.308885868043715,1.3292962771463996,8.116786279195079,3.4004735378711315,3.563918260941138,8.500380809793112,7.917901254534857,14.336945872894772,bureau,droit_affaires,0,0,0,0,0,0,1,1,0,1,0,0,0,1,0,1,0,0,DTJA,synthetic_corpus_v2,syn_f3500e769572,synthetic
5.916031935485486,4.808791097014785,5.520804001945193,4.090770718920346,0.8206453553253943,3.46102659393572,3.0005185830179704,7.986268272639128,2.6533828747371033,4.98838306262609,12.701215197369484,terrain,finance_compta,1,0,1,0,0,0,1,0,0,0,0,0,0,1,0,0,1,1,CAA,synthetic_corpus_v2,syn_699633116642,synthetic
7.177580544218248,4.061948594645223,7.48083854665154,2.302762722764935,3.4270895703722393,4.674866758453403,6.116077711062265,7.387712213658503,5.596449321487284,2.6161546389648573,14.149768248802129,terrain,agroalimentaire,0,0,1,0,0,1,0,0,1,0,1,0,0,1,0,1,0,1,IAA,synthetic_corpus_v2,syn_dbd2dca790b7,synthetic
7.414100509317808,3.6637374571924566,5.380237878231945,5.624322428103669,2.982585335799591,4.880139548226144,8.814614535374545,6.210505388155823,3.619350421505107,4.094603166446532,11.858792628447812,bureau,genie_civil_archi,0,1,1,0,1,1,0,0,0,0,0,0,1,0,0,0,0,0,GCA,synthetic_corpus_v2,syn_91bbc146477c,synthetic
8.105608167750793,5.029801191797754,5.498682522338803,0.5214927778423206,4.196897927611117,4.540429092082403,8.475340012683242,8.770118740191508,4.735370813521603,1.0124057803911781,11.762773948173741,terrain,chimie_procedes,0,1,1,1,0,1,1,0,0,1,0,0,0,1,1,1,1,0,ICMP,synthetic_corpus_v2,syn_a791e5988d68,synthetic
4.403024579485716,7.10329406323727,3.4824816420371176,6.656256381086163,2.1232749583762613,7.574161229045748,2.3098094823102997,2.6567788176948035,4.409026637727695,5.1105730002126615,12.04837199493123,remote,genie_civil_archi,0,0,0,0,1,0,0,1,1,0,0,1,0,0,0,0,0,0,IMTICIA,synthetic_corpus_v2,syn_3cd8b5206b3e,synthetic
5.207003797154078,2.458242521867967,3.60522569565598,3.9456491005044656,2.0038438726196186,7.728483422658531,3.6826287031276665,1.8736190749975843,8.275885646485614,7.677285868245657,11.568187725953871,startup,gestion_projet_si,1,1,1,1,0,0,1,0,0,1,0,0,0,1,1,1,0,1,EMP,synthetic_corpus_v2,syn_1f8020669438,synthetic
8.742827193635689,8.016802941761496,8.540156603647794,3.8665111625360207,5.210041832283934,7.4437138944714984,2.727081528942499,2.5062081068367155,5.572306958718846,5.096537971228595,15.059062739030093,remote,data_science,1,0,0,0,0,1,0,0,0,1,0,1,1,0,0,1,1,0,ISAIA,synthetic_corpus_v2,syn_47a0e022e67f,synthetic
6.3804420989739725,4.707552068688741,4.211438412332236,7.863017793078438,3.4360360839581414,5.971713160933577,3.116518646760848,2.1521750636708026,6.075921183128388,3.302419427367692,12.451305760617952,startup,developpement_logiciel,0,1,0,0,1,0,0,0,1,0,1,0,0,1,1,0,0,1,IMTICIA,synthetic_corpus_v2,syn_d26c744143f4,synthetic
6.586098919646927,4.704483270199217,4.7904292126449475,3.1560350261473333,0.061755202124154085,10.0,4.08271633889674,0.12579013592195532,7.7865689854131865,6.665437834906225,11.737210048896154,startup,droit_affaires,1,0,0,0,0,1,1,1,0,1,0,0,0,1,1,0,0,1,CAA,synthetic_corpus_v2,syn_e35fe3114d4f,synthetic
5.784564537166872,3.3967300663738045,5.743850319284304,5.408886797763037,7.105961956827414,6.699956768744649,7.72215967246172,2.7186191683598793,6.00128263491541,1.9048032146976186,14.375018668809048,labo,electronique_embarque,1,0,0,1,0,0,1,1,0,1,1,1,0,0,0,0,0,0,EMII,synthetic_corpus_v2,syn_3eded0cbbabc,synthetic
5.332401934781809,6.7256051705375475,2.717602452886209,7.8256993615584,1.884296336705045,7.137560530565043,3.301359815933331,3.0164174544798774,5.91993530605732,2.7484077177426856,11.831840146350904,remote,industrie_automatisme,1,0,1,0,1,1,1,0,1,0,1,0,0,1,0,0,1,1,IMTICIA,synthetic_corpus_v2,syn_056c523003d1,synthetic
5.898206085369572,3.342180510409447,7.4044249059447065,2.2786625679206223,2.8539876823335306,7.5251221325817195,4.294012768311865,9.789646865885691,4.971192789369392,3.2347853434365836,13.677425675815387,terrain,agroalimentaire,0,0,1,0,0,1,1,0,0,1,0,1,0,1,1,1,0,1,DTJA,synthetic_corpus_v2,syn_08a7ccd2e3e9,synthetic
5.331574419350807,1.275436277887019,7.191776584231439,2.758666521640561,0.8505790771437451,3.709943862672719,4.087076764465499,10.0,4.2955169536012825,3.050237899673354,13.767038411722012,labo,agriculture_elevage,1,0,0,1,0,1,0,0,0,0,0,0,1,0,0,1,0,0,AEE,synthetic_corpus_v2,syn_f9df062f6a2b,synthetic
6.3351905899425125,5.636914209777633,5.506606339270991,2.4834389650001136,9.966095738155747,3.440546209832397,6.51706136077035,2.4942571016518738,4.522516378374585,3.3843805200151786,13.808369106012917,bureau,recherche_appliquee,1,0,0,1,1,1,0,1,0,0,1,1,0,0,0,0,1,0,ESIIA,synthetic_corpus_v2,syn_38dd983b2ccd,synthetic
8.27950590085026,7.140527998657408,6.356081802428895,2.288186319738317,6.568509100075179,5.8765234496987615,3.5510260570343903,3.9544720479312367,3.6563124788142236,5.676525441141435,13.077251991793078,bureau,developpement_logiciel,1,0,1,0,0,0,0,1,0,1,1,1,0,1,0,0,0,0,IGGLIA,synthetic_corpus_v2,syn_b311f5b31e8c,synthetic
6.455448655223483,4.882240956113557,9.322182751991352,4.289350276046685,3.699750011763917,5.187901329504805,3.6172932133444315,4.304096714471294,3.4630120165661142,4.564120097888269,13.06978716191933,remote,data_science,1,0,0,0,0,1,1,1,0,1,1,1,1,0,0,0,0,1,ISAIA,synthetic_corpus_v2,syn_0311e96d16c4,synthetic
4.161260756672306,2.0796008358057567,3.2118697688429583,3.922372189285512,3.9694084164355727,5.508465963542903,4.684262034982723,9.389915835565855,5.3402156542524235,2.315984443486466,11.727230018776337,labo,agroalimentaire,0,1,0,1,0,1,0,1,0,0,0,0,0,1,0,1,0,1,IAA,synthetic_corpus_v2,syn_41b7e041a8dd,synthetic
6.843182028756613,1.6141729698225808,4.7299376293140325,0.9585686196145553,1.53951740322761,2.063204598790388,7.180949086653181,8.73759062535477,4.699693717523758,4.142263620806461,16.29853585099392,labo,agriculture_elevage,1,0,0,1,0,0,0,1,1,0,1,1,1,0,0,1,1,0,AEE,synthetic_corpus_v2,syn_bf20f655269f,synthetic
5.9084154770708395,6.249782961929116,6.27810430563936,0.18473597367109296,7.392545258773784,3.722409176068189,7.956748107313218,3.963702828307433,1.9632629890060742,4.698575659910593,13.781186659397578,bureau,electronique_embarque,0,0,0,1,1,1,1,0,0,0,0,1,0,1,0,0,1,1,ESIIA,synthetic_corpus_v2,syn_4c3503150b2b,synthetic
5.803035699562959,0.2539649472672072,3.6094312269661675,3.759537403731282,2.61511295687213,5.3677476722883,5.7363583944401935,9.858169270927226,3.5654092264337134,4.209985093225885,15.417175761040301,labo,agroalimentaire,1,0,1,0,1,0,0,0,0,0,1,1,0,0,0,1,1,0,IAA,synthetic_corpus_v2,syn_abd4d94228a4,synthetic
6.406517276429438,10.0,5.59829537771032,3.199687931789584,2.233421648710097,6.447564836917701,4.014895895534311,2.654991617981491,2.293632383896445,6.224196569443385,15.715359823515037,remote,industrie_automatisme,0,1,1,0,0,1,0,1,0,0,0,1,0,1,0,1,1,0,IGGLIA,synthetic_corpus_v2,syn_1e8da1a91a83,synthetic
9.297591844840913,5.840439056554676,4.415658564266078,3.4698639544084644,10.0,4.148784053487257,9.86192471861864,2.2891528098524434,3.003245214703307,5.122680426501946,13.003985995705268,terrain,electronique_embarque,0,0,0,1,0,0,1,1,0,0,0,1,0,0,1,0,0,0,EMII,synthetic_corpus_v2,syn_d0d846c2127b,synthetic
5.714393518514269,2.906513003268851,4.075447127789737,6.437771391272673,3.63819635838297,4.887330960412176,2.847588013395777,2.7370793591667555,8.237584025603132,3.990514463615609,9.790897524706695,startup,tourisme_hotellerie,0,0,1,0,0,1,0,1,0,1,1,0,0,1,1,1,1,0,TEH,synthetic_corpus_v2,syn_e2ebd6e1dc73,synthetic
9.390286392046873,7.418951247780529,4.20860419999257,4.425390760908619,7.937084366332889,3.001952403356433,7.102282689926443,1.8026520063494509,3.157723959085425,4.46610907713181,12.22633849262458,labo,recherche_appliquee,1,0,0,1,0,1,1,1,1,0,1,0,0,1,1,0,0,1,ESIIA,synthetic_corpus_v2,syn_0bf1b7b95f8d,synthetic
8.019879987721138,6.217550938104261,6.213219109759946,2.0062989313311506,8.40226701330781,4.231342073094737,9.512041513356612,3.499538498613001,4.245232048981318,3.767767498211308,14.629232451523153,labo,recherche_appliquee,1,0,1,0,0,1,1,1,0,0,0,1,0,0,0,0,1,0,ESIIA,synthetic_corpus_v2,syn_5c79b0e04141,synthetic
7.605130752238915,1.768994386401186,7.93445811204122,0.42465034239883126,6.15521104117331,4.476210849497178,6.78070840532401,8.207209064277583,2.8743720492324196,4.442129683407449,14.287508383509962,terrain,agroalimentaire,1,1,0,0,0,0,0,0,1,1,0,1,1,1,1,0,0,1,ICMP,synthetic_corpus_v2,syn_f0bc9592674f,synthetic
6.413625464444991,1.5797380485020835,6.67948248164001,2.2999179127736373,0.01763561074863995,8.50079408778507,3.4128668738243513,4.291072676528291,4.565843306498627,9.708427849168922,13.2779999312252,bureau,commerce_gestion,0,0,1,1,0,0,1,0,0,1,1,0,1,0,0,0,0,1,EMP,synthetic_corpus_v2,syn_003fc47c635c,synthetic
4.186418350099728,4.216718703783998,4.8551035456955045,5.847283209188948,1.9406348995510692,5.508135818632418,6.085730387271729,7.9803729864238795,9.515508323160175,5.033414841190381,11.623820952337345,terrain,tourisme_hotellerie,0,0,0,0,0,0,0,0,1,0,0,0,1,0,1,0,1,0,TEE,synthetic_corpus_v2,syn_31da4454ddd5,synthetic
2.8478461851904124,0.41844544074952816,6.360213024462345,4.5189963357401055,3.3204529150423383,7.7303076173978535,2.061285114601402,3.840435122328923,8.16165513679716,5.927655912517251,11.348859058673781,terrain,commerce_gestion,1,0,1,1,0,0,0,1,1,0,1,0,0,0,1,1,1,0,TEH,synthetic_corpus_v2,syn_7b33de0e4321,synthetic
5.702124712360719,8.148274542358594,3.9338641600335116,5.532926593443654,4.868087345938945,6.707412514165384,3.410136202570648,3.2945113546446407,3.934303147390648,6.637065323977586,13.341222789175019,startup,developpement_logiciel,1,1,0,0,0,0,1,1,1,0,1,0,0,1,1,0,0,1,IGGLIA,synthetic_corpus_v2,syn_ccbcc325b76e,synthetic
6.073307207220495,6.397703346067241,6.090899309033278,4.512628547771952,7.721303843139148,3.813048720379982,8.835235144621318,3.113741304293369,5.240132966532559,4.4057075684567,13.830583517826074,atelier,electronique_embarque,0,0,1,1,1,0,1,0,0,0,0,1,0,0,1,0,1,0,ESIIA,synthetic_corpus_v2,syn_65e59e3ed98d,synthetic
5.025647516313632,1.7429913640736,4.499787681223931,3.4942902670646183,2.8254847904916804,8.66379667455448,4.8367160749287645,9.400774355706647,2.7614985841531423,4.204271415065914,12.306475171563635,terrain,agroalimentaire,0,0,1,0,1,0,1,1,0,1,0,0,0,0,0,0,0,0,GCA,synthetic_corpus_v2,syn_3e44fce2c233,synthetic
4.41371752020916,5.782546011644141,5.690675593757299,8.31184389059605,2.708093020612204,5.029078683341419,0.9352524017061912,2.381630104166841,6.579394918746107,3.7779137578887347,13.538919331361805,bureau,developpement_logiciel,0,1,1,0,1,0,1,1,1,0,1,0,0,0,1,0,1,0,IMTICIA,synthetic_corpus_v2,syn_412815fbd382,synthetic
4.329930322790469,3.8052153038350234,4.100867510006983,2.2914633442777776,4.68787188340101,3.7476806454162603,7.436520751642714,8.63367991571617,4.898462983324851,4.510711682660304,14.816101109936628,labo,pharmacie,0,1,1,0,0,0,0,1,0,0,0,0,0,0,1,0,0,1,PIP,synthetic_corpus_v2,syn_8d1bf7614653,synthetic
9.092628223747734,3.1517616864554587,7.35198041614672,2.4526292762635196,3.207574494610398,7.995797750470685,2.384348694256571,0.9037095910997572,8.185308004760872,8.44305811641657,15.955657411902166,bureau,finance_compta,0,0,1,0,0,1,1,1,0,1,0,0,0,0,0,1,0,0,FIC,synthetic_corpus_v2,syn_b4b28c8aaeee,synthetic
7.4829280093767085,8.007820877143814,6.365506315727387,4.51492537299991,3.2020494188024777,8.331666008604484,0.9081517242750317,1.197195206489877,3.943646152551354,6.407242825685742,11.330738974812556,labo,gestion_projet_si,1,0,1,0,1,0,0,0,1,0,1,0,0,1,0,1,0,0,IGGLIA,synthetic_corpus_v2,syn_6828355ae6bf,synthetic
5.364224113397327,1.4741898073518358,4.579500520035264,2.8936665329500597,1.3295072079772996,7.504235996717329,4.520401578450704,7.811493814368918,4.621720524172545,4.135854219552226,11.551191690684806,labo,multimedia_ux,0,1,0,1,0,1,1,1,1,0,0,0,0,1,0,1,1,0,AEE,synthetic_corpus_v2,syn_35f3621c46f6,synthetic
5.567023142168732,4.891607052980847,2.398833690943863,2.2531476168476594,8.865495307661586,5.152664355527951,8.009931698709774,0.9342068335614073,3.659552869523359,4.715250310311142,12.231840884817412,labo,electronique_embarque,1,0,1,1,1,1,1,1,1,1,0,1,1,0,0,0,1,1,ESIIA,synthetic_corpus_v2,syn_f3d728962062,synthetic
5.799493410724968,4.393346441483771,5.813145543208251,1.3625940842602187,3.5596071131301534,4.497017568045435,9.01049961884606,7.05699067964551,8.348355340664854,4.4214516998900395,13.515249169266756,atelier,chimie_procedes,0,1,0,0,1,1,1,1,0,0,0,0,1,0,1,0,1,0,ICMP,synthetic_corpus_v2,syn_4a23ab8b7a3d,synthetic
4.151437801421771,2.8799848430265444,3.970719826515323,3.8094397795309685,3.5961143725915825,8.25152263975611,2.6658019272824975,2.225548907665088,8.567808127126263,9.98935036291883,11.795704737837381,remote,commerce_gestion,0,0,0,0,1,1,0,0,0,1,0,1,0,0,0,0,0,0,CAA,synthetic_corpus_v2,syn_f257618e3318,synthetic
7.8409695897091645,1.6109776035297785,4.197968140235572,5.922399748477268,3.2416828384730736,5.2992319902476055,8.187536855224538,1.8116745797497855,4.529628659977174,3.3841568463769263,14.97130042537613,terrain,genie_civil_archi,0,0,0,0,1,0,1,0,0,1,0,0,1,0,0,0,1,0,GCA,synthetic_corpus_v2,syn_2a8a326abbdc,synthetic
7.596985998559524,2.6007371604596408,6.423429002972604,4.047719148028565,3.251247557439758,7.95625205034724,0.667502792211502,1.3596957900941933,6.21689406712607,9.196453887235897,15.007156526652354,remote,finance_compta,0,1,1,0,0,1,1,0,0,0,0,0,0,0,0,1,0,0,FIC,synthetic_corpus_v2,syn_192195b11f04,synthetic
6.333122947540684,5.98490419921637,9.185775317301822,2.606486395086992,1.49536111026154,5.423775570066939,1.306887254790239,1.5287957770672485,5.472378824470557,7.81638157275479,13.822138269295685,remote,finance_compta,1,0,1,0,0,1,1,0,1,1,1,1,0,1,0,0,1,0,FIC,synthetic_corpus_v2,syn_863ac6b8c3d8,synthetic
6.9547021313822395,2.2562845100391287,4.363180955850927,5.306168802847719,1.5085012518211331,7.5770824738231575,1.4749089797640107,3.80057548826017,6.871062726596946,7.353368744547996,13.980810894301886,bureau,tourisme_hotellerie,1,0,0,0,0,1,0,1,1,1,1,0,1,1,1,1,1,0,TEH,synthetic_corpus_v2,syn_87d049ce8748,synthetic
4.806589861336531,4.074897012168145,5.701880718196112,6.34194927374385,2.2249308868947764,7.4122042627605715,2.3107526691665807,4.959132311268221,10.0,6.749953231060157,13.334540622615522,startup,commerce_gestion,0,0,0,0,1,1,0,0,1,0,1,0,0,1,1,1,0,0,ESIIA,synthetic_corpus_v2,syn_e5588d8956bf,synthetic
6.216141355617047,3.3588925104262115,3.8850235832874267,5.6523571373270425,2.221386742959945,6.160644213291504,8.282335815014736,4.8779394637340765,4.623912404758771,1.7080593596607523,11.434297678957325,chantier,genie_civil_archi,0,0,1,0,1,1,1,0,0,0,1,1,1,0,1,0,0,0,GCA,synthetic_corpus_v2,syn_6316a977f0c0,synthetic
6.627401831607291,8.204928823078138,5.135794742561313,3.0002381326512824,2.1885533655618774,8.819265867001151,1.4851296585171276,2.4775781442302796,4.423056696338867,4.94368941908384,14.497300225442213,remote,developpement_logiciel,1,1,1,0,1,0,0,1,0,0,0,0,1,0,1,1,0,0,PIP,synthetic_corpus_v2,syn_17822052f603,synthetic
3.0248265170895055,1.6385746154890826,2.492841385639573,4.12942563904998,0.4483276336312454,8.545759656716168,2.169047007553165,1.5157095665882405,7.397483176510842,10.0,13.015459886940917,bureau,droit_affaires,1,0,0,0,0,1,0,0,0,0,1,0,0,0,1,0,1,1,DTJA,synthetic_corpus_v2,syn_1a4d57e83e38,synthetic
6.0398433383477474,2.0083554534103407,3.67072368054154,4.728653967407416,2.045447463420142,7.374113698291166,2.175509778463547,5.74043261298366,7.603206875590471,6.098076158131834,12.539818020493245,terrain,commerce_gestion,0,0,1,1,1,0,0,0,1,0,1,1,1,0,0,0,1,0,TEH,synthetic_corpus_v2,syn_48e52e0c5b00,synthetic
9.394039580873937,4.352947827666551,8.114588524172385,3.4737685873294764,4.294989165444058,5.693281905668985,4.286121800702417,4.116714696846739,3.110396781633706,6.395965395101703,9.402445332830919,bureau,recherche_appliquee,1,1,0,1,0,0,1,1,1,1,1,1,0,0,0,0,1,0,ISAIA,synthetic_corpus_v2,syn_41059673e641,synthetic
7.877422263627211,2.6688554588175846,4.536783237213174,6.423175986918898,2.4868578204875567,3.636105342781693,6.194780684015479,6.109280922371953,2.7353756725216183,3.3696016503766693,13.714799468106635,labo,multimedia_ux,0,1,1,0,1,0,0,0,1,0,0,1,0,1,1,1,0,0,ICMP,synthetic_corpus_v2,syn_5a90e1e82c48,synthetic
6.13300552009041,3.0907731216261007,3.2948796121472874,2.0855960455645985,2.965934633608838,6.345444988508881,8.609200699585584,7.575935606720337,4.5603347734035,2.7749542427631333,9.195023040280098,labo,industrie_automatisme,1,0,0,0,0,0,1,0,0,0,0,0,1,1,1,0,0,1,ICMP,synthetic_corpus_v2,syn_b4579f392006,synthetic
5.669280480678931,8.555738695741352,8.987994664925209,5.084375349391047,2.5932349102765166,7.196845837557823,3.065502072924478,2.6486898234546734,2.671263411847657,5.38844251992441,10.323580980467945,bureau,developpement_logiciel,1,1,0,0,1,1,1,1,0,0,1,1,0,0,1,0,0,0,IGGLIA,synthetic_corpus_v2,syn_f334f3bfd107,synthetic
6.897367372947827,3.2739198549597766,6.365150895203797,3.758815659459543,0.7217925936868947,5.420969669172223,1.814113393239936,5.082883804076588,6.611877698935352,7.484510351298378,14.16755313515553,remote,finance_compta,0,0,0,0,0,0,0,0,0,0,0,0,0,0,0,1,0,1,FIC,synthetic_corpus_v2,syn_69d03d7837c8,synthetic
8.040447516274094,3.663020528034775,8.058879625318092,3.5420129537388374,1.74823915524404,4.421947492963912,4.023468845085213,3.1437822086867655,2.538695180051699,5.340307005157295,15.086457678419034,bureau,data_science,1,1,1,1,0,0,0,0,0,1,1,0,1,0,0,0,0,0,ISAIA,synthetic_corpus_v2,syn_131bbceaf08c,synthetic
5.5210248428008954,2.7594916334004242,6.625623768704191,2.665696384912526,2.3104643832013245,5.3973590999053425,5.093778662870705,6.65094528828376,3.967584183110806,4.003957475889788,16.006748046393817,terrain,agroalimentaire,1,0,0,0,0,0,1,0,1,0,0,1,0,0,1,1,1,0,IAA,synthetic_corpus_v2,syn_8bcf1835358c,synthetic
5.139266700349578,3.1907880229618786,2.5266445038723866,1.7162397868899666,3.0580406737282906,4.287107615001071,5.198741287268182,7.903043699593331,6.38977538110662,3.7504039294543206,14.339399615315514,terrain,agriculture_elevage,1,0,1,0,1,0,1,0,0,0,0,0,0,0,0,1,1,1,AEE,synthetic_corpus_v2,syn_4f55e5967a72,synthetic
3.2959137312320945,1.8589209282617345,3.256988595822424,3.3464630776975,4.225398199383006,5.6450083986562145,4.239218934672741,9.154814617120643,4.152337340514188,3.733210042951465,13.427917851515991,terrain,tourisme_hotellerie,1,1,0,1,1,0,1,0,1,0,0,0,0,0,0,1,0,1,AEE,synthetic_corpus_v2,syn_b0da6696565e,synthetic
5.338689342276174,7.027213366332012,4.321166511272749,2.529795318559818,7.5291955844305365,3.6606043931648773,8.32840633630969,4.135707070478171,1.644386979787209,4.796775457554493,13.588586267534613,terrain,electronique_embarque,1,1,0,1,0,0,1,0,0,0,0,1,0,1,0,0,0,0,EMII,synthetic_corpus_v2,syn_74c74aa29099,synthetic
8.508765054566085,5.653064119512004,7.716276297559062,3.5923423966943395,1.9424710521028512,3.629033811786435,4.323760275624551,4.175994990819039,3.5445657098824968,3.7533049752560728,11.456216806710486,remote,data_science,0,0,1,0,1,0,1,0,0,1,0,1,0,1,0,0,0,1,ISAIA,synthetic_corpus_v2,syn_fafc6bcea2fe,synthetic
6.643990757845989,2.0779102392242215,4.289664216169106,1.8057042927676403,4.088235039138084,7.34233936400008,0.4895438313754745,3.308440475300723,6.712133340542336,9.82055807598761,14.544962167679431,labo,droit_affaires,0,0,1,0,1,1,1,0,0,1,0,0,0,0,0,1,1,0,DTJA,synthetic_corpus_v2,syn_e4bdfeaa3f84,synthetic
6.455978734549832,2.9676537139331876,5.909189172307773,2.124589137459922,2.9237116641414027,6.460392034567953,3.4239671037168717,7.7060929987231965,5.691348710764864,3.5234730996302663,12.774157159024462,labo,agroalimentaire,0,0,1,0,0,1,0,0,0,0,0,0,0,0,0,0,1,0,IAA,synthetic_corpus_v2,syn_f6fc225133e0,synthetic
8.612678115242861,4.3468359782294534,2.7717582230566298,5.869837917688649,3.0723261301252753,5.474559951415418,8.396843133686755,5.103769269397856,5.592484662832973,4.788320323992554,14.452435839078293,bureau,data_science,0,0,0,1,0,0,0,0,0,1,1,1,0,0,1,1,0,1,GCA,synthetic_corpus_v2,syn_1e4c7b60ec37,synthetic
6.504012218823233,3.4201327791804643,6.74594885099853,0.9766599221612178,0.771026597271181,4.446408521715323,6.30261409933776,9.344258718593668,3.5469058437617003,4.5796508120826545,16.862435420009376,bureau,pharmacie,1,1,0,0,0,0,0,0,1,0,0,0,1,1,0,1,0,0,PIP,synthetic_corpus_v2,syn_ccb78de88fc7,synthetic
7.751810437890547,7.38126531644342,7.439763205166912,3.8331697175364323,8.206032178896171,3.2408507186706457,7.916230382378168,4.2537239823176165,5.02754609161995,2.145244996263969,13.678882678705149,labo,electronique_embarque,1,0,0,0,1,0,1,1,0,0,0,0,0,0,0,1,0,0,ESIIA,synthetic_corpus_v2,syn_d2b1cc1edafa,synthetic
7.375952603957211,1.4939250155720554,6.582344159248763,3.2079550776487475,2.461623403187913,5.205232005076551,5.966339787456391,7.745245266362049,6.5688462265895025,0.5041368831361321,15.634311680516785,bureau,recherche_appliquee,0,1,0,1,0,0,1,1,1,0,0,0,1,1,0,1,0,1,PIP,synthetic_corpus_v2,syn_b0932c65ae6a,synthetic
4.755494767019304,8.65146294627762,6.6578987619482195,3.504717282244031,2.843747885786488,6.479013336329161,5.900425007440047,4.291833165901289,4.146141016319934,6.416337518982195,12.710850066402571,bureau,gestion_projet_si,1,1,0,1,0,1,0,1,1,1,1,0,1,0,0,0,0,1,IGGLIA,synthetic_corpus_v2,syn_8706eb0b9aae,synthetic
7.492284708994741,7.9350412127625685,5.616319728083093,3.700551568757161,9.386187899344439,4.980816438030797,8.740067427142685,5.5061012025549445,4.961039744855025,3.3438100876897567,12.302180155863962,atelier,electronique_embarque,1,1,0,1,0,0,1,1,0,0,1,1,1,0,1,0,1,1,ESIIA,synthetic_corpus_v2,syn_2403833f877d,synthetic
6.019108878372542,1.5267641426788063,4.656456940934133,0.49281048270717065,1.6396336240433942,8.650956931607872,1.561704485180228,2.1758232356340237,7.1950890113781005,9.215370666705203,14.081947173087629,bureau,commerce_gestion,0,0,0,0,0,1,0,1,0,0,0,1,0,0,0,0,1,1,CAA,synthetic_corpus_v2,syn_286b3c203d4c,synthetic
6.34408103095389,8.20104218294342,3.1727325168202727,3.948671576563437,3.7164853894504035,8.351632158572398,4.079851315762559,3.961900650249091,2.044543523585968,4.71803305552248,17.256759151552675,startup,developpement_logiciel,0,1,0,1,1,1,0,1,0,1,1,0,0,0,1,0,1,1,IGGLIA,synthetic_corpus_v2,syn_1a4f8d198296,synthetic
6.08517724414642,10.0,6.502511479235434,4.656703496808129,6.299337656628414,6.290750784304343,3.3911013524471016,2.7279974634494,4.246095877271964,2.7915626595115715,15.005806154912397,chantier,gestion_projet_si,1,1,0,1,0,0,0,1,1,0,0,0,1,0,1,0,0,0,IGGLIA,synthetic_corpus_v2,syn_9b28960c2630,synthetic
8.461241040489151,8.36340664185709,5.62814157217617,2.10486470614559,1.6046454465718345,7.324139472649573,1.848580486862648,1.4713475111473722,4.551923034153239,6.526808809158357,13.514765549042211,startup,developpement_logiciel,0,1,0,0,0,0,1,1,0,0,1,0,0,0,0,0,0,0,IGGLIA,synthetic_corpus_v2,syn_ce050be43c43,synthetic
6.407875640798171,2.8102589106788014,5.411692842258976,2.049992932023461,5.347005767748338,2.8132939446177687,8.035238500559954,8.949632983130293,4.438105678824754,4.595269381936111,12.02621258211478,atelier,chimie_procedes,0,0,1,1,0,1,1,0,1,0,0,0,1,1,1,1,1,0,ICMP,synthetic_corpus_v2,syn_108e7396c4dc,synthetic
5.863359369496444,3.8145517604059593,5.272626492686648,1.5630389264404079,3.619388476026322,4.891468865426186,3.363343344264825,9.39070644115337,3.076991448017857,3.0743839025740227,13.440252586937804,terrain,agroalimentaire,1,0,0,0,0,1,1,0,0,0,0,0,0,1,0,1,1,1,IAA,synthetic_corpus_v2,syn_101618b8e712,synthetic
7.513091669031351,9.552460677563397,5.06071103898391,5.25515218385707,2.9613547121019685,8.719493953273847,2.0194251209846903,2.1319122359404203,4.767118911942129,5.43295162902057,12.234591749159607,remote,gestion_projet_si,0,1,0,0,0,0,0,1,0,1,0,0,0,1,1,0,0,0,IGGLIA,synthetic_corpus_v2,syn_69d02ff8d8c6,synthetic
7.040075770692696,3.00497831298876,8.379967127781171,4.430605172907764,2.1899522345079094,6.24100852176347,2.302644687924248,2.422011567238914,5.458025649115708,7.320003415727758,11.16864247848736,remote,finance_compta,1,0,1,1,1,1,1,0,1,1,0,1,1,0,0,0,0,0,FIC,synthetic_corpus_v2,syn_9bde2bb5aeae,synthetic
4.957094148927,1.091356271970151,2.07009255907864,4.5558158699551115,1.5829607196760727,4.699527788324512,5.016709694262276,7.072007819551399,3.498702897966054,3.4739055237116334,11.842578250058729,labo,agriculture_elevage,0,1,0,0,0,1,1,0,1,0,0,0,1,0,0,1,0,0,AEE,synthetic_corpus_v2,syn_62074dfee3e4,synthetic
6.911493599530104,6.004908373168355,2.9004106214850616,1.4029268359657177,6.931988430701901,3.126951561078159,7.608113179812639,2.558688751891965,5.423915067814275,1.3115684270373813,13.459623392294969,remote,recherche_appliquee,1,1,1,1,0,0,1,1,0,0,0,1,1,1,0,0,0,1,ESIIA,synthetic_corpus_v2,syn_6fdfb41a548c,synthetic
7.648978816613599,5.923542281165589,6.174114890507605,0.40626272605525804,6.969517239919946,3.479353104158013,7.42774510605243,2.6961698502586513,5.529224276274008,2.219910210466358,11.061774214210363,labo,electronique_embarque,0,0,1,1,0,0,1,1,0,1,1,1,0,1,0,0,0,0,ESIIA,synthetic_corpus_v2,syn_366f38d05279,synthetic
3.354857681897548,3.0652370094556476,4.604477850024485,3.7528197252071402,0.9737002855768082,4.107612952201281,2.824635101421894,6.811738804219648,5.497086573714016,2.793341420526296,11.506442138036133,labo,agriculture_elevage,0,1,1,0,0,0,1,1,1,0,0,1,1,0,0,0,1,0,AEE,synthetic_corpus_v2,syn_455a15946f04,synthetic
6.133925004157225,1.9068799562028356,4.774942322816626,3.585649019856729,2.8945611141169794,3.391059414219246,4.039074886026752,10.0,6.1746417802336815,4.501424000621155,12.911487554351817,terrain,agriculture_elevage,1,1,1,0,0,0,0,0,1,0,0,0,1,0,0,1,1,0,AEE,synthetic_corpus_v2,syn_c6519a0ede1f,synthetic
5.79159446987909,1.7669555169131768,4.874665789118907,3.50468369367359,1.0832579650600347,7.85337882181073,0.45177563310467406,3.775367285044216,8.874786772937771,6.888408017524997,14.164988048247068,remote,commerce_gestion,0,1,0,0,0,1,0,0,1,0,1,0,0,0,0,0,1,0,CAA,synthetic_corpus_v2,syn_64a4f9ac2f8a,synthetic
5.347955971784,0.06812707583642164,5.336903352880704,2.1033112353720265,2.971956688704655,6.498622097348081,3.8149357375496344,8.43894488931904,3.574006038669597,4.684007875856753,13.1184356399726,terrain,agroalimentaire,0,0,1,0,1,1,1,1,0,1,0,1,0,1,1,1,0,1,IAA,synthetic_corpus_v2,syn_9eced843c365,synthetic
6.8449072853627655,9.186871721354706,6.6383155650675745,2.855517948222142,4.342044586333052,7.283317154569851,4.2711373435658375,4.274166960407308,1.9699461601494481,6.457341364937598,13.322426719611393,startup,developpement_logiciel,1,1,1,0,1,1,0,1,1,1,1,1,1,0,0,1,1,1,IGGLIA,synthetic_corpus_v2,syn_304e896a42b1,synthetic
8.078880311392071,5.006163996195049,4.1963482075454825,4.420078309335541,7.537515938815891,3.955422366562287,7.531753315364576,3.3840812800948292,3.380246224111712,3.712665632679795,16.8162248649695,terrain,industrie_automatisme,0,0,0,1,0,1,0,1,0,0,0,1,1,1,1,0,0,1,EMII,synthetic_corpus_v2,syn_57d5c91890b9,synthetic
5.315683230914421,2.9095027365502193,3.588694369793784,4.573672617784864,0.4316116738646856,4.5089948888163125,1.8486484367292473,1.6917544222550678,9.275405369431166,7.5002966443035195,13.785559274936707,bureau,droit_affaires,0,0,1,0,0,0,1,1,0,0,0,1,0,1,0,1,0,1,DTJA,synthetic_corpus_v2,syn_d689f0ad6944,synthetic
4.407327985679428,4.7271853441615725,5.649367610862905,9.009481101400828,4.7387107067283125,4.015559343071297,1.0622795404956205,1.3768485252008542,6.478630365264467,4.5307428112306285,12.929418744463643,bureau,multimedia_ux,1,0,1,1,0,0,0,0,0,0,0,0,0,0,0,0,0,0,IMTICIA,synthetic_corpus_v2,syn_ad1aa1a0bb65,synthetic
3.027226868455451,3.1236727762779246,3.639744435458976,3.5005096978303847,1.4758064799157058,5.195843826021613,1.1442452821563012,0.0,8.222208569255402,9.476277703317761,11.943362984178876,bureau,droit_affaires,0,0,0,0,0,0,0,0,0,1,0,0,0,0,0,0,0,1,DTJA,synthetic_corpus_v2,syn_0467d01e15e3,synthetic
6.467841582790943,2.749877002976746,5.23471963389417,6.485727439307979,4.213204971434868,5.1811588567275715,8.214868988831189,2.650377503851053,6.836356884170698,3.491938019778317,14.375027073249276,bureau,genie_civil_archi,0,0,1,0,1,1,1,0,0,0,0,1,0,0,0,0,1,0,GCA,synthetic_corpus_v2,syn_ed5eac3d0dfd,synthetic
6.1545500562431865,1.493056424172574,6.270929604742529,2.4437305070493593,0.7476890924311314,9.839067671230998,2.4356231673458595,3.9463590083428466,7.968526434786426,8.88315816449959,8.612202146784645,bureau,droit_affaires,0,0,0,0,1,0,0,1,1,1,0,0,0,1,0,0,0,1,DTJA,synthetic_corpus_v2,syn_4d636b5af6fa,synthetic
3.6631045196434626,4.055130308150868,6.052862514492283,3.6576209411830423,2.842240569151045,5.732185217040907,7.679216473650095,8.173462101360006,3.2687364126906036,3.3407130726511944,15.747276311830662,labo,chimie_procedes,0,0,1,0,0,1,1,1,0,0,0,0,1,1,0,0,0,0,ICMP,synthetic_corpus_v2,syn_3e1f1e798246,synthetic
5.760357398583389,4.081659509954761,3.4145123944656355,3.3637170397528333,7.5406713300589745,2.527184489816796,10.0,2.4137702224204585,2.40488395514718,3.699064784527205,12.993136893298066,labo,industrie_automatisme,0,0,0,1,1,1,1,1,1,1,0,0,0,1,1,1,1,1,EMII,synthetic_corpus_v2,syn_1e57ccf54b20,synthetic
5.496425925979495,5.763014307413982,4.8465128035751555,10.0,1.2792083078365468,6.8400233682421305,3.969583731976476,2.373683293857527,6.199644384210726,3.9280659501298025,11.03520859035744,bureau,multimedia_ux,0,0,0,1,1,1,1,0,1,0,0,0,1,1,0,0,0,1,IMTICIA,synthetic_corpus_v2,syn_4b5556b3cc09,synthetic
3.723154637704738,5.4204201790005255,4.0155871545497455,10.0,2.568570320698353,4.272002553649175,3.435689736599065,2.8463795061261803,6.583980559149188,2.2252192108417805,11.653272951290196,bureau,developpement_logiciel,1,1,1,0,1,0,1,1,1,1,0,1,0,1,1,0,1,0,IMTICIA,synthetic_corpus_v2,syn_0c07dc0bb477,synthetic
5.8281999877464745,1.343226678427436,2.960544366840849,3.397127636482468,0.6457874430156689,6.13980411450234,3.8590830006262515,0.713549409840319,7.121001081730915,9.526670073148999,12.926644214339674,bureau,droit_affaires,0,0,0,0,0,1,0,1,0,1,1,0,1,0,1,1,0,1,DTJA,synthetic_corpus_v2,syn_4f9a99f378d5,synthetic
7.020006257651572,8.608000193191716,6.022635017385449,4.539933644186241,2.6141807423551713,6.512562610357052,3.1635350808408407,3.061030284060633,2.628711735968813,4.725606842864094,13.446014799562906,bureau,gestion_projet_si,1,1,0,0,0,1,0,1,1,0,1,0,0,1,0,1,0,0,IGGLIA,synthetic_corpus_v2,syn_bde4883e8544,synthetic
7.2866085725894845,6.975495605231462,5.634537205177297,3.59223498004588,3.283504146536404,7.841143453767985,5.688123907871753,2.9781902046475275,6.129925665779601,6.67457115264367,14.654520075976832,startup,gestion_projet_si,1,0,0,0,0,1,0,1,1,0,1,1,0,0,1,0,0,0,IGGLIA,synthetic_corpus_v2,syn_8c4139f173fd,synthetic
6.168412629730739,6.741280209307419,5.399922775436285,0.951350798226545,8.688712529665036,4.166450755659245,8.394372765245677,1.8141197361400785,5.500524822213653,3.096405621762601,15.564578094135179,bureau,recherche_appliquee,0,1,1,1,0,0,1,1,0,0,0,1,1,0,0,0,0,0,ESIIA,synthetic_corpus_v2,syn_dbb911d48aaa,synthetic
9.46947478922156,5.948632523271138,3.386434679109704,1.4802937979360131,8.82587910884224,3.352301487362381,6.166650362742615,1.8715926560448617,4.541428855867844,2.90608321308471,12.276417183650882,bureau,electronique_embarque,0,0,0,1,0,1,1,1,0,0,0,1,0,1,0,1,0,0,ESIIA,synthetic_corpus_v2,syn_8ba8853d5562,synthetic
7.20733735670129,1.8627754841011317,3.0975552767793415,1.385697088803109,2.9859598359414954,5.705404376970865,4.991005091234734,9.094188435177957,3.8179516872877364,1.111819676006737,11.754069261138671,terrain,droit_affaires,1,0,0,0,0,1,0,0,0,0,0,0,0,0,1,0,1,0,AEE,synthetic_corpus_v2,syn_e245488a9635,synthetic
6.264690137488688,5.732030867835699,4.700565442762107,2.6883277213493155,8.39650016709813,3.2559678694432854,8.652341162005758,3.721333334969239,3.349532512130906,1.3517601011982847,10.456960987212232,labo,industrie_automatisme,0,0,0,0,0,1,0,0,0,1,0,1,1,1,0,0,1,1,EMII,synthetic_corpus_v2,syn_22cbaa68a5b2,synthetic
2.3674511517480434,4.9683900158704315,4.393776673009056,7.256424715677708,0.7649638502076408,6.933957951936038,2.7973244266958517,3.3432491533008966,8.752280940649362,4.162280486299423,14.314227223228574,startup,tourisme_hotellerie,0,1,1,0,1,0,1,0,0,1,1,1,0,0,0,0,0,0,TEH,synthetic_corpus_v2,syn_d22ef3395444,synthetic
7.713414835564402,6.486850854307849,4.331966901080628,2.5968981637298563,8.199183577602106,4.105695128262465,6.958408315705713,2.421389906904308,3.06718723372929,5.618308298036249,14.513903229140935,startup,electronique_embarque,0,0,0,1,1,0,1,1,1,0,0,1,0,0,1,1,0,0,ESIIA,synthetic_corpus_v2,syn_ef76aa0afcdc,synthetic
7.179260181502307,4.70697246364075,7.690213223827314,2.2769827588509175,0.0,7.6029980128352,2.5468626798615808,2.556825638329592,5.784940249635271,7.855817547730517,12.229797057045104,bureau,industrie_automatisme,1,1,1,0,0,0,0,0,0,1,0,0,0,0,0,0,0,0,FIC,synthetic_corpus_v2,syn_7e63ece9413b,synthetic
8.437533757649183,3.7996281586552274,4.316928798474076,1.9362409410777217,1.4984123349430072,4.761355209690456,7.781444684367936,6.683988175323703,2.9140509275067177,3.668633425415106,14.79199714916756,labo,industrie_automatisme,1,0,0,0,0,0,0,1,0,0,0,0,1,1,1,0,0,0,ICMP,synthetic_corpus_v2,syn_6d98c1279d9d,synthetic
7.972417254965688,4.078024956712895,2.449402375444637,2.2492769423134655,8.173325213592538,3.5283050501036985,8.818692572492502,2.2232173712831997,1.8965958359644906,4.022336621257928,13.97404715309934,atelier,industrie_automatisme,1,0,0,1,0,0,1,1,1,1,0,1,1,1,0,0,0,0,EMII,synthetic_corpus_v2,syn_05b0ceb6f0df,synthetic
8.934051295519737,2.362570759189763,6.550998487398604,2.665142241315966,2.5352729405564274,5.120343080441286,3.6595590751254683,10.0,5.644780701034248,4.761698353092173,13.613182928467937,bureau,droit_affaires,0,1,0,0,1,1,0,0,1,0,0,0,1,0,0,0,0,1,PIP,synthetic_corpus_v2,syn_30ee497c561b,synthetic
3.9994802424900597,1.2786288947163553,5.157577664601147,4.588496008409508,2.1722482082400925,8.052743069331058,1.882034137569995,5.820951890312296,9.85216323948213,5.923935812937836,15.127522147138214,atelier,tourisme_hotellerie,0,1,1,0,0,1,1,0,1,1,1,0,0,0,0,1,1,0,TEH,synthetic_corpus_v2,syn_5e3b64d95045,synthetic
7.265737858395782,2.874923478300202,5.57239931120537,3.4439995574174787,4.812359331178866,3.4933810853206806,5.510458403913432,9.73889092197313,6.536098391842414,0.9106624932537515,11.902441968629432,labo,pharmacie,0,0,1,0,1,0,1,0,0,0,1,1,1,0,0,1,0,1,PIP,synthetic_corpus_v2,syn_53767778ef1d,synthetic
6.043235457617263,4.217895175321804,4.47081312969208,3.5301964704874456,9.313931648507346,4.17163687296701,6.567127340027662,3.604300670939607,3.1336353832223383,2.207137798438719,11.52965191386966,bureau,recherche_appliquee,1,0,0,1,1,0,1,1,1,0,0,0,0,1,1,0,0,0,ESIIA,synthetic_corpus_v2,syn_8303f340daa8,synthetic
2.569858121819104,7.9292725502968455,4.554343525132198,9.11101446867146,3.002918455975779,6.6373634786080205,2.523782073139757,2.8545325595217497,6.328859783322113,2.107643126365886,11.415443906911257,bureau,multimedia_ux,0,1,1,1,0,0,0,1,1,0,1,0,0,1,0,1,0,0,IMTICIA,synthetic_corpus_v2,syn_de829e2ede78,synthetic
7.068829864181253,4.762563138101453,6.844881159559277,3.1738634282932705,4.442403752048032,6.50773692629023,3.1206541143430346,1.033579470294113,7.875860968300894,8.851727343801887,12.469758896832264,remote,chimie_procedes,0,0,1,0,0,0,1,0,0,1,1,1,0,0,1,0,1,0,FIC,synthetic_corpus_v2,syn_56aebe2026fe,synthetic
5.870517767610705,3.6218345810268606,8.469299118681402,3.7273605310868554,4.327351478734824,5.961389136918953,2.089542331068297,4.521919363542693,3.071321719845428,5.535336320862733,13.3224315347858,labo,data_science,1,0,0,0,0,0,0,1,0,0,1,0,1,0,1,0,0,0,PIP,synthetic_corpus_v2,syn_2bcd5976c4ef,synthetic
5.298332084119232,2.733080119075649,4.399305970447774,2.0873939192920425,0.24191998270554627,9.467370725253794,1.0335556569868403,0.0,8.294669695243837,8.484282323275494,13.893780868355053,bureau,droit_affaires,1,1,1,0,0,1,0,0,1,1,0,0,0,0,1,1,0,1,DTJA,synthetic_corpus_v2,syn_ffe102292fd6,synthetic
4.565531482155006,3.5494632103008947,5.453747877123767,3.155316088458095,3.192637052155175,9.186231329799998,4.103777953257664,2.440211907764429,7.972229636659107,7.726072670657027,13.311620950616103,startup,commerce_gestion,0,0,0,0,0,0,1,0,0,1,1,0,1,0,1,0,0,1,CAA,synthetic_corpus_v2,syn_4b956503e423,synthetic
5.884840399299439,3.2169846859613673,5.596842219743293,4.288701206014655,2.118331488260235,9.415954867798593,3.673457761422246,4.159955340730585,6.001703001281472,8.299317284867868,10.091931880209637,startup,commerce_gestion,1,1,0,0,0,0,0,0,1,0,0,0,1,0,0,0,0,0,CAA,synthetic_corpus_v2,syn_44a9f5948821,synthetic
6.975481656740444,4.210360305331213,5.661615459737987,2.272478965815801,2.562939926788868,4.756320122055588,5.5058010096432906,8.487284792518428,4.208108191566302,5.489634615340585,12.00886623257573,terrain,agriculture_elevage,0,0,1,0,0,1,1,0,0,0,0,1,1,0,0,1,1,0,AEE,synthetic_corpus_v2,syn_e06d0af992d0,synthetic
3.6322761810058335,3.921739917269802,1.8922696843157425,2.5604243608659605,2.256932611136842,5.583634544544699,3.5577262667908887,0.7860110385852741,7.915499712042253,8.168029281953102,8.889833916716817,bureau,droit_affaires,0,0,0,0,0,1,0,0,1,1,1,0,1,0,0,0,0,1,DTJA,synthetic_corpus_v2,syn_90a4eee2fe8d,synthetic
5.856637735080313,8.12166249805617,6.55476608805591,3.766830303066192,4.178306165309806,8.277529248919203,3.4079519528134488,2.080582394061076,2.9162924191566146,3.684332085857566,14.413656969321991,bureau,developpement_logiciel,0,1,1,0,1,1,0,1,1,1,0,1,0,0,1,0,1,0,IGGLIA,synthetic_corpus_v2,syn_35c6e1788d00,synthetic
6.205114992978007,9.517874178173493,6.422564772690885,3.966969560589893,2.6113552644424125,7.092943072960579,2.1646606997637345,2.9377452336948213,1.1293354559429898,4.3026564076207965,14.856155647497197,startup,gestion_projet_si,1,1,0,0,0,1,0,1,0,0,0,1,0,0,0,1,1,1,IGGLIA,synthetic_corpus_v2,syn_708b98f8d6d4,synthetic
3.712578454886971,1.3104442452077565,4.59115665440667,4.327328734130977,1.5261512362401444,8.988073697196187,1.6215395132590602,3.0465296683234695,7.546898174349164,7.517350839227128,13.652470965436724,startup,gestion_projet_si,1,1,0,1,0,1,0,1,0,1,0,0,1,0,1,1,1,0,EMP,synthetic_corpus_v2,syn_60acc877cc1e,synthetic
7.692318217222713,7.393400472075497,4.338848881422005,7.624179954211528,2.699210971490047,5.540050995413893,7.764823923752141,3.9544831747983893,4.385185460417976,4.604200038252421,11.866006632271509,bureau,genie_civil_archi,0,0,0,0,1,0,0,0,0,0,0,0,1,0,1,0,1,1,GCA,synthetic_corpus_v2,syn_606cb1fbf269,synthetic
4.58274344273189,8.164406999406316,4.882096803300726,8.315836118847665,2.724362517537941,3.1795430324482328,2.8510660846903955,2.256104156346009,6.061700753863127,3.2716426846588624,14.642463181568212,remote,multimedia_ux,0,0,0,0,0,0,0,1,1,0,0,1,0,0,0,1,0,0,IMTICIA,synthetic_corpus_v2,syn_0d94a610fa27,synthetic
4.857825061644014,4.972922484351436,3.6641336218531566,1.5921526852995742,9.490243223763562,2.6205882969875214,7.066863616024111,4.914639561406992,3.8804923403085194,2.7893884763121144,12.061982718838154,labo,industrie_automatisme,1,1,0,0,0,0,0,0,0,0,1,1,1,0,0,0,1,0,EMII,synthetic_corpus_v2,syn_6e7eba0c1178,synthetic
4.403878639702774,2.6020329953869576,2.88181529693772,2.8164175077808604,1.1513501420718362,7.342561390506016,3.2543161535508145,3.073769603107583,8.52802458793062,6.846345283148906,12.240939851825916,bureau,droit_affaires,1,0,0,0,0,1,0,0,1,1,0,1,1,0,1,0,0,1,DTJA,synthetic_corpus_v2,syn_178b769118fb,synthetic
5.3908724463732955,2.0568949969899855,2.871423342469984,3.33407830173134,1.8741745892087365,4.667536202274727,3.73914827748168,7.7731148140323025,5.279820493211292,3.3504010177479593,14.741503285666244,labo,agriculture_elevage,1,1,1,1,1,1,1,1,0,0,0,0,0,0,0,1,1,0,AEE,synthetic_corpus_v2,syn_b4d65796bd20,synthetic
4.169803580742049,3.9103772223126634,6.831532647508226,3.7389795464904747,2.3680992968306893,8.582329773913246,4.093146556587182,4.781292508235579,6.523098776007308,7.991075225520433,13.727688167547129,remote,commerce_gestion,0,0,0,0,1,1,0,1,0,1,0,0,1,0,1,0,1,1,CAA,synthetic_corpus_v2,syn_3a02d9b32194,synthetic
7.562975570692128,5.975144157213913,5.085947180564878,4.812755324093133,8.2007725652712,3.0044419242009006,9.106403654268572,3.965112893549685,3.228803582000324,2.467291913979011,14.13299915324741,labo,industrie_automatisme,0,1,0,0,0,0,0,0,1,1,0,1,1,0,0,0,0,0,EMII,synthetic_corpus_v2,syn_d0a11f8f6f3f,synthetic
3.530396970979373,7.69929731974911,5.739787025304376,8.99527836052185,0.5761916297918659,4.85544452922656,3.1299757022031724,2.21688795737457,3.3976829700731437,3.186458713918096,11.104000391077667,remote,multimedia_ux,0,1,1,0,1,1,0,1,0,0,0,0,0,0,1,0,0,0,IMTICIA,synthetic_corpus_v2,syn_a0cae94f3993,synthetic
9.797064024427153,3.452361058453252,5.9295265440896125,5.930748303350919,5.036439444488588,6.739379476776912,9.358329335845427,3.0722733927436296,4.233317253700279,3.554826102237362,11.540908351415318,bureau,genie_civil_archi,0,0,1,0,1,0,0,0,0,1,1,1,1,0,1,0,1,1,GCA,synthetic_corpus_v2,syn_8f61358e2370,synthetic
7.875862927432481,4.567220564489854,9.413485284503253,3.6382985524482017,2.8340479131916996,6.219306043645533,6.119711366320186,1.127942954628105,6.448268590894273,4.472195974821397,11.973596054348382,bureau,data_science,1,0,0,0,0,0,0,1,0,1,0,0,1,0,0,0,0,0,ISAIA,synthetic_corpus_v2,syn_c5bb84c9e009,synthetic
5.06050892876006,3.4591097041460737,3.4053150255657587,5.199372512600772,2.206069356051326,7.051575398690128,1.7988843302829094,3.188148168812992,5.001767429361408,6.927784415818529,11.801200388440204,remote,commerce_gestion,0,1,1,0,0,1,0,1,0,0,0,0,0,0,0,0,0,1,CAA,synthetic_corpus_v2,syn_30a515142bd0,synthetic
7.357244418356866,3.422135968426624,7.594269936405861,3.902726316293081,0.7386824779229395,7.868001541454468,4.101372456450519,2.864747610687151,5.879698872515106,7.038563205584725,14.314245529744348,bureau,tourisme_hotellerie,1,0,0,0,0,1,1,1,1,0,1,1,0,1,0,1,0,0,FIC,synthetic_corpus_v2,syn_d217b6bacba6,synthetic
5.809617932804387,9.188397044565592,2.9635148099452016,5.086379823420698,3.3631444234003456,8.162729575168918,4.515662368545003,6.976308759838153,6.17845585801825,3.557910808776444,16.74257228269134,chantier,developpement_logiciel,0,1,0,0,0,0,0,0,1,0,1,0,0,0,0,0,0,0,IGGLIA,synthetic_corpus_v2,syn_1ae36caa9a35,synthetic
7.716724009091528,10.0,6.65784447444109,4.410883109589656,5.0767763569376605,8.259478502431746,4.832833495261124,2.642409239434049,3.227621788915894,6.396502980362879,17.41444078230291,bureau,gestion_projet_si,1,0,0,0,0,1,0,0,1,0,0,0,1,1,1,0,0,1,IGGLIA,synthetic_corpus_v2,syn_2a7af527f851,synthetic
3.480405864456034,5.820862236839749,3.4607793547554353,7.638914577587928,2.2137809905334773,6.082639636892878,3.3992960703081083,2.633147182651991,7.451341213594539,7.170187354759293,13.261171035295336,remote,multimedia_ux,0,1,0,0,1,1,1,0,1,0,1,1,0,1,0,0,1,0,IMTICIA,synthetic_corpus_v2,syn_62239ed38c88,synthetic
5.715581784923302,2.7049232814169533,4.649567948953467,4.111191120189594,3.8851244349739584,5.968327773337404,4.197665453397245,9.658402765679226,5.024220728366599,0.5663752244019746,14.694793337590454,labo,pharmacie,0,0,1,0,0,0,0,0,1,0,0,0,1,0,0,1,0,0,PIP,synthetic_corpus_v2,syn_34a5138804fc,synthetic
4.640140442565868,4.47842972373501,6.61565753150939,3.910122419670673,2.092416741431479,9.105822990969035,0.6064962561327261,2.7300209692742023,7.985110936872413,9.248076368118394,11.424114475393683,remote,commerce_gestion,1,0,0,0,0,1,0,1,0,1,0,0,0,0,1,0,0,1,EMP,synthetic_corpus_v2,syn_20f292e9401f,synthetic
5.835809778261631,6.775764420876411,5.26082588922093,3.070329407142118,8.016769023041586,5.617319896761445,7.759942514974814,2.3197458078189275,4.079852027509972,3.8931980879100125,13.320903951021775,labo,recherche_appliquee,0,1,0,1,0,0,1,1,0,1,0,1,0,0,1,0,1,1,ESIIA,synthetic_corpus_v2,syn_b493ff0fdcf1,synthetic
6.947041141627116,3.1966896289385325,5.625761418528346,0.6408127957082881,3.1116161589710503,5.719528850953668,6.117737896965231,10.0,5.942674317946437,4.102446101365116,15.333264230273127,labo,pharmacie,0,1,1,0,0,0,1,0,0,1,0,0,1,0,1,1,1,1,PIP,synthetic_corpus_v2,syn_fdd97b22a1fa,synthetic
5.094753225998955,3.6436084812832132,5.632056510851225,2.089581149890185,4.996889093225214,4.362628943080249,6.897243473924917,5.774126518814605,3.4679601581157016,4.60481390248515,15.096323994985697,labo,chimie_procedes,0,1,0,1,0,1,1,0,0,1,0,0,1,1,1,1,1,0,IMTICIA,synthetic_corpus_v2,syn_a9d2caad531d,synthetic
6.385319985538488,5.512081999767114,4.515464668569234,7.714850211414701,2.3245717611516774,4.398298377227493,5.94296908808429,2.6031024995758685,4.513042317160808,5.041042168025384,13.841582037234968,remote,droit_affaires,0,1,1,0,1,0,1,0,0,0,0,0,1,1,1,1,1,1,GCA,synthetic_corpus_v2,syn_a3ca5c1ca857,synthetic
4.43383269782667,0.8102570996057417,0.9432517977976898,3.791105708462852,2.1654054298295535,6.445254959795994,3.373466655065116,6.644279407226686,10.0,5.016821278914257,13.024803169412516,terrain,tourisme_hotellerie,1,0,0,0,0,1,0,1,0,1,0,1,1,1,0,0,1,0,TEE,synthetic_corpus_v2,syn_a30dd22850c7,synthetic
6.562626091503144,7.766253559265736,4.8201341251873,3.3206579465727923,3.34979717735294,6.831656578884537,4.040551706022447,0.3763032445844763,2.7010246290588684,7.266297444697032,12.848785270489707,startup,gestion_projet_si,1,1,1,1,1,0,1,1,0,1,0,0,0,1,1,0,0,0,IGGLIA,synthetic_corpus_v2,syn_55787e044b50,synthetic
6.6030824727618835,7.509468095159343,2.2546315348546258,6.96755483044953,3.8413524817448406,4.66189087610528,3.088502248980044,2.7489135797751096,6.307408530842851,2.2331151758477485,14.034285196794553,startup,gestion_projet_si,0,1,0,0,1,0,1,1,1,0,0,1,0,0,1,0,0,0,IMTICIA,synthetic_corpus_v2,syn_885bc8375cb1,synthetic
6.6840855097677885,4.068683590916933,6.385095501959414,3.06407528963695,3.2407666173318272,8.826774436802625,1.4976377217120798,3.060157166038272,7.523696928369916,9.848612872746381,14.295760564633028,remote,commerce_gestion,0,0,0,0,0,0,1,0,1,0,0,1,1,0,0,0,0,1,CAA,synthetic_corpus_v2,syn_31606b93b661,synthetic
7.119909251176073,6.545477657693848,5.621653306621192,3.6060731333320906,8.326529758499058,4.677621340150912,8.325066287839672,4.483882413041677,4.08558411019385,2.0629977030084383,11.983553561408499,atelier,agriculture_elevage,1,1,0,1,1,0,0,1,0,0,0,1,0,0,1,1,0,1,ESIIA,synthetic_corpus_v2,syn_a029efc03b1b,synthetic
7.659793039687626,3.660170531932847,7.914537550948044,2.8465146159388657,2.84216468794835,6.456951715689669,0.8232962850095564,2.6039378120622967,6.821355129206325,8.167878500146298,14.457166507531499,remote,finance_compta,0,1,0,0,1,0,1,0,1,1,1,0,0,0,0,0,1,1,EMII,synthetic_corpus_v2,syn_3025a45a9fbf,synthetic
5.539939955076908,3.6636368848511167,5.427147567514704,7.822508491959258,1.706548095429844,5.96580737638184,4.730924555233832,2.1243813846021715,6.350566780119227,4.04441815779044,12.860005360581305,bureau,multimedia_ux,0,1,1,0,1,0,0,0,0,0,1,0,1,0,0,0,0,1,IMTICIA,synthetic_corpus_v2,syn_4325792819f0,synthetic
6.238233361667288,8.285102792581219,6.819051856778664,5.345981209891889,3.8812456918652773,7.81836350484658,4.161110912919822,2.096200290968359,6.134034089327879,4.4576790715082675,14.144324747027802,startup,gestion_projet_si,1,1,0,1,0,1,0,1,1,0,1,1,1,1,1,1,0,1,IGGLIA,synthetic_corpus_v2,syn_d1ee088d61b3,synthetic
4.6981999332967,6.633939260567937,6.379997073336648,8.300357840587747,1.1415894850777089,4.678576100582049,5.16959015929486,4.220952275515422,7.1275227082357775,4.34182883111103,13.569442439723408,startup,developpement_logiciel,1,1,0,0,0,0,0,0,0,0,1,1,0,1,1,1,0,0,IMTICIA,synthetic_corpus_v2,syn_7233ab1d7032,synthetic
6.681031507324849,3.5370897025909116,4.681692067565112,1.8031707162544104,3.8492123048331464,3.5511990784945455,7.870684186501579,9.268620388086685,3.65925901010726,5.495683153741882,12.838098054464467,atelier,industrie_automatisme,1,0,0,0,1,1,1,1,0,1,0,1,1,1,0,0,1,0,ICMP,synthetic_corpus_v2,syn_d2d1102b48e0,synthetic
6.7846083010979825,7.602157667898448,5.569155023031473,4.4965456621403055,8.634661600729096,2.906663964099752,9.588835162364566,2.117739119018702,2.145265994829103,3.2643424698797965,10.61522035794238,labo,electronique_embarque,0,0,0,0,0,0,0,0,1,0,0,1,1,1,0,0,0,1,ESIIA,synthetic_corpus_v2,syn_2c7747405555,synthetic
5.954590530329968,4.595493442250659,6.416905170052986,2.3079178772437348,10.0,5.686485505445507,7.49619783541877,0.0,3.5917592989662768,5.743079971697009,13.642293055626828,labo,electronique_embarque,1,0,0,1,0,1,1,0,1,1,0,1,1,1,0,0,0,0,ESIIA,synthetic_corpus_v2,syn_223151da3af9,synthetic
7.915184619385972,3.6395390564413397,4.907582346153717,6.25746502584164,4.030875984304346,4.483489157355612,3.2716223750399314,7.9912084793039,4.376767034896708,2.589995830962495,10.81332176656447,terrain,agroalimentaire,1,0,0,1,1,0,0,0,1,0,1,0,1,0,0,1,0,0,AEE,synthetic_corpus_v2,syn_f0d20440be35,synthetic
8.074454886417259,6.348517303893728,7.234077746308221,1.850662360308598,4.043536571577944,5.0042818527092585,2.4630801028726736,3.9774158826985744,1.2172573698717346,3.5281427060712263,11.508903741268671,labo,gestion_projet_si,1,0,1,0,0,1,0,0,0,1,0,1,1,1,0,0,0,0,ISAIA,synthetic_corpus_v2,syn_b20bd27979ed,synthetic
7.382385377837271,5.246755218075395,5.544686248309131,1.447598498274272,7.215931190831529,6.221628386643695,6.720757331238753,2.872212035250717,2.676046269161682,3.361189675149847,13.049552403885386,atelier,electronique_embarque,0,0,1,0,0,0,0,0,0,0,0,1,1,1,1,1,0,0,EMII,synthetic_corpus_v2,syn_3ae6e153206e,synthetic
5.2911936821399745,9.25626211005099,5.045552632962714,4.185451041200588,3.9906326241951544,9.263119496596097,2.9770578876043405,1.4822643696110596,6.474962986866627,5.003819623345528,12.682281032046744,remote,gestion_projet_si,1,1,0,0,0,0,0,1,0,0,0,1,0,0,0,0,0,0,IGGLIA,synthetic_corpus_v2,syn_70ca7a8d4370,synthetic
6.985882155664674,6.82080821934244,9.777843534291579,3.819077563149015,4.291077730940953,4.151263806142655,4.5670313277404215,1.1751223969289446,4.678276819633113,3.5485194255463766,13.896860259755595,bureau,recherche_appliquee,0,1,1,0,1,1,0,1,0,1,0,0,0,0,1,0,0,0,ISAIA,synthetic_corpus_v2,syn_966468dd350c,synthetic
7.134493052914281,6.028685551721703,3.9167526642990507,7.120976218287766,4.267137096838441,4.429444396690832,2.9629758056087305,2.875868071280787,4.1238333140441625,4.432325864149297,14.015094765975174,bureau,developpement_logiciel,0,1,0,0,1,0,1,0,1,0,1,1,0,0,1,0,0,0,IMTICIA,synthetic_corpus_v2,syn_bb5f02a9715c,synthetic
5.776078446861759,1.7436834854673684,6.888974288428143,3.443897189198699,2.2782088177630193,9.019957995472401,2.2137246148446827,3.4869015605542035,8.489614462988651,9.175634605406257,10.415095648744305,remote,commerce_gestion,1,1,1,0,0,0,0,0,1,0,0,0,1,0,0,1,1,1,EMP,synthetic_corpus_v2,syn_7afc58da39a6,synthetic
5.584847828175532,8.336699620609087,5.034143724598367,8.868840033813747,2.314464600479595,3.648841269242035,3.5693677241894335,3.1663014804563483,7.3195909829685055,5.554569017001629,10.76016849394179,startup,agroalimentaire,0,1,0,0,1,0,0,1,1,1,1,0,0,0,0,1,0,1,IMTICIA,synthetic_corpus_v2,syn_23a2ba8ec628,synthetic
7.315523485636966,5.143637774419181,5.231247468706778,1.5677945966318023,5.651217049773727,3.2782648560017913,3.6138169833815654,9.382961544458736,5.490526749748508,4.049669424199138,15.317376746098105,labo,recherche_appliquee,0,1,1,0,0,0,0,0,0,0,0,0,0,0,0,1,0,0,PIP,synthetic_corpus_v2,syn_bd897eee128f,synthetic
3.635707341785859,2.8735667595463945,3.536043659059925,5.978098633016519,4.548910163258984,5.493646224802822,3.1580621021085853,5.504085477021596,8.315805311636442,2.6475493719819654,14.1490091417255,chantier,tourisme_hotellerie,1,0,0,0,1,1,0,0,0,0,1,0,0,0,0,0,1,0,TEE,synthetic_corpus_v2,syn_d46613accd39,synthetic
7.67173427415211,8.728526403138034,4.039507665466868,5.074301507246652,3.787680334075586,9.644824206980665,4.388249439287514,3.7669843046676768,3.806031052165705,5.293507406796708,10.614596843232544,remote,developpement_logiciel,0,1,0,1,0,1,0,1,1,0,1,0,1,1,1,1,1,1,IGGLIA,synthetic_corpus_v2,syn_cb3811cab972,synthetic
5.11724394456582,8.4844059370741,5.96437468051695,4.97103313612091,4.529718019735906,7.430350699093685,2.9114873012602835,3.710424840486076,4.953151112959196,5.337788232863536,12.443015574260048,bureau,developpement_logiciel,1,0,1,0,1,0,1,0,0,1,0,0,1,1,0,0,0,1,IGGLIA,synthetic_corpus_v2,syn_bf28343c3033,synthetic
8.645906463441102,6.0098033305638054,5.346633319282306,4.036075343664585,3.4756678725926737,8.459407159718134,4.489850098714724,2.2406009567716247,2.472589855404861,8.010141732388075,13.49064578075267,bureau,gestion_projet_si,1,1,0,1,0,1,0,1,1,1,1,0,0,0,0,0,0,0,IGGLIA,synthetic_corpus_v2,syn_9a354cd355bf,synthetic
6.388691295506543,3.1344849523974596,7.077085148673406,3.7543039641310854,0.2919089108235948,7.081627745106257,2.2130541199079077,3.36614752970926,5.629695816927106,8.781593172360369,11.849437887261045,bureau,commerce_gestion,1,1,1,0,0,1,0,0,0,1,0,0,0,0,0,0,0,1,EMP,synthetic_corpus_v2,syn_702f47a333bd,synthetic
5.32364467090346,6.61216590840693,5.156299877678613,2.6991692382511965,10.0,3.9552013202984866,5.6399665673902994,4.319771463754664,2.621851607134315,3.657069758221371,14.018038502938575,labo,developpement_logiciel,1,1,1,1,1,0,1,0,0,1,1,1,1,0,0,0,0,0,ESIIA,synthetic_corpus_v2,syn_8ae715e03a09,synthetic
4.980619537759823,0.7020184432636478,5.365811872067065,3.684418918880684,1.6086621585832295,3.9922477108629657,5.08633763632082,10.0,5.724931224527923,4.940764309822667,12.043292186355277,labo,commerce_gestion,0,0,0,1,0,0,0,1,1,1,0,0,0,0,0,0,0,1,AEE,synthetic_corpus_v2,syn_66c93babf37b,synthetic
2.733411061459079,2.9372963638809684,4.269752030534504,3.8741046137948993,0.9037837599245071,7.885954988258314,2.5167975655657853,2.1530233407892703,10.0,9.564980706827653,12.304193531715026,bureau,droit_affaires,0,1,1,0,0,1,0,0,0,1,0,1,1,0,0,0,1,0,DTJA,synthetic_corpus_v2,syn_105b175193dc,synthetic
6.89534383929804,2.8503215661511105,6.100173036889343,2.71861610500262,1.7315024912514827,4.114343051210257,4.6254887878265,8.273508261607113,5.776870425043928,3.1648392957246716,10.659517356421492,terrain,agroalimentaire,1,0,0,1,1,0,1,0,0,0,0,0,0,1,0,1,1,1,IAA,synthetic_corpus_v2,syn_0cae170a842b,synthetic
6.189102305386017,3.9980141550031174,4.374912000296808,5.318645793801673,3.563445043052114,4.006962985738026,6.037227926878124,1.4305793848141508,4.526399891871506,3.05971632069271,13.157893072951866,bureau,genie_civil_archi,1,0,0,1,0,1,1,0,1,1,0,0,0,1,1,0,0,1,GCA,synthetic_corpus_v2,syn_bea2f4ee2643,synthetic
4.005966921031524,2.751717057617946,3.7638746392686313,3.5943581494646475,4.129295937962667,7.31955509671822,3.325475402091406,3.942369106439867,9.58965786386586,5.5578548881789445,12.03359410022105,remote,tourisme_hotellerie,0,0,1,1,1,1,1,1,0,0,0,1,0,1,0,0,1,1,TEH,synthetic_corpus_v2,syn_e83586828d19,synthetic
4.429968644695569,8.155062789910449,7.059448578034399,2.170948133144404,3.164069184316076,7.241795274651851,3.0013557121119807,4.1510206165817225,5.966741204812044,4.6370454699115236,11.974324562439383,remote,developpement_logiciel,1,1,0,0,0,0,1,0,0,0,0,0,0,1,0,1,0,0,IGGLIA,synthetic_corpus_v2,syn_0f4f3c5b814d,synthetic
6.962657681192333,6.624400385818019,2.715220566070273,3.224295125795334,6.5148902012446515,2.0891697210625417,8.40257581741983,1.6146632217305752,2.399989757405865,6.11494809496785,13.813124295105503,labo,electronique_embarque,0,1,1,1,1,1,1,0,0,1,0,1,0,1,0,1,0,0,EMII,synthetic_corpus_v2,syn_a01ff34af8d2,synthetic
9.598831077360083,6.779700603902881,9.11973270939635,1.6828325094873215,2.581617481041292,4.866445974153325,6.085220771424626,1.303183124260219,3.7341786210417194,5.797901385283985,12.591839598832676,remote,data_science,0,0,1,0,1,0,0,1,0,1,1,1,0,0,0,1,0,0,ISAIA,synthetic_corpus_v2,syn_dfdd84a553f2,synthetic
2.3476748379712697,1.221868298924361,4.928976386469717,7.529438619017956,3.08575492631663,6.227953772955873,2.390635383256429,6.157212284984551,8.606364101984685,6.059203851213034,11.751406331437726,terrain,tourisme_hotellerie,0,1,1,1,1,1,0,0,0,1,0,0,1,0,0,1,0,0,TEE,synthetic_corpus_v2,syn_682d44de8541,synthetic
5.503649893213631,2.889368544104755,3.5405750230400654,4.600877732211556,0.4692707320012537,9.86534370667934,4.11975800048535,1.7337981612170419,5.477089912761197,7.961361893441451,11.720112839567715,bureau,commerce_gestion,0,1,0,1,0,1,1,0,0,1,1,1,1,1,1,0,0,1,CAA,synthetic_corpus_v2,syn_5ea898297b0b,synthetic
5.5334118368957785,1.744816407228453,4.299321759346492,3.6879347785982595,4.467319410717067,2.2309117202227187,5.614967157497033,7.811748281398596,3.92377011917673,3.999804478464973,15.881644859760211,labo,agriculture_elevage,0,0,0,0,0,1,1,1,0,0,0,0,0,1,0,0,0,0,IAA,synthetic_corpus_v2,syn_3d54d214eba5,synthetic
7.206038043119842,7.21676279411213,4.6903375036629615,1.3078787341006144,8.043385820070087,3.73808485609288,9.585066041125717,3.1682111615189905,2.0122434267490847,2.6219537779064854,14.044734802919375,labo,recherche_appliquee,1,1,0,1,0,0,0,1,1,0,1,1,0,0,0,0,0,0,ESIIA,synthetic_corpus_v2,syn_4d21e83a097b,synthetic
2.743463639503904,3.0671654741215946,3.2788014510319075,6.514769446888125,2.61097325360057,6.583435233268359,2.100130333767082,2.9808573626861303,10.0,2.7503470222512156,9.859586021338085,startup,tourisme_hotellerie,1,0,0,0,1,0,1,0,1,0,1,1,0,0,0,1,0,0,TEH,synthetic_corpus_v2,syn_96ecec508a9f,synthetic
6.755803337441283,0.5897569730035883,3.4907018691304375,5.48016498250633,3.0260976675101428,4.949422752519013,8.384027953477931,1.0527625256942594,3.137982014006532,5.111123770271723,12.611401972929453,chantier,genie_civil_archi,1,0,0,1,1,1,0,1,0,0,0,0,1,0,1,0,0,0,GCA,synthetic_corpus_v2,syn_10502e9bd95e,synthetic
8.014959871609092,1.1287378146714522,7.9556727168564425,6.51398413068846,5.041997510556572,5.20903734864098,6.751112791983152,3.232851495534342,2.738926060442305,3.848888844397975,11.367955750914053,terrain,genie_civil_archi,0,0,1,1,0,1,1,0,0,1,0,1,1,0,0,0,0,1,GCA,synthetic_corpus_v2,syn_489ba80f83d4,synthetic
3.096561425498368,0.0,4.0389766016938164,4.2448287342722555,1.5691270361956302,6.027714962317057,1.6996572782160637,3.680245339783274,7.741471056503328,4.491931899177304,13.94842184793808,bureau,tourisme_hotellerie,0,0,0,0,0,1,0,0,1,1,0,1,0,1,1,0,1,1,TEH,synthetic_corpus_v2,syn_a2150d9c733f,synthetic
8.164904809620738,3.778601481358252,6.794665484870729,4.311021374245262,8.820856362040866,4.990673376721732,7.3617039597127985,1.4778290793296702,3.8809359587988874,3.8361878766515143,13.813736132539555,labo,industrie_automatisme,1,1,0,1,0,1,1,0,0,1,0,1,0,1,0,0,0,1,EMII,synthetic_corpus_v2,syn_f5ebbe8f54ec,synthetic
10.0,6.22766748886736,6.368389879140478,4.07134308604718,6.294624790390634,4.053288609105346,9.008857483419419,4.3826644646735025,3.992087058705742,3.6655183534373723,12.50101599151292,labo,electronique_embarque,0,0,1,1,0,1,0,0,1,0,0,1,1,1,0,0,1,1,EMII,synthetic_corpus_v2,syn_bf8dc17a8817,synthetic
5.989020467829949,2.9440507730990517,4.891118133479885,2.878562712510651,2.8048037902933105,8.857302929899177,1.592452595368193,4.286820981341236,7.250242646435958,6.291092297435589,13.917340558095214,remote,commerce_gestion,0,0,0,0,0,1,0,0,1,0,1,0,0,1,0,0,0,1,CAA,synthetic_corpus_v2,syn_1863bc7ec0c8,synthetic
5.363440094170293,4.826519307376838,4.576319392613617,0.7289836667644178,10.0,5.120102127399372,8.12070398487202,3.439470913987268,5.525227369025232,2.26241747327763,12.45847691338727,bureau,electronique_embarque,1,0,1,1,0,1,1,0,1,1,0,1,0,0,0,0,0,1,ESIIA,synthetic_corpus_v2,syn_00157948ae4d,synthetic
8.53427178452987,6.560490778784592,7.71987560990334,3.1159549791550654,3.263378682328436,4.9434833047344515,5.617506901983648,2.177534934767613,5.1446792034990985,4.81227320810398,11.616881853893982,bureau,data_science,1,0,1,0,0,1,1,1,1,1,0,0,1,0,0,1,0,0,ISAIA,synthetic_corpus_v2,syn_3430860c0439,synthetic
8.633427583958817,8.113151142422378,4.711291013827419,4.444136310739916,8.693938471549952,3.1173700844213696,7.314450252797946,4.543702183827865,4.866031508509165,2.3918845057475933,14.405993925552325,atelier,recherche_appliquee,0,0,0,1,0,1,1,1,0,1,0,1,0,1,0,0,0,0,TEE,synthetic_corpus_v2,syn_40c6b58a71a0,synthetic
7.453069707088027,8.680975238314112,7.066078858402954,3.3882930840173424,3.4758360862705073,7.164972576470624,5.92046307374048,1.7417894771415177,6.045299542933347,3.363980564728829,13.650413468872502,startup,developpement_logiciel,1,1,1,0,0,1,0,0,0,1,0,0,0,0,0,0,1,0,IGGLIA,synthetic_corpus_v2,syn_873d61251992,synthetic
3.6480053903310683,1.4367610426942,4.54478600209993,2.0686886992951443,2.7751386849012443,4.892470896232095,3.5541955837321932,7.5826038401525855,6.033468296508906,3.960949334735185,12.87098812980274,atelier,agriculture_elevage,0,1,0,1,1,1,1,0,0,0,0,1,1,0,0,0,1,0,AEE,synthetic_corpus_v2,syn_9f41aeb75b3b,synthetic
5.074046392016065,1.2109216313482365,4.058154701607389,4.958094902324349,1.516800726354265,7.5512986294260145,2.5558023021698766,3.0863202297134245,7.780169618477153,8.405472144616418,14.313437152789,remote,commerce_gestion,0,0,1,0,0,1,0,1,1,1,0,1,0,1,1,0,0,1,CAA,synthetic_corpus_v2,syn_d0c71f9e170e,synthetic
7.453204483939851,4.473804757191363,9.387897115831283,1.4794484033735031,4.475220748455119,3.76879629026074,4.096202046425747,1.8064983013286398,4.515537717958285,3.8747983397734473,12.526218942042675,labo,recherche_appliquee,1,1,1,1,0,0,0,0,0,0,1,1,1,0,0,1,0,1,ISAIA,synthetic_corpus_v2,syn_87c1b17b3775,synthetic
9.658701987954341,4.577638157103693,2.498399022041825,3.1935660532230465,8.17711072406292,4.137733660302012,9.993625613417098,3.2167536075896432,3.01524372802764,2.2874945965564697,13.22294660736696,labo,electronique_embarque,0,1,0,0,0,0,0,1,0,1,0,1,0,1,0,1,1,0,EMII,synthetic_corpus_v2,syn_8da11739dd58,synthetic
9.361758975727366,2.5496715802877707,6.554662230668064,0.0,3.6695687394493315,4.09340180836714,7.27445831057402,7.062807284698495,5.663196295615564,3.209226705541476,11.456060337989348,terrain,industrie_automatisme,1,0,0,0,0,0,1,1,1,0,0,0,0,1,0,1,1,1,ICMP,synthetic_corpus_v2,syn_1cb78eeee2a9,synthetic
5.567994142557698,3.563704781809432,6.972505899646659,3.9169134041858547,2.1448704464871184,5.991641689275644,3.9949113886779033,1.2660184772320735,4.255142294705408,5.834840963040161,11.717338411920775,startup,commerce_gestion,1,0,0,0,0,1,0,1,0,0,1,0,0,0,1,0,0,1,EMP,synthetic_corpus_v2,syn_3304d3186438,synthetic
1.7804212933414787,2.8558661976709865,2.3004730558454938,5.648752779507656,0.36728227912529765,6.531818876841763,4.479929320229798,6.298321341418015,8.40384443774236,6.782651572159789,11.325181367974519,terrain,pharmacie,0,1,1,0,1,0,0,0,1,0,0,0,0,0,0,0,1,0,TEE,synthetic_corpus_v2,syn_cc33064003bf,synthetic
3.9870882918260335,3.0529728842117247,0.6304038940227685,5.544258668355376,5.276099124196133,6.928034078630381,3.869462111046896,6.171679583300301,8.779350035914879,6.844557804637115,11.979884057881673,bureau,tourisme_hotellerie,0,0,1,1,0,0,0,0,0,1,1,0,0,0,0,0,0,0,TEE,synthetic_corpus_v2,syn_99db0c3f596a,synthetic
6.101500456008431,5.435689142794964,3.826651272110949,2.824848082053545,8.571237597499302,2.5591235515719077,8.36347323075028,2.2908335252560614,4.028393909041428,2.295590312854714,11.229725973072131,atelier,industrie_automatisme,0,1,0,1,1,0,1,1,1,0,0,0,0,1,1,0,0,0,EMII,synthetic_corpus_v2,syn_d2554d7f95f7,synthetic
9.932413573707976,3.496465306682393,10.0,2.7203365262968355,4.579172938337486,4.498950334813652,4.443427539321439,1.7078254686772523,3.0406393020351494,5.197355841130627,10.003918194033018,remote,recherche_appliquee,0,0,1,0,0,1,1,1,0,1,1,0,1,0,1,0,0,1,TEH,synthetic_corpus_v2,syn_a72e406a0ec9,synthetic
6.896090187742213,3.721999937398817,7.537016315412146,2.194952998241389,3.4190311930037334,3.3084308974576686,6.652944481930918,8.72612253317086,4.688293713345448,5.2190885885750795,13.541263882444778,terrain,chimie_procedes,0,1,1,0,0,0,0,0,0,0,1,1,1,1,0,1,0,0,ICMP,synthetic_corpus_v2,syn_9b43cd0dd68a,synthetic
4.963384073359461,2.0089293917201814,4.378180642301789,3.5068086027542367,1.5277490077114129,8.146904536881868,1.386340899758833,2.5444365296728564,5.917737491144722,7.281374604710253,12.424717482579748,bureau,commerce_gestion,0,0,0,0,0,1,1,0,0,1,0,1,0,0,0,0,1,1,CAA,synthetic_corpus_v2,syn_337ef162cd40,synthetic
7.005348948780538,3.95759444670953,6.221009273402773,2.163102678501427,2.1984747471341746,3.4959748080447,6.977660135862062,8.958265972034361,4.004743446237199,3.3413614804047382,12.645391761840445,terrain,chimie_procedes,1,0,1,0,0,1,0,1,0,0,0,0,0,1,0,1,0,0,ICMP,synthetic_corpus_v2,syn_c7f518e3ed6b,synthetic
7.480506395703507,2.617561365480432,6.809348716248467,0.4868011984411722,0.0,8.629265808790008,1.4760361853034252,0.132126718841993,4.604445169568584,8.911390354106981,14.075863769846842,bureau,finance_compta,1,0,1,1,0,1,0,1,1,1,1,1,0,0,0,0,0,0,FIC,synthetic_corpus_v2,syn_37863405a7b3,synthetic
5.525682528916858,3.6022715783356793,6.166416967535024,3.696764281771726,1.5314629245453004,9.545827595377876,3.8818566216551584,3.3878349657651974,6.816352279714945,10.0,12.619030260370561,remote,commerce_gestion,0,0,1,0,0,0,0,0,1,1,0,1,0,0,0,1,0,1,CAA,synthetic_corpus_v2,syn_1ca441075bb9,synthetic
6.297494915228385,5.5074211507256665,5.952583175631153,2.126955301040649,2.411677573455093,3.865561801500526,6.2618998470737175,3.898554699383214,4.106612893738089,6.212260463295066,12.53829917105974,labo,recherche_appliquee,1,0,1,1,1,0,0,1,0,0,0,0,1,0,0,0,0,0,ISAIA,synthetic_corpus_v2,syn_147b946e518b,synthetic
8.922127089308539,7.0710491569115765,9.274592773909246,3.859059746093995,4.015213431605791,4.551490719993586,4.625534035490324,3.0261363953029634,6.720737654062162,4.8281941914377855,12.071809748067764,remote,recherche_appliquee,1,1,1,0,1,0,1,0,1,0,0,0,1,1,1,0,0,1,TEH,synthetic_corpus_v2,syn_832af2ca0244,synthetic
8.129488103333061,4.128642527035528,3.4457133018517707,3.499310941838617,6.557745826160736,4.076939753010277,8.519087207456469,2.9496969059665785,2.838785131557647,3.3946572895968625,11.62366716972915,labo,industrie_automatisme,1,1,1,1,0,1,1,0,0,0,0,1,0,1,0,0,1,0,EMII,synthetic_corpus_v2,syn_f2b3ef704db2,synthetic
6.396441927908145,10.0,5.064767807159027,3.7350558839492445,4.624360780556728,9.804092549197339,3.182597903586482,3.983389500456725,5.516902336216189,4.087066954050479,13.472853731489126,remote,gestion_projet_si,0,1,0,0,1,1,1,1,1,1,1,0,1,0,0,1,1,0,IGGLIA,synthetic_corpus_v2,syn_76de25033564,synthetic
8.326842801063226,5.0574346267550885,4.703387359933458,3.50531831326071,8.737458788352209,2.443604701234394,8.335817862389014,2.5572677599774183,4.15387323231014,2.734375312750928,8.22731277132947,labo,recherche_appliquee,0,0,1,1,1,0,1,0,1,0,0,1,0,0,1,1,0,0,ESIIA,synthetic_corpus_v2,syn_f05b810f2835,synthetic
5.158146144842738,3.3652058486173253,7.087601500249816,2.4544791507900303,1.3083880287113157,6.104403053072609,0.5941338638197984,1.4957019208859423,7.068794918854106,7.579161528524738,13.35500583944178,bureau,droit_affaires,0,0,0,0,0,1,1,0,0,1,1,0,1,0,1,0,1,0,DTJA,synthetic_corpus_v2,syn_053fed5c2ed7,synthetic
6.374855224762634,7.271823858681927,2.638196253247334,3.7240125794842798,6.382234665110869,4.489360413763308,9.791608590423317,4.08212298843223,3.012280065838522,2.2649189641346603,10.640840900388739,terrain,industrie_automatisme,1,0,0,0,0,0,0,0,1,1,0,1,1,0,1,0,1,0,EMII,synthetic_corpus_v2,syn_65bb292627a8,synthetic
4.348847232681574,7.775910757552399,7.9372833895759225,6.699931624018296,2.953257735878082,6.300566358707524,1.0437973419258173,0.6680813395702112,7.143350910795652,3.434942810885796,11.459473067670263,bureau,droit_affaires,0,0,0,0,1,1,1,0,1,0,0,1,1,1,1,1,0,1,IMTICIA,synthetic_corpus_v2,syn_8baf713ef574,synthetic
5.709405323906349,2.7633601154968233,5.244889734776127,3.1203640963079966,0.47926440977921403,7.325536999231096,1.9247602607455434,3.539403338545526,5.263527060736854,6.8311120279131226,13.707940123713644,bureau,commerce_gestion,0,0,0,1,0,1,1,1,0,1,0,0,1,1,0,1,0,0,CAA,synthetic_corpus_v2,syn_937980f03b9b,synthetic
4.096624546729375,2.252012817296817,3.8657142261672384,1.9007282366747442,1.0438573740043793,5.059024603694996,2.882538000005623,5.34590220863714,8.072098709431287,10.0,12.607534056312712,bureau,droit_affaires,0,1,0,0,0,1,0,0,0,1,0,0,1,0,1,0,0,1,DTJA,synthetic_corpus_v2,syn_301406bb5b3c,synthetic
1.0305789765346125,6.397962406463891,2.9391571509080876,7.853187389349401,4.224093490532038,4.364929934414768,3.827774981003595,0.6037605077814163,5.177995709741889,5.589276746129361,11.858262093472005,bureau,developpement_logiciel,1,1,1,0,1,0,0,0,0,0,1,0,0,0,0,0,0,1,IMTICIA,synthetic_corpus_v2,syn_d793dad65314,synthetic
6.865832754519853,3.771246469695236,6.5938043149694145,4.200111852920749,1.502247743975766,5.020846425280626,4.962525925031877,10.0,4.198677299418915,2.7412156503269522,10.019083449636916,terrain,agriculture_elevage,0,0,0,0,0,0,0,0,0,0,1,0,1,1,1,0,0,1,AEE,synthetic_corpus_v2,syn_c73a3ce70e66,synthetic
3.6738026127017016,3.021925396540353,3.96041053838539,5.943201979721602,1.3186659645353969,7.08415409347665,3.555816650851716,6.963256270598469,7.064475225768571,4.671658723866455,13.169790027785787,terrain,tourisme_hotellerie,0,1,0,0,0,1,0,1,0,0,0,1,1,0,1,1,1,0,TEE,synthetic_corpus_v2,syn_e63ceb694f6c,synthetic
7.146957687520636,2.405688960231778,5.215751730847194,3.900208019096094,2.585367588546853,8.952547932736179,3.3691368162590796,2.7587849186946136,5.749019826304056,7.464486085094607,11.831243037116426,startup,gestion_projet_si,0,0,0,0,0,0,0,0,0,1,0,0,0,1,0,1,1,0,EMP,synthetic_corpus_v2,syn_a062c356ebeb,synthetic
6.045902560159963,4.192717032033004,7.168551119671017,2.7853915878548468,2.5540635671555467,9.214936156557448,2.453280736003652,1.8173468090002896,6.140688064708896,7.534344557053704,13.714093346788662,bureau,finance_compta,0,0,0,0,1,1,0,0,1,1,1,1,0,1,1,0,1,0,FIC,synthetic_corpus_v2,syn_cfaea21c09a5,synthetic
8.653775464302905,10.0,3.592198706016264,4.753009334430009,4.8659806977685065,6.796676939840957,3.9213314016528438,2.34978570136099,5.3182175576168405,4.464359587267247,15.020942187200683,remote,gestion_projet_si,1,1,1,0,1,1,0,0,0,1,0,1,1,0,0,0,0,0,IGGLIA,synthetic_corpus_v2,syn_5b162f50cbe5,synthetic
3.7929295391998847,1.1103064857804992,5.958517767599342,4.806805068337117,1.1918617796881366,5.221936973548715,5.987586413855558,6.358198127727098,9.04068449574957,4.756262019503055,12.402172318235493,terrain,tourisme_hotellerie,0,0,1,0,1,1,0,0,1,1,1,0,0,0,0,0,1,1,TEE,synthetic_corpus_v2,syn_e5cd1a977184,synthetic
7.9334127022082495,6.757385371752024,5.195179380329833,4.8963899767596315,7.9824169709939685,4.497800177023849,5.674728396391128,3.500161977456659,4.7171673286728515,4.377061325050458,11.808147385637303,atelier,industrie_automatisme,1,0,0,1,0,0,1,1,0,0,0,0,0,1,0,1,1,0,EMII,synthetic_corpus_v2,syn_008aa03b29ee,synthetic
2.85283385788422,3.8451403669596846,4.9969396774179415,5.738156240406053,1.8561474327674028,4.224256900449839,2.122335263111638,5.570271404251345,8.943707077493466,6.0687457464127945,12.971008493250219,terrain,tourisme_hotellerie,0,0,0,1,1,0,1,0,1,1,0,1,0,0,1,0,0,1,TEE,synthetic_corpus_v2,syn_9e591eab328a,synthetic
3.9198238002010495,1.8441262015311748,5.057065077463693,5.476433018776886,3.4736766839048867,8.444783836802767,3.697806739409435,1.9941035723147165,6.008297430825828,6.405200946814369,12.294121498008188,remote,commerce_gestion,0,1,1,0,0,0,0,0,1,1,0,1,1,0,1,0,0,0,CAA,synthetic_corpus_v2,syn_6dbb0607c65e,synthetic
5.172933711864774,7.331782132892565,6.184445801539876,3.2533749491288626,3.6119350693631493,8.38514229887609,2.979329973332125,3.433036376134142,6.126157660932882,6.0154667383619795,14.399851003482059,remote,developpement_logiciel,1,1,0,0,0,0,0,1,1,1,1,0,1,0,1,1,1,0,IGGLIA,synthetic_corpus_v2,syn_dff986916cf9,synthetic
5.4293818483718574,8.495653516939258,5.624886989590129,5.035331977782585,1.474720179623727,6.358850269308126,2.675315175396746,2.6441238676868544,3.144543509677194,4.88548148819564,12.534455453941895,bureau,developpement_logiciel,1,1,1,1,0,0,0,1,1,1,1,0,1,0,0,0,0,1,AEE,synthetic_corpus_v2,syn_c25e2d20758e,synthetic
7.117430183885296,2.709288905800402,7.248051393978799,4.728418745199239,2.6010870137607056,8.999215129243915,3.4120665493804148,3.10759777215448,4.317790250139075,6.752431847616629,11.131031383430825,bureau,finance_compta,1,1,1,0,1,0,1,0,1,1,0,0,0,0,0,0,1,0,FIC,synthetic_corpus_v2,syn_aa04cad5751e,synthetic
6.6714398347439845,3.941162298714375,4.510725295085041,3.777683436669991,5.085881743333196,7.736884362224612,2.8059090210443114,4.7095649956857795,6.131571508820083,8.1797482312561,12.472779312715641,remote,commerce_gestion,0,1,1,0,0,1,0,1,0,0,0,0,1,1,1,0,0,1,CAA,synthetic_corpus_v2,syn_5d98728a56d3,synthetic
6.757713585796739,6.074417235769883,4.411569069931549,4.3044036353983,4.763139345600909,7.342616357556893,4.367066288307992,0.7221182135937412,3.961686659668895,5.335827247993001,13.406451506855467,remote,gestion_projet_si,1,1,0,0,0,1,0,1,1,0,0,1,0,0,0,0,0,0,IGGLIA,synthetic_corpus_v2,syn_78d59066befd,synthetic
6.558873892324099,3.0938895078115203,5.075231818362102,3.7298296005688947,2.6292568366332625,7.5238561184300465,2.558152488869549,2.152788163611056,7.473076364650898,10.0,12.603094981275467,bureau,droit_affaires,0,1,0,0,1,1,0,0,1,1,1,0,1,1,0,0,1,1,DTJA,synthetic_corpus_v2,syn_7793a24a25f2,synthetic
7.761940648633778,0.5074256315707264,3.5296454528416,3.301017216701016,2.505803685756401,4.460531353837527,3.47256802428673,7.302730385247347,6.931382313695691,1.7876127554953538,10.16373459878627,labo,agriculture_elevage,0,1,0,1,1,0,0,0,0,1,0,1,0,0,1,0,0,0,AEE,synthetic_corpus_v2,syn_df4806b5415f,synthetic
7.327589358534841,3.5662992504849447,5.595170957765823,6.370248819447224,3.4611626727316307,3.702906875623139,8.421858256942937,1.3933915880242276,2.9438921843345374,3.3958803849873336,13.82324332811129,terrain,genie_civil_archi,0,0,0,0,1,1,0,0,0,0,0,0,1,0,1,0,0,0,GCA,synthetic_corpus_v2,syn_3054c3db5005,synthetic
9.262118692226322,3.8268569870106965,4.5376640391968,3.0302970709669954,5.378598524739436,5.834413195907109,5.696680062083443,8.796369239363964,4.827205326368095,3.085436998614043,11.763346351429258,startup,chimie_procedes,0,0,0,0,0,0,1,0,0,1,0,1,1,1,1,0,1,0,ICMP,synthetic_corpus_v2,syn_7916888e645f,synthetic
8.312732470666313,8.299551809658285,6.69323396616522,2.3771752749254,5.401261811526648,8.176089513214139,4.496176593090052,0.2539469443081064,5.10580504849718,7.26569029025517,14.011331769518812,remote,developpement_logiciel,0,0,0,0,0,1,1,1,0,1,0,1,1,1,0,0,1,0,IGGLIA,synthetic_corpus_v2,syn_9cdb372cff46,synthetic
5.2023049874380405,3.0256313602883522,3.7131055731865343,1.6015435638483755,3.3957867418196535,5.076192850644502,5.943522746889986,10.0,2.63920239928587,4.811291664999626,11.558036562829736,atelier,agroalimentaire,0,0,1,0,0,1,1,1,0,1,0,0,0,1,0,1,0,1,IAA,synthetic_corpus_v2,syn_5b5ebbbcb0cc,synthetic
8.180773603326907,3.7963023727075056,8.801490168312942,5.0907291611133685,1.8746302204471637,4.660621686987798,3.7340196001674077,2.741894194230733,3.2425733062797732,4.545005501311995,16.35501292058946,bureau,developpement_logiciel,1,1,0,0,0,1,0,1,0,1,0,0,1,1,0,0,0,0,ISAIA,synthetic_corpus_v2,syn_770c2f4ee7e9,synthetic
7.983024645086204,4.689038037639538,3.924973458184298,1.752171758446554,1.8976435660236575,4.495989330096356,4.207436115463763,8.173124401417292,5.821348436242544,4.784095418625396,15.039531285117288,labo,recherche_appliquee,1,0,0,0,0,0,0,1,0,0,0,1,1,0,1,1,0,0,PIP,synthetic_corpus_v2,syn_b442deb83e43,synthetic
5.811644064259516,5.785407925589291,6.403079050668034,2.230389178341646,8.449110422998338,3.7321087714317898,8.475492559723158,1.9464480799526247,4.743188107376365,4.6157695596649,13.288668519570791,terrain,electronique_embarque,1,1,1,1,1,1,1,1,0,1,1,1,1,0,0,1,0,0,EMII,synthetic_corpus_v2,syn_c8629bd711a5,synthetic
5.710266036540185,2.9382778201599415,6.015933734970111,4.586663387793888,3.1228169036874984,9.173503835064746,0.7294387004742071,3.1265549250804785,7.598637323721103,7.11239126319143,12.93436788292086,remote,commerce_gestion,0,1,1,1,0,1,0,0,0,0,1,0,0,0,0,0,0,1,CAA,synthetic_corpus_v2,syn_f15e5dbc45c6,synthetic
5.553087457978842,7.443780043945379,6.3061780736753335,7.738734860260866,1.6003377626233686,7.0439876234363314,1.4563779783092006,3.740301373088147,4.90898207369194,2.7444300128982007,12.381389573832092,remote,developpement_logiciel,1,0,0,0,0,1,0,0,1,0,1,1,0,1,0,0,0,0,IMTICIA,synthetic_corpus_v2,syn_5a9c1e5590f5,synthetic
8.203230895525897,7.375718181199656,5.763738779318569,2.6826574397478296,8.441804455405373,2.1129097363369134,6.019363449264388,2.6520611892604475,2.6562306083508354,3.8277048008754355,12.925451629314962,terrain,recherche_appliquee,1,1,0,1,1,1,1,0,1,1,1,0,0,0,1,0,0,0,ESIIA,synthetic_corpus_v2,syn_9ce2175caf51,synthetic
4.921013558723883,2.8290040966882795,5.963969645207435,3.3918320683610346,3.2028432734414385,8.044428081188935,7.019428599949459,7.404959072190924,5.345302004554888,2.075271500385267,13.401659665842422,atelier,agroalimentaire,1,0,0,0,0,1,0,0,0,0,0,1,0,1,1,1,1,1,IAA,synthetic_corpus_v2,syn_37f8840cbc33,synthetic
8.232169649446359,3.5994674972246075,3.3525684849874313,6.585689705671415,2.559990084453055,3.121319263580446,7.591586303356342,3.8936274022069886,4.166528552587794,2.184417166917664,15.58873036087703,terrain,genie_civil_archi,0,0,0,0,0,0,1,0,1,0,0,0,1,0,0,1,0,1,GCA,synthetic_corpus_v2,syn_00c8daf88ae7,synthetic
4.287277389088779,2.0710528457000286,5.146135835977172,2.6068647823300406,1.6325872990292822,9.56271609129092,1.8359021575333538,1.22308512796406,8.266310267967313,7.89426897982647,12.238043514520017,remote,commerce_gestion,1,0,0,1,1,0,0,1,1,1,1,0,0,0,1,0,0,1,CAA,synthetic_corpus_v2,syn_f7391e42d679,synthetic
2.480296645325157,1.1037984297776706,5.810452064770393,6.491406290473196,2.50013827189144,5.712995942582261,3.264760000584997,3.911588673187665,7.969256597472694,5.392441481384136,10.353642634081925,terrain,commerce_gestion,0,1,1,0,0,1,0,0,0,1,1,1,0,1,0,0,0,0,TEH,synthetic_corpus_v2,syn_a640ae231ea7,synthetic
3.2953754145156178,1.294083109215119,3.361532918071842,3.3560625800433117,0.0,6.613513461880835,1.1568061101121234,6.0805998326451824,8.069204670249588,6.350301866533944,12.963656400569432,startup,commerce_gestion,0,0,1,0,0,1,0,0,1,1,0,0,1,0,0,1,0,0,TEH,synthetic_corpus_v2,syn_182c948c5aa3,synthetic
5.8046558692742325,3.073642648179224,5.702323677905989,4.133051469180743,1.1455999080898613,4.108886466810854,4.731372326823159,8.75022659380585,6.156109600438269,3.154471860117545,13.651437849452478,labo,agriculture_elevage,0,1,0,1,1,1,1,0,0,0,0,0,0,1,0,1,0,1,AEE,synthetic_corpus_v2,syn_8b963c38ef14,synthetic
7.551929967013703,6.796236055764775,5.160624706523384,3.7028177662872483,7.904830109918018,3.281330923942869,8.616664482206518,2.506849916599705,3.3165077134754224,2.7863074324826216,12.60286904087921,bureau,recherche_appliquee,1,0,1,1,0,0,1,1,1,1,1,1,0,0,0,0,0,0,ESIIA,synthetic_corpus_v2,syn_8804f90d971d,synthetic
5.068513310249003,3.590017230999378,7.861336879818461,4.99944572403992,0.7267663004990566,8.141017652356252,0.9752007585536109,2.734085250215814,6.803603064626558,8.208756235582316,11.425927063759003,startup,tourisme_hotellerie,0,1,0,1,0,1,0,0,0,0,1,1,0,0,1,0,0,1,EMP,synthetic_corpus_v2,syn_cf60c14c715a,synthetic
7.447917921288907,2.4056770766700164,6.040647592887841,0.9601310141183128,2.6479249913090106,4.6883028768660235,5.703172457642888,9.838835570225315,4.706636602728404,4.037170256723059,13.895809840286288,labo,pharmacie,0,0,0,0,1,1,1,0,0,0,0,0,1,1,0,1,1,0,PIP,synthetic_corpus_v2,syn_0ea14284a0b2,synthetic
9.722046791308617,7.29366272383706,1.3483134775559478,4.501668215172285,6.7388278540185125,6.660793118339118,7.253748093976175,1.6460696009737774,3.9399295418959963,2.5179629476133254,12.471935121312358,terrain,electronique_embarque,0,1,0,1,0,1,0,0,1,0,0,0,1,0,0,0,0,0,EMII,synthetic_corpus_v2,syn_daa402fe5a8b,synthetic
8.149915036742211,9.951444859191508,5.745844730479588,3.9347893086493406,1.8156581890688077,7.0042817462383695,1.707238305528825,3.8681419987039862,4.183500530829128,4.89628837486574,12.573821336039938,bureau,pharmacie,1,1,0,0,0,0,0,0,1,0,1,0,0,1,0,0,0,1,IGGLIA,synthetic_corpus_v2,syn_1fc669e81de6,synthetic
5.555801984939204,3.804488013152162,5.003636397342497,3.0507985118048997,3.8629311779961912,3.679158195139314,5.897772610903297,8.661583099229098,3.6566623018661657,3.6581222143327405,13.169960665022911,atelier,agroalimentaire,0,0,0,1,0,1,0,1,0,1,0,1,0,1,1,0,1,1,IAA,synthetic_corpus_v2,syn_9858ffdd8412,synthetic
7.402699033857235,1.6446136397217228,4.246430932655819,5.140556249104167,0.6819642982283489,4.342145699083445,9.948958230274052,2.900949057249315,4.172340525594834,4.8520182266440255,13.91665767490325,chantier,genie_civil_archi,0,1,0,0,0,0,1,0,0,0,0,0,1,0,1,1,0,0,GCA,synthetic_corpus_v2,syn_6b0bb2c65235,synthetic
3.7320194947855434,3.7832257146246264,5.471069524719515,3.762668035312177,1.030426869863076,8.54742889071184,3.0383250743567776,0.8198993719142147,7.731803061393222,10.0,12.402531606916405,chantier,commerce_gestion,0,0,0,1,0,1,0,0,1,0,0,0,0,0,0,0,1,1,CAA,synthetic_corpus_v2,syn_b102e9934f80,synthetic
6.199165936133259,0.35218148505382896,4.229054444441366,4.898816347400007,1.9522727218543998,7.054044939304088,2.6470330677620395,2.695254698580576,7.276989699770312,8.050734237274881,10.427641321958342,startup,electronique_embarque,0,1,1,0,0,1,1,0,0,0,0,0,0,1,1,0,1,0,TEH,synthetic_corpus_v2,syn_e83f5dd16551,synthetic
4.4224877549443615,2.4901954217713045,6.038561621932958,3.19864429567185,1.5726097354087998,9.378393177356116,4.181772787350757,3.9593903815562497,6.139709127057488,7.801924211890825,12.536307464607122,bureau,gestion_projet_si,0,1,0,1,0,0,0,1,0,1,0,0,0,0,0,1,1,0,PIP,synthetic_corpus_v2,syn_6091a3adec51,synthetic
7.37634278919994,2.409381199161259,3.067542685943889,2.17293982783562,3.7269429732020556,2.610529122533911,6.0636537165373205,6.260328232076547,3.5711790212674828,4.277224699315751,13.212040828577123,labo,chimie_procedes,0,0,0,0,1,1,1,0,1,0,1,0,1,1,1,1,0,0,ICMP,synthetic_corpus_v2,syn_3cead59fdcc7,synthetic
5.562749974723605,6.02881603057003,4.203107556391022,2.384517765232766,10.0,2.731632183868472,8.391327084476703,2.7944674253572623,3.901749234504478,1.7831934283862816,13.337531414967595,atelier,industrie_automatisme,0,1,0,1,0,0,1,1,0,0,1,1,0,0,1,0,0,1,EMII,synthetic_corpus_v2,syn_f423dedae7f9,synthetic
8.405823943196047,6.969253022040052,3.821365166899338,1.755919837381749,6.524069327716443,5.837626857855519,9.905562639694649,3.4038059753527867,4.296428977750132,1.4175559080842768,13.697627209528699,atelier,industrie_automatisme,1,1,0,1,0,0,0,0,1,0,0,1,0,0,1,1,1,0,EMII,synthetic_corpus_v2,syn_0fffd934afc7,synthetic
6.112285840546186,9.875561079143994,6.250499234296286,3.1389418351747707,3.769021086847198,6.593158988284075,2.9183016844362135,4.34701817082606,7.556281724159614,7.134822476194222,13.916086184887176,bureau,developpement_logiciel,1,1,1,0,0,0,0,1,0,1,0,0,0,0,1,1,1,0,IGGLIA,synthetic_corpus_v2,syn_b8ad658d5ff0,synthetic
4.870655470271485,2.8362077325604376,2.711508192100432,3.815802057466998,1.3616941573674168,5.830534759498435,6.481856824271502,8.005643752763484,3.3814357936982162,5.081732695628984,14.066037838972901,atelier,agroalimentaire,0,0,0,0,0,1,0,1,1,1,0,0,0,1,0,1,0,1,ICMP,synthetic_corpus_v2,syn_74f31b62f8db,synthetic
4.735636103390178,4.082981230658483,5.24866908412713,3.8630432384955142,2.241675560185588,5.422580979684882,4.467745351050479,9.099051173892432,3.3341622413022556,0.6509927456750999,14.534200242427909,terrain,agriculture_elevage,0,0,1,1,1,1,1,1,1,0,0,0,0,0,1,0,0,0,AEE,synthetic_corpus_v2,syn_d30f5df8cb45,synthetic
7.405289899217579,7.815461764809958,9.866854195972524,5.345347534323448,3.557093383746615,4.49154565290202,3.1349580416305876,2.06330530294209,4.292887926565771,3.6764199046022017,14.487288885626443,bureau,recherche_appliquee,0,1,1,0,0,1,1,1,0,1,1,0,1,1,0,0,0,0,ISAIA,synthetic_corpus_v2,syn_3edc3f146a92,synthetic
9.46155497029754,5.300663680714873,6.941720923495984,4.553604742153933,0.8060626939879971,5.545192402681069,3.4640578357484477,4.921634683444379,5.048752301911469,5.788605192772901,12.373433815299727,bureau,recherche_appliquee,0,0,0,0,0,0,0,1,0,1,0,1,1,1,1,0,0,1,ISAIA,synthetic_corpus_v2,syn_4abb05c1da8c,synthetic
6.304707947097419,4.0808782110257935,7.136783706949179,2.624376299916143,2.146793382880217,4.402480175717629,5.601153555733866,9.830488740649368,4.524347268554848,2.8495660418849864,17.67740312887936,labo,pharmacie,0,0,0,1,0,1,1,0,1,1,1,1,0,0,0,1,0,0,PIP,synthetic_corpus_v2,syn_df8621933a25,synthetic
6.410511587024548,8.557689555413631,5.518602057894548,4.254332657171069,2.86826731400195,7.3018255622198565,2.8496251025547927,0.7084836236713885,5.907583741488348,3.941403102537057,15.900899115326016,labo,developpement_logiciel,0,1,0,0,0,1,0,1,0,0,1,0,1,1,0,0,0,0,IGGLIA,synthetic_corpus_v2,syn_b90efcaf7a3a,synthetic
7.596364637844771,2.3881500718886715,6.20623612462597,7.563362259959433,5.084430221566082,4.327992458004916,10.0,3.2934743839808327,4.339448375190464,5.509715393270043,11.469219465350593,bureau,genie_civil_archi,0,0,1,1,1,0,0,0,0,1,1,0,1,1,1,0,0,0,GCA,synthetic_corpus_v2,syn_d9a4b6fb319b,synthetic
5.56255396098517,5.017932543232626,4.872080015907143,3.0247217394359933,5.895681172045933,4.758014635027208,7.048429297268197,7.579692029772921,2.794085594524388,3.0433099286572056,12.772846590211017,atelier,chimie_procedes,0,0,0,1,0,1,1,0,0,1,0,0,0,1,1,0,0,1,ICMP,synthetic_corpus_v2,syn_07bbb45893e0,synthetic
6.959643368949012,4.69962017823742,10.0,1.642590860994093,1.8549465652893546,6.4475939150162205,2.9976562593043536,2.770931166468523,8.331180807618198,8.192053829972066,14.92778014467218,remote,finance_compta,0,0,0,0,0,1,1,0,0,1,0,0,0,0,0,0,0,0,FIC,synthetic_corpus_v2,syn_6bf4e11b50ed,synthetic
8.211906801043522,6.600097971940606,6.146161547385955,5.462949797868365,7.590571170392355,3.449346812309505,5.5768573094764875,2.955983183622707,4.15015392608927,4.515307865311367,12.957082662454201,labo,electronique_embarque,1,0,0,1,0,1,1,1,0,1,0,1,1,0,1,0,0,1,TEH,synthetic_corpus_v2,syn_df544ced79d5,synthetic
6.4800152304838825,1.8878131093533312,7.99363218461458,4.418284416721242,1.271093803099959,7.216259496948917,3.5893372088548485,1.7008751973109617,4.335990237370338,7.967172573785255,15.533998995137035,bureau,finance_compta,0,0,1,0,0,0,1,0,0,1,1,1,1,0,0,0,0,0,FIC,synthetic_corpus_v2,syn_c4966d6384c0,synthetic
6.912134877624122,4.541851098121786,5.799256756498971,3.419423389767296,8.33445061689288,3.5576581537403618,8.158710637800343,2.98704541585425,4.272175380650302,5.742924013246271,13.126192995257751,atelier,electronique_embarque,1,0,1,0,0,1,0,1,0,0,1,0,0,1,0,0,0,0,EMII,synthetic_corpus_v2,syn_56ef4489fa42,synthetic
6.830025403108925,3.906198790274966,5.01987500840434,3.269217780038524,5.656884280965665,8.019497269211223,3.5223102306681318,1.8827270595575971,6.350777436111151,6.893719356740622,11.620810813875678,remote,gestion_projet_si,0,0,0,0,0,1,0,0,0,1,0,0,0,0,0,0,1,1,EMP,synthetic_corpus_v2,syn_0e31014139d4,synthetic
6.335398250318437,7.193226243524166,5.186558470492763,5.34909536901089,4.837765795018019,7.744117473302948,3.099884090034793,4.581641176490957,4.648812331882526,5.764852307981886,11.69019597671584,remote,developpement_logiciel,1,1,1,0,1,1,0,1,1,0,0,0,0,0,0,0,0,1,IGGLIA,synthetic_corpus_v2,syn_b1c3e55a184b,synthetic
4.735541332492502,1.022670719095903,5.522779941766287,0.41912708807494514,3.786182030699134,6.863478899074712,7.218296577968189,7.888905100804691,3.3644108621037834,3.48393673628993,12.676311956851283,atelier,industrie_automatisme,1,0,1,0,0,0,0,0,0,0,0,1,0,1,1,0,0,0,ICMP,synthetic_corpus_v2,syn_c45dfbde99a0,synthetic
8.986209022018121,1.3829372069491912,3.706044870086771,7.349595801591006,2.099868287348025,4.1587286637356735,6.354405378672615,2.56522458009182,3.514133314674102,1.1308088097649156,14.727168668948433,chantier,genie_civil_archi,0,0,0,0,1,1,0,1,0,0,0,0,0,1,0,0,0,1,GCA,synthetic_corpus_v2,syn_4001e3d9e0bc,synthetic
4.994016478029686,8.618974813283572,3.812305345820797,8.135941515472553,1.6142042158667895,5.093989120389233,3.4494962744694395,1.8656753879419634,4.638968097669417,3.9337900733697513,13.200921512049634,remote,developpement_logiciel,0,0,1,0,0,1,0,0,1,0,0,1,1,0,1,0,0,1,IMTICIA,synthetic_corpus_v2,syn_bfc0a704a429,synthetic
7.277192804628697,6.56355776354643,4.236805651884587,2.3167119411279318,7.872049869747138,4.267617953601163,6.917896362700426,0.3119196945828584,4.957292445826148,3.6266584628790794,13.532897365018002,atelier,recherche_appliquee,0,0,0,1,1,0,1,1,0,0,1,1,1,0,1,0,1,1,ESIIA,synthetic_corpus_v2,syn_1f6f717b2d52,synthetic
8.174922444018033,7.284834473661082,4.780823825675759,3.8876372623340014,6.031138005525749,5.855495116274675,8.575593770883028,2.2875219474085786,5.045124763267282,3.7426015243716932,11.485941331345305,atelier,electronique_embarque,1,1,1,1,0,1,1,1,0,0,0,1,1,1,0,0,1,0,ESIIA,synthetic_corpus_v2,syn_374eeb96d512,synthetic
7.038246744972295,4.906943476604309,8.359893400153634,5.8528970938725395,1.9766458875805526,4.660641676277838,6.975491819663164,3.9541803570639424,2.466888643812334,4.219755611787608,14.877447857131099,bureau,data_science,1,0,0,1,0,0,0,1,1,1,0,0,1,1,0,1,0,0,ISAIA,synthetic_corpus_v2,syn_47218d91db03,synthetic
6.489677764991414,6.664239222803359,4.2869841559537045,6.1775691559409465,4.711120206238796,7.839432213386532,4.054230592150617,3.3921280899573505,3.962118368302794,4.511471586429202,12.57622142964185,remote,developpement_logiciel,1,1,1,1,0,1,0,1,0,0,0,0,0,0,0,0,0,0,IGGLIA,synthetic_corpus_v2,syn_688941d8f4b5,synthetic
5.6613347680877535,3.625162935447241,3.8924645544251435,5.769607140336101,3.826254252431522,4.797808627997355,2.2329165337699304,6.9487290916663795,6.948649688980349,3.1373389577641992,10.095169156094935,bureau,agroalimentaire,0,0,0,0,0,0,0,0,0,0,0,0,1,0,1,0,0,0,TEE,synthetic_corpus_v2,syn_11967128ea3c,synthetic
6.717193094754767,6.323530172068806,4.014644965355602,5.060165304987601,7.832330171416599,3.0983796345087726,6.617175800493013,3.9412785698538944,3.271418108367199,4.100115524268546,12.189587325069205,atelier,industrie_automatisme,1,0,0,1,0,0,0,0,0,1,0,0,0,1,1,1,1,0,EMII,synthetic_corpus_v2,syn_04d8a2b19fe3,synthetic
5.878471765486125,5.187109431275678,4.007441709428062,1.1878742816720476,2.028193681623288,6.907934066032873,4.089713119866927,6.788699043045834,4.908330759905962,3.0398176187711092,13.86168884757559,remote,droit_affaires,1,0,0,1,1,1,1,0,0,0,0,0,0,0,0,1,0,0,IAA,synthetic_corpus_v2,syn_4c79184038fa,synthetic
3.6766733054897434,4.014106001318687,3.604265973379735,4.318394928886872,1.147787553047329,7.809398828731165,1.3741278309804328,3.408444785030487,9.516633848746823,3.867578375187147,10.944094098028021,startup,tourisme_hotellerie,0,1,0,0,0,1,0,1,1,1,1,1,0,0,0,1,1,1,TEH,synthetic_corpus_v2,syn_be6a265364b1,synthetic
7.951067349329376,9.191672735067584,4.320381632768424,2.4291563112590775,3.4446281704983144,8.442220871017476,4.119550110464583,2.638557115965887,5.2704619534723,5.308952219764798,14.399022179264367,bureau,gestion_projet_si,0,1,0,1,1,1,0,1,0,1,0,0,0,0,0,0,0,0,IGGLIA,synthetic_corpus_v2,syn_a64d0ae4737e,synthetic
6.446540533480752,0.4482079887112502,4.908377044133307,3.7582670878559417,3.5054184655073746,7.061868728838938,1.743415408067075,0.6025793511980115,4.643771430840776,10.0,13.965053771038358,remote,finance_compta,1,0,0,1,0,0,0,1,0,0,0,0,1,0,0,1,1,0,FIC,synthetic_corpus_v2,syn_2e9dac1efee2,synthetic
7.322693199231807,2.83600366677451,7.473784738849651,3.0903338008118335,2.698466910455177,6.657065755620888,4.566727876947182,10.0,2.6055219720012373,3.0179391289351534,11.49542130149893,labo,pharmacie,0,0,1,0,0,1,1,0,0,1,0,1,1,0,0,1,0,0,PIP,synthetic_corpus_v2,syn_ccae0fdf26aa,synthetic
6.819467967124334,4.436028217559442,7.903437290684355,3.339749954983005,1.743538451568062,8.062879508527898,2.1677958148354297,2.942716944173044,7.26270768101553,10.0,11.936522614634134,startup,gestion_projet_si,1,1,0,0,1,1,0,0,1,0,0,0,0,0,0,0,0,0,EMP,synthetic_corpus_v2,syn_4a6fb5044e76,synthetic
7.444081214161266,5.5513633406975185,5.056789186975426,1.3203658942294032,3.7378207977499858,5.954475688899659,5.927876047126528,4.8096998983108366,4.551688877326631,2.967336050267413,16.372174141343706,atelier,chimie_procedes,0,1,0,1,1,0,1,1,0,0,0,0,0,1,1,0,0,0,ICMP,synthetic_corpus_v2,syn_53b5b58e0020,synthetic
6.265447635442197,4.7624421130538375,5.356959701012687,1.8779076819551674,3.188050789181985,5.025657957369275,6.77876889959724,8.335905463527354,3.0084101693177066,3.043313650042969,11.320657422943125,terrain,chimie_procedes,0,0,0,0,1,0,0,0,0,0,0,0,1,0,1,0,0,1,ICMP,synthetic_corpus_v2,syn_7d094f8c08af,synthetic
7.073650445621939,10.0,5.757288635176382,4.092991030603974,2.6328738156062395,7.163674380096595,2.8950552412739126,0.8521534526269765,7.561079685048017,5.290877527884988,13.882538358546176,bureau,chimie_procedes,0,0,0,0,0,1,0,1,1,0,1,0,1,0,1,0,0,1,IGGLIA,synthetic_corpus_v2,syn_1d4737130d12,synthetic
8.796484188214022,2.6392105390696257,4.754676245948224,4.4437360390066605,2.638392887215408,7.714107390579348,2.9060554192488177,1.3796039391114119,6.2813522122589385,6.074260700606045,12.71111790635011,bureau,commerce_gestion,0,0,0,0,1,0,1,1,0,1,0,0,1,0,0,1,0,1,CAA,synthetic_corpus_v2,syn_ae3073ab9484,synthetic
4.493755013654753,3.265622949920233,3.7204016592732465,4.460772492084372,2.6886873459525176,8.868717829870299,5.305958211514657,4.475064086420855,8.83386214480028,3.921736304103018,14.470818238843826,terrain,tourisme_hotellerie,0,0,1,0,1,1,0,0,1,1,1,0,1,0,0,0,1,0,TEH,synthetic_corpus_v2,syn_745b1ab3ba97,synthetic
4.144393646015469,2.8091229991558477,3.0061037348924393,4.498733880227062,0.6133304158019941,7.700568297035895,2.884054700448189,6.6916469332205635,6.6412370345674105,3.521700018114854,12.124478672931575,terrain,tourisme_hotellerie,1,0,1,0,0,0,0,1,1,1,0,0,0,0,1,1,1,0,TEE,synthetic_corpus_v2,syn_7edfdd1890bd,synthetic
6.315616096770246,8.57119759117886,3.5414231597671493,1.4742934062806472,2.044763567932012,5.158861783264074,2.9162420173892345,1.5725387490912013,4.6063887626189395,5.851078128783339,13.934024357836988,startup,developpement_logiciel,0,1,0,0,0,0,1,1,0,1,0,1,1,1,0,1,0,0,IGGLIA,synthetic_corpus_v2,syn_5c11725bc323,synthetic
7.828926193769349,3.99174838775261,7.173062978704898,1.948460669338704,1.7715258318105527,7.522930256154489,2.4934296821931516,2.7090438035733806,5.579050363040415,8.528586553605557,13.35329622705478,bureau,finance_compta,0,1,1,0,1,1,0,0,0,1,0,1,0,1,1,0,1,1,FIC,synthetic_corpus_v2,syn_2455345ba68b,synthetic
8.606593394862955,5.386138571288486,8.895497716264371,3.248900545852975,1.4163616953974323,7.794054281408978,3.592188607189594,3.149119879612718,6.62688608228341,5.535473210304872,14.821262574237178,remote,data_science,1,1,1,0,1,0,0,1,0,0,0,1,0,0,0,0,0,0,ISAIA,synthetic_corpus_v2,syn_73147dd5a60d,synthetic
7.706208511548802,1.654110870099243,6.133403460326589,4.9599126523890185,2.6001723372084364,6.544038909156142,6.342994034230437,6.7695862553945325,3.9573145706700745,4.829911147575482,12.451686653877788,bureau,recherche_appliquee,1,0,1,1,0,0,1,0,0,0,0,0,1,0,0,1,1,0,PIP,synthetic_corpus_v2,syn_6b640814f738,synthetic
7.43569963755401,6.122182904438736,5.095454381043178,3.0707883849557063,5.330652171132675,9.599714330229403,4.007782123480158,1.8054104724638866,6.5654036814223735,4.161946975295059,11.423899208124151,bureau,agroalimentaire,1,1,1,1,0,0,0,1,1,0,0,0,1,0,0,0,1,0,IGGLIA,synthetic_corpus_v2,syn_1fed11bbd462,synthetic
5.678516129298437,4.142181435255666,4.523774331697438,3.4767185899252464,1.3033993490170852,10.0,2.8385868459950867,6.191176756004968,7.933737462219084,3.8724620630349493,13.555925421487691,bureau,tourisme_hotellerie,0,0,1,0,0,1,0,1,1,0,0,0,1,0,0,1,0,0,TEE,synthetic_corpus_v2,syn_dc65d5bcd2de,synthetic
6.910942730262429,1.872475024310556,6.124037083144087,2.943170683246385,2.9483964311329904,5.6603325885391715,5.051602214985749,8.774150190896247,7.083122512628167,4.854553310980162,8.664980793521782,terrain,agriculture_elevage,0,1,0,1,1,0,1,1,0,0,0,0,1,1,0,0,0,0,AEE,synthetic_corpus_v2,syn_384b965004d8,synthetic
8.66425885723412,9.757142062398172,5.594234973229572,4.9592763779658435,1.0736578731417112,8.229466464320438,3.9676111983021523,0.6463488661679455,3.8026762483585377,5.333125810503379,14.072518709390836,bureau,developpement_logiciel,1,1,1,1,0,1,0,0,0,0,0,1,0,1,0,0,1,0,IGGLIA,synthetic_corpus_v2,syn_4d5df359f226,synthetic
4.581993380183199,8.22972894663057,4.545254914603085,3.229128600810772,0.5346005612333191,5.555507851495096,4.459974473917587,1.3750944698200593,5.887121959241127,4.14125327227463,14.229457636826112,startup,gestion_projet_si,1,0,0,0,0,1,1,1,1,0,0,1,0,0,0,1,0,0,IGGLIA,synthetic_corpus_v2,syn_2ea015774f80,synthetic
4.948089413992155,4.278226014761985,4.966164489136737,4.318973761455844,0.8721618323709364,4.596375977980065,5.253861740573385,8.30328700696905,4.288952443377535,3.3671946685686507,13.060188371291789,chantier,agriculture_elevage,0,0,0,0,0,0,0,0,0,0,0,0,1,1,1,1,0,0,AEE,synthetic_corpus_v2,syn_3b905e356414,synthetic
7.323635857130413,6.318655062383499,4.9455913122671245,0.8789538740700267,8.539460677209899,4.155625312331029,5.362071107145836,1.1191641577635556,4.189227812364135,3.488286405044339,12.92407639767436,bureau,recherche_appliquee,1,0,0,1,0,0,1,0,1,1,0,1,0,0,0,0,1,0,CAA,synthetic_corpus_v2,syn_39b28aade657,synthetic
3.3467622846625313,1.6788604430803062,7.069335601777604,3.5526670362842947,0.7538456023767497,6.491706236103948,2.5292889075381906,2.655687015827403,7.529328042789837,10.0,10.645619641964222,bureau,developpement_logiciel,0,1,0,0,0,1,0,0,0,1,1,1,0,1,0,1,0,1,CAA,synthetic_corpus_v2,syn_6a1a818c6f48,synthetic
7.812043644477203,2.7152280280014165,5.332983817110344,2.9607315701656964,0.910346185222966,5.927800868284418,5.59943792782189,10.0,6.344170842608973,2.52405700190206,13.59521177135834,bureau,pharmacie,1,0,0,0,1,1,1,1,0,0,0,0,0,0,1,1,1,1,PIP,synthetic_corpus_v2,syn_799667a89835,synthetic
6.296331491810008,0.29459006442172386,4.4201859107552615,3.2166219764289123,0.0,7.928453625315303,0.0,2.890042165959731,7.008931435090806,7.150224837131395,9.785837990741102,remote,commerce_gestion,0,1,0,0,0,0,1,0,0,1,0,0,1,1,0,1,1,1,CAA,synthetic_corpus_v2,syn_b2d2ce3b92aa,synthetic
9.787828578438226,7.0713096067748555,4.987723031389134,2.0258174144561503,7.366164205486932,5.709405821630071,7.828453642382451,3.5201579280080924,4.6557528708243,2.865045362825569,11.767483825712366,labo,industrie_automatisme,1,0,1,1,1,1,1,0,0,0,0,0,1,1,0,0,1,0,EMII,synthetic_corpus_v2,syn_a3b6269de631,synthetic
8.314488786559796,4.45039880188164,3.788736645518383,5.531852901870455,2.665165979577032,5.714486157408292,8.531202280433368,5.89225951854673,3.4604082220475996,3.2240965992259047,18.223903439291334,terrain,chimie_procedes,1,0,0,0,0,0,0,1,1,0,0,0,0,1,0,1,1,0,ICMP,synthetic_corpus_v2,syn_bfc2d0fe7fa2,synthetic
5.984352077849067,9.266230607811913,4.376924995051311,3.8618834392785084,3.5924694457371302,7.46472434049045,3.9574453239306684,1.529454481854037,3.8371693667999995,5.856609695711439,12.881483430299015,remote,gestion_projet_si,0,1,0,0,1,1,0,1,1,0,0,1,1,0,0,0,0,0,IGGLIA,synthetic_corpus_v2,syn_799e83e6ae35,synthetic
4.691741059098999,2.087405426294546,4.055584357647038,4.4266619940527185,3.8564907021187564,9.151664184834416,5.575998270870333,1.8811174082501503,8.89545061044818,6.018541257939118,11.44166607192315,startup,commerce_gestion,1,0,0,0,1,1,0,0,0,0,1,0,1,0,0,1,0,1,IMTICIA,synthetic_corpus_v2,syn_4b355a7b76fb,synthetic
9.25771019473377,5.399457694078543,8.755645579508553,4.053839381823573,2.689462169383857,5.590987094196236,3.039465977337077,1.8655871679233431,4.143611191784558,1.6028553527519613,15.039912292552389,terrain,data_science,1,1,1,1,0,0,0,0,1,1,0,1,0,1,0,1,0,0,ISAIA,synthetic_corpus_v2,syn_6fa5c38b8add,synthetic
4.599845357350986,9.402715757080385,4.150456202373242,2.1892516116427814,10.0,2.678547060217909,7.946141484096804,1.9445200937094693,3.6967732735827115,3.059647481995645,11.20952646629997,atelier,recherche_appliquee,1,0,1,1,1,0,1,1,0,0,0,1,0,0,0,1,0,0,ESIIA,synthetic_corpus_v2,syn_58b90b04aba5,synthetic
6.304465170303601,6.50917300030202,7.651007212499482,3.6891179418873983,4.02734499107757,5.427955191532262,5.066565024510815,1.442212564510885,5.938152125769328,4.143062170297437,11.860030816189834,remote,recherche_appliquee,1,0,1,0,0,1,1,1,0,1,0,1,1,0,0,0,0,1,ISAIA,synthetic_corpus_v2,syn_4c04c5602ae3,synthetic
4.105850640492432,1.7986854831067451,4.0696520441813675,5.926842535110669,3.494004071290811,5.338588743578681,2.1368807301154797,2.9326565793841617,7.771773914745396,3.8557451636092384,15.706160312481275,terrain,tourisme_hotellerie,0,1,0,0,0,1,0,0,0,1,0,0,0,1,1,1,1,0,TEH,synthetic_corpus_v2,syn_1d2adbb16d91,synthetic
6.806419184240373,6.715258101189956,5.851622070276524,5.281064539381568,2.722146823184634,6.0842480572955555,2.1215921026549815,2.4335611913535433,6.813599186567934,6.281551330718688,15.255717916231228,remote,agriculture_elevage,1,1,0,0,0,1,0,1,1,1,0,0,0,0,1,0,0,0,IGGLIA,synthetic_corpus_v2,syn_0da00c7e69b8,synthetic
5.212220846476725,3.6087402815818104,3.142765188582962,2.4749201291344383,2.498463658631567,3.912599577897705,6.174929856855886,8.882210205793935,3.029204658945563,3.9900076553960084,14.46514197633308,labo,agriculture_elevage,0,0,0,0,0,1,1,0,1,0,0,0,0,0,1,1,0,0,AEE,synthetic_corpus_v2,syn_1f6a20ee17b9,synthetic
7.938774974038948,2.0502081668435457,7.119469991923823,4.361779448818507,2.841396552346001,8.39161352251836,2.6170180446104814,2.066951989353874,5.5767178562860655,6.636031326599206,14.254770343361606,bureau,commerce_gestion,0,0,0,0,0,1,0,0,0,1,1,0,1,0,1,0,0,0,FIC,synthetic_corpus_v2,syn_b337b803ca6c,synthetic
4.850190253166338,3.7549811490775555,4.395357538320395,1.069006670218662,3.5056784812000488,6.760811946947726,5.667632559831992,8.297090305128572,4.965034139427857,4.338624654652822,13.359438563583904,terrain,agriculture_elevage,0,0,1,0,0,1,0,1,0,0,1,0,0,0,0,1,1,0,AEE,synthetic_corpus_v2,syn_efd40749af94,synthetic
3.8821707246570467,2.2434209979015516,4.14756027780132,3.135953303204497,0.9085198376689811,6.404945686031344,3.6002467897394284,1.683517471526243,10.0,6.990360629315229,11.008394509206656,bureau,commerce_gestion,1,0,0,1,0,0,1,0,0,0,0,1,1,0,1,0,1,1,TEH,synthetic_corpus_v2,syn_67ae030dbf91,synthetic
8.701806087269393,3.119591639924214,4.770844338945972,3.966990134448006,0.936145003716341,4.452276143558398,3.248400647982932,8.700294479641107,2.8462503742500136,4.308521850597553,14.275305043581525,labo,agriculture_elevage,0,0,1,0,1,0,1,0,0,0,1,0,0,0,0,0,0,0,AEE,synthetic_corpus_v2,syn_cd11bc6c3fb9,synthetic
3.9039605349902686,3.7426103188006774,3.5805505319556845,4.6297356862839845,3.0179152476994036,7.149073933020328,4.680471949844623,6.28460963957505,8.585938525345714,3.9603761606116024,13.84992066549861,bureau,tourisme_hotellerie,1,0,0,0,1,1,0,0,0,1,1,0,0,0,0,0,1,1,TEE,synthetic_corpus_v2,syn_f42d2dd1ac27,synthetic
5.3068918595615,6.409156712774771,6.272602169524292,4.522216603200118,9.783129844544932,4.599394417179639,9.416079280858561,1.337572453508593,5.42201971608714,3.337488252977768,13.315854080881559,remote,electronique_embarque,0,0,1,1,0,0,0,0,0,0,0,0,0,1,1,1,0,0,ESIIA,synthetic_corpus_v2,syn_92b2aab817ce,synthetic
6.299448248661673,3.4258086976885322,4.859885085994927,2.606706102354212,0.0,7.530991717730048,3.059864624159502,9.584448360987665,4.513160057891345,3.463413218440547,12.69177892903608,atelier,agroalimentaire,0,0,1,0,0,0,1,0,0,0,0,0,1,1,0,1,0,0,IAA,synthetic_corpus_v2,syn_f8a84ff0a0ff,synthetic
5.268966917887965,2.354902463021249,4.84382247296858,3.7623507947087536,1.2318391470624581,9.288629813667297,1.597986176847696,2.4482249238814053,5.54271908515002,8.120102871903846,12.801979222639828,bureau,commerce_gestion,1,1,0,0,0,0,1,1,1,1,1,0,1,1,0,0,1,1,CAA,synthetic_corpus_v2,syn_f9227cc9a1de,synthetic
7.249053923580472,3.439950623164529,6.7079169055961945,5.297874145048277,2.377273890527417,8.206332663859762,5.336928845944708,0.3641497987600406,6.791844923963973,6.313509999539305,12.675488349942961,bureau,commerce_gestion,1,0,1,0,1,0,0,0,0,1,0,0,0,0,1,0,1,1,CAA,synthetic_corpus_v2,syn_7a2390086bbd,synthetic
7.75598581982206,4.209577006756084,5.732456813868748,3.084169041177856,2.530206817744516,6.529799952723826,5.913368251603737,9.26681173829402,6.811331275033535,2.8969914221039508,13.625337795591937,bureau,agriculture_elevage,1,0,0,0,1,1,0,0,0,0,0,0,1,0,0,1,0,0,PIP,synthetic_corpus_v2,syn_412a0527fa83,synthetic
1.6646697321618382,2.0039698193740807,3.5439046856771625,4.433377878268466,1.0988575913716283,6.373105979428138,3.7319321119846327,5.4969191311736845,9.162185159889146,4.403369021668916,13.686547583630784,startup,tourisme_hotellerie,0,1,1,0,1,0,0,0,0,0,1,0,0,1,1,0,1,0,TEH,synthetic_corpus_v2,syn_f6e0235b3caa,synthetic
7.3818873421538544,4.4376135968986,5.652667071018577,3.018022748550634,2.153128348793078,10.0,5.596973761333793,2.886302906076326,5.203568246445945,8.793349755214857,15.18939896187802,bureau,finance_compta,0,0,1,1,0,1,0,1,1,1,0,1,0,0,0,1,0,0,FIC,synthetic_corpus_v2,syn_66e653e56def,synthetic
6.153328601390045,5.438874739488263,3.5927274866255448,8.565026008398046,3.1191388562724884,4.901013565569753,8.117112112408748,4.451982184143087,3.474716122867978,4.609831054577281,12.941798923667086,bureau,genie_civil_archi,0,1,0,0,1,1,0,1,0,1,0,0,0,0,1,0,1,0,GCA,synthetic_corpus_v2,syn_3ff12d5c6dfe,synthetic
6.076715745795196,1.709717954321441,4.335754562332756,3.8383117569378724,3.1936889234778585,4.281232047662353,8.732618008178063,6.675127132141803,7.668531755875349,4.570351809090024,13.115892740635354,terrain,industrie_automatisme,0,0,0,1,0,0,0,0,0,0,1,1,0,1,1,1,0,0,ICMP,synthetic_corpus_v2,syn_68c2a98e2969,synthetic
6.512282441127891,6.218336774794579,6.347995469842095,2.459148263298112,8.015259279069056,3.702870511425913,8.62452375574274,1.4298090394024032,2.975805351981178,1.9329863954062576,12.782161211441512,atelier,industrie_automatisme,0,0,1,1,0,1,1,0,0,0,0,1,1,0,0,1,0,1,EMII,synthetic_corpus_v2,syn_dafbc83c4514,synthetic
6.847332902456371,5.545474519476815,4.173651298478795,3.128180451925555,5.5137256271888875,3.1618667985091085,9.925741381704228,4.672889239994481,1.9222446266199404,2.3195858432981904,11.878231301000417,startup,electronique_embarque,1,0,0,1,0,0,1,1,0,0,0,0,1,1,1,0,0,0,EMII,synthetic_corpus_v2,syn_fa95dd98784f,synthetic
7.368566806455411,5.498413280528764,3.5178135947182283,3.543830935897262,9.092801231690462,2.169491380173765,7.390789086993904,2.3368516624134976,2.935234337486311,3.771211344902026,12.091021811464126,atelier,industrie_automatisme,0,0,1,1,0,1,1,1,0,0,0,1,1,1,0,0,0,1,EMII,synthetic_corpus_v2,syn_22ba555fa3f2,synthetic
7.230811029163558,8.392351873576827,5.865251996249018,4.925016165971192,5.0970224551507375,7.842414563147312,5.827253344810989,2.2202839441664572,6.088442798036345,5.699006111276752,10.754106188313957,startup,gestion_projet_si,1,1,0,0,0,1,1,0,0,0,0,0,1,1,0,0,0,1,IGGLIA,synthetic_corpus_v2,syn_73348ac51368,synthetic
6.071643760002996,7.504404321063512,4.860698429764987,2.171625660005638,3.0985731055138803,6.689577393521339,3.4067601459489647,2.558836436544868,4.608848045914897,4.297571162881694,11.717630572151014,startup,developpement_logiciel,1,0,0,1,1,1,0,0,0,1,0,0,0,0,1,0,0,1,IGGLIA,synthetic_corpus_v2,syn_d3e4c78dcc9f,synthetic
5.246906490942057,2.7790961184401555,5.437655018331595,3.675525552819589,3.6873207380265214,5.467048053375822,5.5228723429914455,8.274424194646805,4.105230527038877,3.4804621931095463,13.865882584989443,terrain,agroalimentaire,0,0,0,1,0,0,1,0,0,1,0,0,0,1,0,1,0,0,IAA,synthetic_corpus_v2,syn_af44cdca670c,synthetic
7.013932762806205,2.5989997612964983,8.167140587871666,2.2577596759685656,5.530968894189222,4.6879192042275495,8.055311973920865,7.482616673215009,5.1077967739700565,3.831579437649105,15.557750028799854,atelier,industrie_automatisme,0,0,0,0,0,0,0,0,1,1,0,0,1,1,0,0,0,1,ICMP,synthetic_corpus_v2,syn_5cae812a91ab,synthetic
5.015777868011671,1.297801624296184,3.053939157410235,6.583623113678661,2.5226111273706175,5.4532131575113345,1.3836678027245828,5.006906819139536,7.351064298973275,4.326531655047656,12.9582430522981,bureau,tourisme_hotellerie,0,1,1,0,0,1,0,1,0,0,0,1,1,0,0,1,0,0,TEE,synthetic_corpus_v2,syn_410bf3bb63c7,synthetic
5.489130259598902,3.1795703693282045,4.151640313898248,2.331649273352781,1.438530922670756,5.642024718597652,1.3124065109293768,2.1012924362103775,9.807189805837487,7.227043851599481,13.990336131566002,startup,commerce_gestion,0,0,1,0,1,1,0,1,1,0,0,0,1,0,0,0,0,0,EMP,synthetic_corpus_v2,syn_a0ae7c391959,synthetic
5.323775134864148,8.39259608415037,4.344335297522486,4.515999086682602,1.934823684424683,6.9752698154930055,4.256117133310278,1.6207025682565184,4.024477914709742,3.912179301532237,13.885048799291226,startup,agriculture_elevage,1,1,0,0,0,1,0,1,0,1,0,0,0,0,0,0,0,0,IGGLIA,synthetic_corpus_v2,syn_aee2df1835c9,synthetic
7.394490170328623,5.0766558697780715,6.949031922400813,2.6508059920394764,8.42446735640012,3.1446101113142744,6.161226492314577,2.776431871207083,2.270332633752899,2.9003026104471146,15.378098034549847,atelier,recherche_appliquee,1,0,1,1,1,1,1,1,1,0,0,1,1,1,1,1,0,0,ESIIA,synthetic_corpus_v2,syn_42324f1908fc,synthetic
6.766490560192819,4.431039051271584,3.5361837195558548,6.199541130743103,5.1609818593630035,5.485260650927421,5.67189985463631,4.885489163678319,7.499132692012207,1.817944083557282,12.748218794265778,bureau,developpement_logiciel,0,1,1,1,0,0,0,0,1,0,0,0,1,0,1,1,0,0,IMTICIA,synthetic_corpus_v2,syn_864610b983be,synthetic
5.490496874431058,1.1232669643445155,2.1694308071994044,6.257403107983863,0.01084154123913983,6.5286188552623585,4.649117086167083,2.9033355470812396,10.0,2.790939206776522,14.066401843627785,terrain,agroalimentaire,0,1,1,0,0,1,0,0,1,1,1,0,1,0,0,0,1,1,EMII,synthetic_corpus_v2,syn_f4c37882f6e6,synthetic
3.9187308712106077,9.381193879565986,5.251296513429543,10.0,4.070841427155509,6.051313246062584,0.4359724940871046,1.0346040460019306,6.78038744146544,2.4140830034904557,12.277610607788485,remote,multimedia_ux,1,1,0,0,1,0,0,0,1,0,1,1,0,1,0,0,1,1,IMTICIA,synthetic_corpus_v2,syn_ed2e347db59b,synthetic
8.353174886783338,5.349347311372007,4.032815564006645,5.7847751949841495,2.40269854996959,4.314330651224385,7.273990026757461,3.224867454258707,3.9947407564005792,3.9255009932789084,15.80853830587539,bureau,genie_civil_archi,0,0,0,1,0,0,1,1,0,0,0,0,0,0,1,0,1,0,GCA,synthetic_corpus_v2,syn_9e5558406efa,synthetic
3.467573230902743,1.3131947567739999,3.9860251690180672,4.591868823581902,1.560036682635553,4.958043713628507,1.9934477791655183,7.2324313934626545,8.81681220699449,4.0357542180610135,13.729904178938114,terrain,droit_affaires,0,1,1,1,1,1,0,1,1,0,1,0,1,1,1,0,1,0,TEE,synthetic_corpus_v2,syn_864798226fe1,synthetic
3.0370175264104575,2.979824034663911,5.240093525778491,4.481365767768825,2.0604194178761226,8.248405534166018,3.198091865111724,4.665006761984636,8.183131035718889,3.612540620492248,12.12231828129247,terrain,commerce_gestion,1,1,1,1,1,1,1,1,1,0,1,0,1,0,0,1,1,0,TEH,synthetic_corpus_v2,syn_7d7ee6fcbd08,synthetic
4.526112899538662,6.164229064492688,5.022297720629596,7.842787274976812,0.07034856582947402,3.8951723175661854,4.338583704125577,1.4918158940046522,6.654979515012084,2.6438603496379676,13.719247143717446,bureau,multimedia_ux,1,1,0,0,1,0,0,1,0,1,1,0,1,1,1,1,1,0,IMTICIA,synthetic_corpus_v2,syn_d2df6aae172e,synthetic
5.88894933756072,8.95008451837902,4.7919925622116555,3.1459983427157963,1.5347144818672172,10.0,2.9569160543670736,1.1433831671015715,5.22421540478948,5.224312715235941,14.322298276772845,terrain,gestion_projet_si,1,0,1,1,0,1,0,1,0,1,0,0,0,0,0,0,1,1,IGGLIA,synthetic_corpus_v2,syn_ffc2ac2e3fd0,synthetic
7.349729591248631,6.949345451012798,3.6853913330081687,1.6250291921655293,6.89550494990965,3.4881645450445666,7.116061506523829,1.9567922439712795,4.301466520138934,1.3405409214169761,11.718436152895627,atelier,recherche_appliquee,1,0,1,1,1,1,1,0,0,1,1,1,1,1,1,1,0,1,ESIIA,synthetic_corpus_v2,syn_16b812be0e3e,synthetic
4.9293933485182695,9.309516156260255,6.575844710308747,3.5680283883444908,5.552649254741453,7.783466583739064,3.2900529143222212,1.0805581362045102,2.4594360283000274,4.385647641246769,14.053128199675971,startup,developpement_logiciel,1,1,0,1,0,1,0,1,0,0,0,1,0,0,1,0,0,1,IGGLIA,synthetic_corpus_v2,syn_ec8701a6d7d6,synthetic
6.579802290166606,7.786595776388948,3.795749842769871,3.070571552973162,8.189355621183552,7.165930684281475,7.032258392873005,3.0042647473567183,1.6103210481570427,1.598608697474158,13.458637692362528,labo,electronique_embarque,0,0,0,1,0,0,1,0,0,1,0,1,0,0,1,1,0,0,ESIIA,synthetic_corpus_v2,syn_431ee73a701b,synthetic
7.106169677168586,2.2340537092351322,4.00786423862448,3.592532332160865,1.4327016393162157,8.568016282448403,3.447587181938748,4.030658287681725,7.9486429700928145,6.868667208391616,12.336442788417237,remote,commerce_gestion,1,1,1,0,0,1,1,1,0,1,0,0,0,0,0,0,0,0,CAA,synthetic_corpus_v2,syn_83934fc693aa,synthetic
7.64658208419721,2.762750396709465,5.514621994256344,2.5143641702781747,5.3186626437380635,4.6986573810232475,4.817577714392817,7.731786238250264,7.05583314517169,1.8177168294740695,12.80786950320206,chantier,recherche_appliquee,0,0,1,0,1,1,1,0,1,1,1,0,1,0,0,1,0,0,PIP,synthetic_corpus_v2,syn_2d1ddf93caca,synthetic
4.4919505284645025,2.833925856350577,4.20307617196548,5.403146309288761,2.0154509760223727,6.76676480239313,3.0528278693316766,3.116413973737799,5.62090426952591,6.930805157931256,11.43247931220608,startup,commerce_gestion,0,0,0,0,0,1,1,1,0,1,1,0,1,0,0,0,0,1,CAA,synthetic_corpus_v2,syn_b158148d3d4a,synthetic
4.575415694634961,3.5668933963502196,6.6007125923506225,2.6695717435937567,2.827717811337523,8.805581895712768,3.839497255326996,4.472329313185279,7.438095540150378,7.932461748394356,14.8086523732523,remote,gestion_projet_si,0,1,0,1,0,0,0,1,0,1,0,0,1,1,0,0,0,1,EMP,synthetic_corpus_v2,syn_f0023b4ff0d8,synthetic
5.379123888237579,4.978635640997261,3.715964759460184,10.0,1.9057459596648174,6.488245660645074,2.183876057501171,1.2963466479662975,5.349756945239296,5.264475922411707,10.298971581749438,startup,developpement_logiciel,0,1,1,1,1,0,0,0,1,0,0,0,0,0,0,0,0,0,IMTICIA,synthetic_corpus_v2,syn_4f518ae8ac83,synthetic
6.562645331223533,2.7909298269116984,5.644251508620598,3.024973056410782,1.4996515812525686,4.80323320013636,7.392194755184479,9.900190241518018,4.141361924090923,4.309913468152241,13.328036123272065,terrain,agroalimentaire,0,0,0,0,1,0,1,0,0,0,0,0,0,1,0,1,1,0,IAA,synthetic_corpus_v2,syn_178d5f0a9b7d,synthetic
6.074005857240493,4.492109639249272,4.891489134486968,2.242558016887349,3.1146467322150198,9.136803098774337,3.7530823128162965,3.725368858451038,8.9123718038938,6.258276790400025,12.468256103066418,remote,commerce_gestion,0,0,0,0,0,0,0,0,0,1,0,0,1,0,1,0,0,1,EMP,synthetic_corpus_v2,syn_7394f19a66a8,synthetic
5.916362191491667,1.4980740526946748,4.781793045610057,4.976506474413289,2.446219624974448,3.374793478719872,4.001865338400371,9.474941952690767,4.628265130987778,4.341544377221974,11.550988288486504,terrain,agriculture_elevage,1,0,0,0,0,0,1,0,1,0,0,0,0,1,1,1,0,0,CAA,synthetic_corpus_v2,syn_73e327c7ccff,synthetic
3.676852780312819,1.109930828923384,3.6713399253417696,5.649517485811541,1.9923544181165982,5.472347281733439,4.707078394217712,6.186110811584179,7.98658819713131,5.169451075263081,14.460490740832721,terrain,tourisme_hotellerie,0,1,0,1,1,0,0,0,0,0,1,1,1,0,1,1,1,0,TEE,synthetic_corpus_v2,syn_c559b85422ea,synthetic
7.877971992426483,5.065708388299158,9.761003632001326,3.0315012569969086,2.190317470405904,5.697093512860838,2.1772108294082626,2.8965841908326837,2.1283393951623437,3.63567304453096,13.305604183747377,labo,recherche_appliquee,1,1,1,0,0,0,0,1,0,1,0,1,1,0,1,0,0,0,ISAIA,synthetic_corpus_v2,syn_22b0cfec3c35,synthetic
7.4648946089676205,8.184679311329921,5.447882713217131,4.256597675335715,4.092289110928707,7.661757789541528,3.753101001946701,3.263088937187314,5.4223801707702,4.405994993429387,10.745558153032427,remote,developpement_logiciel,1,1,0,1,0,0,1,1,0,0,1,0,0,1,0,1,0,0,IGGLIA,synthetic_corpus_v2,syn_697911d14dd9,synthetic
5.0073580800412385,6.7432966180532885,4.636075126815921,8.248802924773143,2.1060298956808348,7.262918254782647,3.2224070074479743,1.3774133750778903,6.528544730089344,3.937311093434984,13.423003673243304,startup,multimedia_ux,0,1,1,1,0,0,1,0,1,0,1,0,0,1,1,0,1,0,IMTICIA,synthetic_corpus_v2,syn_e0c4caa2cbc8,synthetic
6.775254549919132,3.266511455517147,4.183212017252153,1.487857178573816,4.0022185919160815,5.828831403398852,8.880881911185046,9.385104179606582,3.437891116021422,2.0803737935828477,14.32555147106661,startup,industrie_automatisme,0,0,0,0,0,1,1,1,1,0,0,0,1,0,0,0,1,0,ICMP,synthetic_corpus_v2,syn_2e18c231e004,synthetic
2.4074586183087128,3.6461872531699786,2.6377218733928274,4.517817205232786,1.9093439699802603,5.031034720555173,2.507652858566154,7.564155303793676,10.0,4.911227803766953,9.83146368111874,terrain,tourisme_hotellerie,0,0,0,0,1,1,1,0,1,1,0,0,0,0,1,0,0,1,TEE,synthetic_corpus_v2,syn_a24548cbec12,synthetic
9.891366015118901,6.169882355097617,3.395603410976423,4.626563056852179,6.160825898799708,4.5113382053834075,8.638412633755529,2.5081072273135145,3.8534927212121612,3.075903783306615,11.390027718970156,terrain,industrie_automatisme,0,1,0,1,1,1,1,1,0,0,1,1,0,1,0,0,1,0,EMII,synthetic_corpus_v2,syn_2a4595e0cad8,synthetic
5.926951445097943,0.0,6.221809689562547,3.095320194614191,1.0845774388194451,5.9769994821141035,5.217205868735916,9.14900991313516,2.1790312756804013,3.1394196526530758,11.528854915870918,terrain,agroalimentaire,0,0,0,0,1,1,1,0,0,0,1,0,0,0,1,0,0,0,IAA,synthetic_corpus_v2,syn_9dad58e32c9d,synthetic
5.991406109735102,2.5470473449175755,2.9494989467603943,1.9760796797901214,2.8249951742826576,7.187343859589287,1.5423834467329152,3.507549959338511,4.43629054174847,6.072157737210361,13.683687231278883,remote,commerce_gestion,0,1,0,0,1,1,0,0,1,1,0,0,0,0,0,0,0,1,CAA,synthetic_corpus_v2,syn_c7f9575c5c5e,synthetic
6.4844435660026924,6.51571374776544,4.010052949331756,0.9862799887863467,8.322405051356998,6.800095969835546,8.566044207838573,1.924373483357801,4.421091150512775,6.017002702288069,13.2983718233425,labo,electronique_embarque,1,0,0,0,0,1,1,0,0,0,0,0,0,0,1,1,0,0,ESIIA,synthetic_corpus_v2,syn_943cab24e87c,synthetic
7.076415840939421,4.818801711385662,7.362450363329507,4.549910018126258,2.9885670334504724,7.01163483644645,3.4852534604192087,2.7469017262052726,4.901488238291577,3.7503983780217016,11.60227158422163,bureau,data_science,0,0,1,0,1,0,0,1,0,1,1,0,1,0,0,0,0,0,ISAIA,synthetic_corpus_v2,syn_1bf2bb696afd,synthetic
6.40390874888573,5.262202022383219,6.689194989735179,1.8897863340971541,0.24667637772506157,7.078209263211326,0.774370278620119,3.8771065101605746,5.489851109444433,7.57861695633585,14.219647701101781,labo,finance_compta,1,0,1,0,1,1,0,0,0,1,0,0,0,0,1,0,1,0,FIC,synthetic_corpus_v2,syn_e5cb6768c6b4,synthetic
8.22294282068803,2.879214656650709,5.533123633151741,3.275624095977488,0.1291106569500493,7.035543887207036,2.5659992412727646,0.0,5.693156663485149,10.0,11.083555065886436,bureau,finance_compta,1,1,1,0,0,1,1,1,1,1,0,1,0,0,0,0,1,1,FIC,synthetic_corpus_v2,syn_ec08d71af873,synthetic
5.923892962387702,3.6208425691845694,4.858110388040311,4.305774294101781,3.081633283424508,4.29364098623254,6.55165739756576,9.128062819999112,3.40919831794226,2.4305979313926387,11.836063338962939,labo,industrie_automatisme,0,0,1,1,0,0,1,0,1,0,1,0,0,0,0,1,0,0,ICMP,synthetic_corpus_v2,syn_beb030b0c0c1,synthetic
4.917408184405533,6.360849508781149,5.960345027210894,8.862646343743508,3.000411165983789,7.117619180714923,4.170014030591567,1.624096561496566,7.001458276831572,5.627542769508754,15.164983036942713,remote,multimedia_ux,0,1,0,0,1,0,0,1,1,0,1,0,1,0,1,1,0,1,IMTICIA,synthetic_corpus_v2,syn_2d557b17377f,synthetic
4.668078881296292,2.0485344452174123,3.3491733640792787,5.522648865555762,0.30733340570600864,8.350994581234668,1.0260409578437204,1.252720036462196,7.90166929103149,9.558509732924735,10.532899916668809,bureau,droit_affaires,1,1,0,0,0,1,0,0,1,0,0,1,1,1,0,1,0,1,DTJA,synthetic_corpus_v2,syn_7319a581d2c4,synthetic
6.023528945127619,6.727340758284626,5.458517138522073,4.146540961194365,8.931126900395737,4.88523820590484,7.577765342431719,1.5221623268363522,4.1941805862776915,4.458730531018547,14.901742190643438,bureau,electronique_embarque,0,0,0,1,1,1,1,1,0,0,0,1,0,0,1,1,0,1,ESIIA,synthetic_corpus_v2,syn_2ace66ca85fa,synthetic
5.221039833435755,3.5560888181012733,4.08175535768301,6.182887827127027,3.443069185707203,5.417040233695552,2.036287715623181,7.1778133069544445,7.521398128181026,5.317176096063741,10.942978261919933,bureau,tourisme_hotellerie,0,0,1,1,0,0,0,0,1,0,0,0,0,0,1,0,0,0,IAA,synthetic_corpus_v2,syn_2d5f0c91bbf7,synthetic
5.109922668346816,7.1270945383476985,6.008462363635032,3.3029243822093743,6.51510465566114,2.3954812646819077,7.44359429586498,4.758820608034435,3.3539384271817,3.726569014644952,12.034034658985915,bureau,electronique_embarque,1,0,0,1,0,0,1,1,0,1,1,0,1,0,1,0,0,0,ESIIA,synthetic_corpus_v2,syn_9a7420ec1baa,synthetic
7.574931535602184,8.598356121948783,7.773695672717837,4.677607257132196,2.9512200134622075,4.267088244315185,1.6389857791433853,2.1815657528003793,2.6220851300148826,4.768861476722,13.834975388097144,atelier,gestion_projet_si,1,1,0,1,1,0,1,1,0,0,1,0,0,1,0,0,1,1,EMP,synthetic_corpus_v2,syn_34929c2dd3bb,synthetic
8.476421843229106,2.4579534783444648,4.33677405213899,5.511168094232132,2.309006496668184,5.585545355200986,8.726105469342084,3.6984409923386297,4.84536434079034,4.528755757941812,12.317913845100968,chantier,genie_civil_archi,1,1,0,0,1,0,1,1,0,0,1,0,1,0,1,1,0,0,GCA,synthetic_corpus_v2,syn_522284420a32,synthetic
5.93313566425009,3.647928396760742,3.6905665053611987,8.876014345047764,2.33088257221305,4.962919171363254,7.011812844980498,1.9396215742888134,4.408584672279431,4.435071059824564,14.58643174941559,chantier,genie_civil_archi,0,1,0,0,1,0,1,0,0,1,0,0,1,1,1,0,1,0,GCA,synthetic_corpus_v2,syn_9d82ed717b79,synthetic
7.167214417590368,5.221503341014,4.45136709884479,6.218204885104501,2.9734029353699682,5.172267954625128,8.173792913900106,4.599674110886904,3.6347480441533517,3.751945161752155,13.146904533637008,chantier,genie_civil_archi,1,0,1,1,0,1,1,0,0,0,0,0,1,0,1,0,0,0,GCA,synthetic_corpus_v2,syn_98b86fd44af8,synthetic
7.358751228726146,4.841229544129151,7.516041376557231,2.709985173371145,6.235943433499564,5.251455724699298,6.197916866110045,7.6426832218079825,4.923123978312991,4.515948730163416,12.280575025742998,atelier,chimie_procedes,0,1,1,0,1,0,1,1,1,0,0,1,1,0,0,0,0,0,DTJA,synthetic_corpus_v2,syn_3682559c96d0,synthetic
3.55940622261405,3.928280384653837,5.670256116739739,3.786806447533216,2.451935506698822,7.7843491520605195,2.988899904101781,5.723292188765455,7.843676770721021,5.002126056678591,11.511245588265766,terrain,tourisme_hotellerie,1,0,1,0,0,1,0,1,0,0,1,0,0,0,0,0,1,0,TEH,synthetic_corpus_v2,syn_c3dd961026d2,synthetic
6.207246707915791,5.334549641984211,3.914830243000597,8.334497588675134,2.215845015978018,3.946664792983725,7.949051762650037,2.1740214621445717,4.280888920478612,6.087967718223698,12.249942151972805,chantier,genie_civil_archi,1,1,0,0,1,0,1,1,1,0,0,1,0,0,1,1,0,1,GCA,synthetic_corpus_v2,syn_08175a2a64ff,synthetic
6.017850392855814,2.530242678728941,2.2990603542035135,6.424107100717118,3.8189148656386482,3.9022566376758228,7.948482695254363,2.0513784974532205,3.8490577260042804,2.803026753532309,14.935009561721726,bureau,genie_civil_archi,0,1,1,0,1,1,1,0,0,0,1,0,0,1,0,0,1,1,GCA,synthetic_corpus_v2,syn_497510abf78a,synthetic
8.31343801712509,4.0110597818575355,2.4831244794955074,3.308910588342703,4.1637760877222005,2.9829685967700827,9.508561604534112,8.088206659698736,3.4800899618003087,2.6209869155876304,12.788410645283944,terrain,industrie_automatisme,0,0,0,0,1,1,0,0,0,0,0,0,0,1,1,0,0,1,EMP,synthetic_corpus_v2,syn_118c6f084865,synthetic
6.007517090188951,8.235814768318052,6.238345748886216,2.878423647427671,2.8198886936288634,7.0768629776473855,3.9039067943674555,2.068652596960738,3.740588217324494,7.032274426340826,13.559910214398162,bureau,droit_affaires,0,1,1,0,1,1,0,1,0,1,0,0,0,0,1,1,1,1,IGGLIA,synthetic_corpus_v2,syn_500b6339df5f,synthetic
6.043959253449464,5.443096835385765,2.67863704151566,3.40935860531906,1.454228350880634,7.291246008323562,0.6640237750012075,3.818805067910051,6.737300195774118,5.7693579163431306,11.587748162494488,startup,commerce_gestion,0,0,0,0,0,1,0,1,0,1,0,1,0,1,1,0,0,0,EMP,synthetic_corpus_v2,syn_5dbd9570fa05,synthetic
7.932332667186107,7.417165615596381,5.716038833996837,9.035628766865743,2.9322594263008237,8.704901961646183,4.458599838095668,2.1151040082892956,5.673571480647139,3.7663898588455407,11.688760722129818,startup,developpement_logiciel,1,1,1,0,0,1,1,0,1,0,1,0,1,0,0,0,0,1,IMTICIA,synthetic_corpus_v2,syn_4d4c582e6637,synthetic
6.898374786549136,2.1453495403292715,4.133249624489272,4.2966700568331975,2.3034007548282447,9.73609734283948,1.435876489345948,2.3890775799604134,4.954030309500774,7.4066809127616775,10.83195276285723,remote,commerce_gestion,0,0,1,0,0,0,0,0,1,1,0,0,0,1,0,0,1,1,EMP,synthetic_corpus_v2,syn_c22604bf3a1c,synthetic
5.0841052374944775,9.290947362026941,7.781106583073286,4.303446666703114,2.498942428950026,6.164264938836328,3.0497016078816386,4.0198896060652505,5.117071240483364,3.5155591358152307,14.04351900528776,remote,gestion_projet_si,1,0,0,0,0,1,0,0,0,0,0,0,0,0,1,1,0,0,IGGLIA,synthetic_corpus_v2,syn_90352cf59ec4,synthetic
4.556205407629613,2.204621660191593,6.0982917992677805,4.7032791869663635,1.3185547598559548,6.361510704403227,2.768389344107162,5.010145082065958,7.969354868689562,5.025446536393167,13.035548537730989,bureau,commerce_gestion,0,0,1,1,0,0,1,0,1,0,1,0,0,0,1,1,1,1,TEH,synthetic_corpus_v2,syn_d50aed8530a8,synthetic
6.5310345679183,2.481837018043662,4.678800158894592,2.895591677588735,5.50331768307778,3.853287863048203,6.297309347574346,7.906269378044163,3.8976000423165322,1.5886010768270888,11.654864072009229,labo,gestion_projet_si,0,0,0,1,1,1,0,0,0,0,0,0,1,1,0,0,1,0,ICMP,synthetic_corpus_v2,syn_7483d22b907c,synthetic
6.960285242974829,4.847327758084532,3.831483004715877,5.770534117216486,3.524818497827213,5.06864755115515,6.250915199108712,7.195437478696292,4.181279731939533,2.1624980151961815,14.826814820372613,labo,recherche_appliquee,0,0,1,1,1,1,1,1,0,0,0,0,0,1,1,1,0,1,PIP,synthetic_corpus_v2,syn_784af02f7406,synthetic
8.253294776146362,5.115694740308356,1.8110141710785603,5.090100790159852,4.02374578303178,4.672049939165316,9.66490275652169,4.028629445239981,5.394261433346528,5.300918760665719,11.646559679673135,chantier,genie_civil_archi,0,0,0,0,0,0,0,1,0,1,1,0,1,0,1,0,0,0,GCA,synthetic_corpus_v2,syn_b79b9384bccf,synthetic
7.962253840051455,7.671831971915179,4.03862322835994,4.332970799190191,3.034878069127391,9.709226733109574,2.8506083638583872,3.649980970582411,4.9776539787218885,3.2306642884507246,14.277703432346204,startup,developpement_logiciel,0,0,0,0,0,0,0,1,0,0,1,0,1,1,0,0,0,0,IGGLIA,synthetic_corpus_v2,syn_970b372a53ed,synthetic
5.288615324408759,0.7029158668634914,4.5303615051105295,2.9439119640848084,2.382985088978956,2.2025583772553685,5.347662075337015,8.150455891591973,7.582032669077551,2.865080514904381,11.45925431108887,labo,agriculture_elevage,1,1,1,0,0,0,1,0,1,0,0,0,1,0,1,1,1,0,AEE,synthetic_corpus_v2,syn_4c17d30769be,synthetic
7.7754373888942805,2.4670045171377306,5.3075692428255845,1.3660654689919625,2.1727144422272473,7.733523588363265,1.5632273754372172,3.6084916332323163,6.3128942981320115,8.989767625186392,12.838129484929462,startup,commerce_gestion,1,1,1,1,0,1,1,0,0,1,0,1,1,0,0,1,0,0,EMP,synthetic_corpus_v2,syn_acc6131391d7,synthetic
6.992622129912208,3.771926710511207,2.1580143775220777,1.8428716790215827,3.92062532020607,4.433634843525203,4.845517776507296,8.930923883014882,5.08038307217347,4.532816796238599,14.90667951915012,atelier,agroalimentaire,0,0,0,0,0,1,0,0,0,1,0,0,0,1,0,0,0,0,IAA,synthetic_corpus_v2,syn_76d91c064284,synthetic
8.468122221725528,2.4804753121523833,5.288397806138949,2.320022622034394,3.439410337765045,5.6859584260469,6.763006561413315,5.274822333532071,4.526156373164539,3.4667158577433947,14.039697852130999,labo,industrie_automatisme,0,0,0,0,0,0,0,1,0,0,0,0,1,1,1,0,1,0,ICMP,synthetic_corpus_v2,syn_f28dc063bafa,synthetic
4.166333736908685,3.7058933472042357,4.584293730366721,3.5423322802775954,2.7057127542264174,7.057041891608418,1.282943026189999,4.447161909182178,6.005254027304309,9.222801163763226,16.760902727636633,startup,commerce_gestion,0,0,0,0,0,0,0,0,0,0,1,1,0,0,0,1,0,1,EMP,synthetic_corpus_v2,syn_9e7f07b252d3,synthetic
4.654375047220374,3.5838303249449783,4.233333248220184,5.249942695017049,0.8358446304795011,3.6804187888967634,1.799467096586811,7.123870746770111,3.7408456507722914,5.257923772435367,14.068671799496874,labo,agriculture_elevage,1,1,0,0,0,0,1,0,0,1,0,0,0,0,0,0,0,0,AEE,synthetic_corpus_v2,syn_25bbb5b86b03,synthetic
6.783654447869604,3.146632734238984,4.982100821780006,3.029683970193004,3.6085057258021562,8.882938317132389,4.166992100209572,3.070934673219546,6.781808943142009,7.091250815981659,13.236688625703696,bureau,gestion_projet_si,0,1,1,0,0,1,0,0,0,1,1,1,0,0,0,1,0,1,TEE,synthetic_corpus_v2,syn_70358e7ea3c2,synthetic
6.731011855941989,5.682429782434515,9.193356375852709,2.5195244490241073,0.6696011656103638,4.851962930223944,4.913415168221301,3.279653439496927,4.983336662756301,5.648066905505231,16.374418590646556,remote,recherche_appliquee,0,0,1,0,0,0,0,1,1,1,1,0,1,1,1,0,0,1,ISAIA,synthetic_corpus_v2,syn_b08caea5e19b,synthetic
9.024539309741733,2.5221974620067593,5.61534785565603,3.3597388642785297,1.8975000419350925,6.561774195329848,1.8771783299142024,3.3457213402577977,4.415713555264949,7.134929359936878,12.407615583302139,bureau,finance_compta,0,0,0,0,0,1,1,1,0,1,0,0,1,1,0,0,0,0,FIC,synthetic_corpus_v2,syn_4b7ed655b569,synthetic
8.04401817596944,4.292591072504053,6.479882567676112,1.201129476951528,2.90091970074585,8.823698457727197,2.847606330387732,5.082924869821934,5.3204843127272605,8.12240859675563,13.810009999178497,bureau,finance_compta,0,0,1,0,0,1,0,0,1,1,0,0,1,0,0,0,0,1,FIC,synthetic_corpus_v2,syn_01426f60900e,synthetic
5.825901477015265,2.7242672795987226,4.770300266004482,6.150300616828622,1.881540729929524,6.5146468667423285,3.846766707969042,3.001350308998874,8.53390295799329,7.182218390115459,10.670779827287108,startup,commerce_gestion,0,0,0,1,1,1,1,0,1,0,1,0,0,0,0,1,1,0,TEH,synthetic_corpus_v2,syn_4db6733e60e1,synthetic
7.037489612375019,7.070237269926196,2.811758095639827,4.479629083898044,7.277170064662634,4.786386427922709,8.587644641997034,3.929347914751054,5.317205109870106,2.7425308590564628,13.764767092405343,terrain,industrie_automatisme,0,1,1,0,0,1,0,0,1,1,1,0,1,0,0,0,1,0,EMII,synthetic_corpus_v2,syn_0ea0ff8479be,synthetic
7.701716052754238,4.746933175292655,4.8883689936146695,3.209856433292316,4.60955187214889,4.43097456986813,6.902450528934046,8.415037284099952,6.298741213160275,4.685621726253238,14.804301231677426,terrain,industrie_automatisme,0,1,1,1,1,0,1,0,0,0,0,0,1,1,0,1,0,1,ICMP,synthetic_corpus_v2,syn_43d3683b6658,synthetic
6.591811280801137,2.462437996430413,6.948210210695704,0.7262185171565614,2.2649577625157815,7.244107519032591,6.210832895414407,7.854846706621678,3.6454615936753383,3.305744222949936,13.587582543613987,labo,electronique_embarque,0,0,0,1,0,1,1,0,0,1,0,0,0,1,0,0,0,0,IAA,synthetic_corpus_v2,syn_e02d8697636f,synthetic
7.612358203457255,6.741984389041459,4.189151751509352,8.022000406168933,2.789998233567369,6.311576462187432,8.871788780516155,3.108248284550334,5.414299993988003,5.585407888525312,13.285168021400887,bureau,genie_civil_archi,1,0,1,1,1,1,0,0,1,1,0,0,1,1,0,0,1,0,GCA,synthetic_corpus_v2,syn_05ce5526e3cd,synthetic
5.3982158355174015,1.4147917829638725,6.328603119135764,3.7424173727809387,3.5131492860552305,6.414736096060983,0.0,1.039599707872588,9.423793138897153,7.818918713690273,15.457138090073874,bureau,droit_affaires,0,1,1,0,0,0,0,1,0,1,1,0,1,0,0,1,1,1,DTJA,synthetic_corpus_v2,syn_d473e2052979,synthetic
9.27216626737316,3.773491019718004,5.2982937462567605,2.6296204913574392,2.5910219678372006,4.0206436336868965,8.128682591146834,7.978797778200996,6.234216249810489,4.5716376832049725,12.609042967717158,labo,industrie_automatisme,1,0,0,0,0,0,1,1,0,0,0,1,1,1,0,1,0,0,ICMP,synthetic_corpus_v2,syn_e0add74a4b3d,synthetic
5.488092469668977,6.260032302280543,3.751047432516086,8.710795724108397,2.874861112339661,6.476749575377284,2.1245337884523696,2.127218270522445,6.23765631537963,2.7217303937768498,10.574439930265008,remote,developpement_logiciel,0,1,1,1,1,1,0,0,1,0,1,0,0,1,1,0,0,0,IMTICIA,synthetic_corpus_v2,syn_94fa48a0937b,synthetic
5.893880019233633,3.089276869069581,5.7388372907423575,3.600665848607277,0.15360208639109607,7.62234496662721,2.697977769649778,1.2688861787526142,7.449171729497396,6.209901522374093,14.22094725196296,bureau,droit_affaires,0,0,0,0,0,0,0,1,0,1,0,0,0,1,1,1,0,1,DTJA,synthetic_corpus_v2,syn_93be824540ae,synthetic
6.679839827276441,6.058045767632667,4.251972732093189,1.4623600589742969,10.0,6.9251060969952185,6.267663936980564,1.7768561182648366,2.7020220728457964,4.068791020293362,11.477334443579409,atelier,industrie_automatisme,0,1,0,1,1,0,0,1,0,1,1,0,1,0,1,1,0,0,ESIIA,synthetic_corpus_v2,syn_a4dc2c8f3d65,synthetic
6.296012569436042,6.353476612281705,4.75020951810723,4.23972103645457,7.7944734004927,4.466378687067801,6.942505867705998,1.4068185601506338,4.727962802525973,3.502676324233862,12.099813669260996,labo,recherche_appliquee,1,1,0,1,0,0,0,1,0,1,1,0,0,0,0,0,0,0,EMP,synthetic_corpus_v2,syn_45f171e90454,synthetic
5.557974453745029,2.9528118404738386,3.926242278009295,4.589011500043545,1.5257488627470455,9.285180174357501,1.7756611254603831,2.0229860632161234,7.2119431972969545,5.51463880019009,14.480925877737832,startup,gestion_projet_si,1,0,1,0,0,1,1,0,0,1,0,0,1,0,0,0,0,1,GCA,synthetic_corpus_v2,syn_3f638dc8a1c3,synthetic
4.090587120063698,3.5684781945720863,5.344420168848733,1.8247101469204476,0.0,6.035712380407675,2.2406394393286617,2.805396691619709,6.5842886674447545,6.879980625943022,11.638313409892696,bureau,droit_affaires,1,0,0,0,0,1,0,0,1,1,0,1,0,0,0,0,0,1,DTJA,synthetic_corpus_v2,syn_66546814ba7d,synthetic
6.1750194367402145,2.846880740575793,6.321054712194765,2.001289048482506,2.6855288286378003,4.5063530752966265,5.17504667781017,9.901017195818312,5.551326968045961,3.3744527055702767,11.440995720509314,terrain,pharmacie,1,0,0,0,0,0,1,0,0,0,1,1,1,1,0,0,1,1,PIP,synthetic_corpus_v2,syn_ea0a4ee3e809,synthetic
7.015955547360578,7.0314644781576,4.84345707902265,9.986383405093989,1.5878360784167571,5.5483732134762525,2.7239890361434,1.9846225584417505,5.315162627015079,3.689663297250076,13.577455441560664,bureau,developpement_logiciel,0,1,0,0,1,1,1,0,0,0,1,0,0,0,1,0,1,0,IMTICIA,synthetic_corpus_v2,syn_23958287f306,synthetic
5.737718740631701,10.0,5.693996327209427,4.680504345614852,1.5469065358790828,7.975200427922769,4.963985696920847,1.426485736096194,3.8733044667149805,4.146953669970669,11.768676886298634,bureau,gestion_projet_si,1,0,0,1,0,1,0,1,0,0,0,0,1,0,0,0,1,1,IGGLIA,synthetic_corpus_v2,syn_84e20535dee5,synthetic
5.662732005401785,3.2425937993559235,4.233750128085704,6.37002142450052,0.9004636771380452,6.856035085317587,4.333221629024703,8.299637125963777,6.855252974213024,3.96058753891774,11.284765827449936,terrain,tourisme_hotellerie,0,0,0,1,0,1,0,0,0,1,1,0,1,0,0,0,0,0,TEE,synthetic_corpus_v2,syn_727174b53e7f,synthetic
6.424756467033471,6.173521789452338,5.983063140651805,4.311140064464524,8.553057327124275,4.202324855466002,6.151277292139437,2.641692157894883,3.530021177626036,3.0943847414327976,15.127322215823485,atelier,recherche_appliquee,1,1,0,1,1,1,1,1,1,1,0,0,0,1,0,1,0,0,ESIIA,synthetic_corpus_v2,syn_9f1acd70831b,synthetic
6.580958801238543,4.979865302620247,6.382738074337682,3.107571474743487,10.0,4.991639743578959,5.947618697186744,2.721526952259402,2.9238415077257622,4.516546894836821,13.129305665543573,bureau,electronique_embarque,1,0,0,0,0,1,0,0,0,0,0,1,0,0,0,0,0,1,ESIIA,synthetic_corpus_v2,syn_cbbd898a578d,synthetic
9.815424568773675,5.116885297508171,7.624747786101656,3.1537979130657656,0.334299877087322,5.396122225442815,5.09299837750036,3.6840787123412175,5.0750997083508524,5.728184193842633,13.849648084316641,labo,recherche_appliquee,0,0,0,0,0,1,1,0,0,0,0,0,1,0,0,0,1,1,ISAIA,synthetic_corpus_v2,syn_be2ad76d413b,synthetic
8.809758236298602,4.567061601020012,5.038738129067446,5.870646943597949,3.4535248478342884,4.626275405780404,7.119566117840858,3.4309892156407247,3.3321978399761383,4.907049469702544,13.422342932610135,bureau,developpement_logiciel,0,0,1,0,1,0,0,1,0,0,0,0,0,0,1,1,0,0,FIC,synthetic_corpus_v2,syn_de1e0ce9f4a3,synthetic
8.57562232614728,1.9102515503492503,6.378647495905228,1.545204268787045,4.23825576628609,4.64054418308933,5.851556971158745,8.569899106154867,4.501924202595051,4.096127855248636,16.712761554518657,bureau,agriculture_elevage,0,1,0,0,0,1,1,0,0,1,0,0,0,0,0,0,0,1,PIP,synthetic_corpus_v2,syn_674ff471fb11,synthetic
7.174445495059978,4.367503057500999,5.468961230806578,3.1137264172899695,3.5013806938109227,3.8409459033090627,4.506533291369939,8.102987393850716,4.483684866085065,2.7175911335645013,11.726036717825405,labo,agroalimentaire,1,0,0,1,1,1,1,0,0,0,0,0,1,1,0,0,0,0,IAA,synthetic_corpus_v2,syn_1436da2fcf4b,synthetic
8.076252274726473,3.3960616398467667,7.65043596924336,3.099989831628578,2.13355686803363,7.085752277836255,1.9440145502704198,4.44965099574064,5.256222262822116,6.153068966557526,18.773089591446496,bureau,finance_compta,1,0,0,0,1,1,0,1,0,1,1,0,0,0,0,0,1,0,FIC,synthetic_corpus_v2,syn_51126a4b1070,synthetic
4.868132417179409,4.418837121852639,4.048168970541448,2.7018736652850244,7.588066302859856,2.7810338740170932,7.786649195801152,1.4526402275742574,1.1157409160416272,1.3701252759535898,12.085375408395507,atelier,gestion_projet_si,1,1,0,1,0,0,1,1,0,0,0,1,0,0,1,1,0,0,ESIIA,synthetic_corpus_v2,syn_1ca6a6dd8232,synthetic
7.177825002947912,3.793997766268791,9.797527567771322,4.35894859586356,1.5257830763214448,5.780915743626841,4.050856600674247,1.4496296401446416,3.2393987693113275,4.321141708670893,15.111772904046807,labo,recherche_appliquee,1,0,0,0,0,0,0,1,0,0,1,0,1,0,0,0,0,0,ISAIA,synthetic_corpus_v2,syn_e9fa74225b1f,synthetic
7.159269925448312,4.00437966655879,7.4138077569875565,6.214891480775161,4.659039279702352,5.299365353596786,9.023919126066112,4.216283380103508,4.711168978789438,3.965996791884599,12.689214411818288,terrain,genie_civil_archi,0,0,1,0,1,0,1,0,0,1,0,1,0,0,1,0,0,0,GCA,synthetic_corpus_v2,syn_2e0d81a5e404,synthetic
5.627288410187015,4.799323117604185,3.203888230183019,3.2797221890102275,9.305511265452953,2.830448421012651,8.080379589648276,3.0719229225391196,4.416087577685079,3.8158911162690274,13.323319015794473,bureau,electronique_embarque,1,0,1,1,0,0,0,1,0,0,0,1,0,0,1,1,0,0,ESIIA,synthetic_corpus_v2,syn_1cbeed861b7c,synthetic
4.274098643714881,7.040533568576229,3.315197744026565,7.982440196338447,4.130567687947224,6.750403127273875,3.5785102116046965,1.94824827437794,4.666166897287143,2.564674256199636,14.428413846946007,startup,multimedia_ux,0,1,0,0,1,0,1,1,0,0,1,0,1,0,0,0,0,0,IMTICIA,synthetic_corpus_v2,syn_3bac52eca317,synthetic
8.407251389087564,4.264035611837027,6.913196621471833,3.776959854800684,3.1451518052245615,6.987072980517784,3.903749206464146,3.4634082071691434,4.449700172571172,5.482717908148785,16.640085737603812,labo,recherche_appliquee,0,1,1,0,0,1,0,1,1,1,0,0,0,0,0,0,1,1,ISAIA,synthetic_corpus_v2,syn_99efe029e677,synthetic
5.0578411691610405,6.720087819681828,3.313813070162066,0.9311883847242668,6.980764770524762,3.814771004510845,7.451170999517435,2.412639595103263,2.6034861405273046,3.127382427465934,11.956931425276649,bureau,electronique_embarque,1,0,0,1,0,1,1,1,0,0,0,1,0,1,1,0,0,0,ESIIA,synthetic_corpus_v2,syn_ab01304b1ec6,synthetic
4.724403266387762,4.083551339680235,5.815860568896864,2.755478797798684,2.3655452452763255,10.0,3.336900955931877,0.49853824656618384,7.775201929770885,6.503069600445521,12.82712459296666,bureau,commerce_gestion,0,0,0,1,0,1,1,0,0,0,0,1,0,1,0,0,0,1,CAA,synthetic_corpus_v2,syn_dda6f1a1dcfb,synthetic
6.562197765876042,1.6737290286938713,7.340402466239787,0.651862468373861,1.5945330809777711,6.10344757235369,3.580364234591958,3.978545413979494,6.7102567709864624,7.928508238992767,12.387686941678503,bureau,finance_compta,0,0,1,1,0,1,0,1,1,0,1,0,1,0,0,1,1,0,FIC,synthetic_corpus_v2,syn_6be6bfa3a367,synthetic
4.906512886465955,10.0,4.68454602697286,5.385045077208184,3.132909180328422,7.927418797286598,2.86476815586492,5.352578455341332,3.12138702385941,1.33735299091803,13.890296097449577,startup,gestion_projet_si,1,0,0,1,1,1,0,0,1,0,1,1,0,0,0,0,1,0,IGGLIA,synthetic_corpus_v2,syn_283e40f72440,synthetic
9.459091444271811,4.574413434406281,5.967748877064044,6.406486068519564,2.852156477432614,5.694044820114253,8.518460520543071,3.5177344380946027,7.282081537365262,4.703025673805357,11.819333141338548,bureau,genie_civil_archi,0,0,0,0,0,0,0,0,0,0,1,0,1,1,1,1,1,0,GCA,synthetic_corpus_v2,syn_bb0a6f75b04e,synthetic
6.681707248466525,1.4905809502367646,5.975684186342939,2.807692062750335,3.35164334848772,8.269239367025332,4.67370322043673,8.667173225309384,4.535954971993398,1.1253727712146437,13.917198400980576,labo,agroalimentaire,1,0,0,0,0,0,1,1,0,1,0,1,0,0,0,0,0,0,IAA,synthetic_corpus_v2,syn_c52c106efc1d,synthetic
3.436408735394312,2.7822898434201773,3.5845405584267933,4.099964428431227,2.6343142147457863,6.632325585022174,0.0,3.212442335789157,7.266687280030579,8.971826837571369,12.794930351682977,bureau,droit_affaires,1,0,1,0,0,1,0,0,0,0,0,1,1,0,1,0,0,1,DTJA,synthetic_corpus_v2,syn_788a7faf8a12,synthetic
7.245714780096094,1.5007097576415735,2.897851414366795,2.73705745990009,3.3617422922960003,6.541067205127659,5.173814699912753,5.799187612146483,3.3348116386221536,1.988392651425916,10.172209132788826,terrain,agroalimentaire,0,0,0,1,0,0,0,0,1,0,0,1,0,1,1,0,0,0,IAA,synthetic_corpus_v2,syn_c3d653e70fad,synthetic
3.863051937362276,4.615576422623847,3.1635814272829754,0.15854257918216552,4.314797272188859,5.743537586007182,6.514613599036855,7.663567273890432,6.1142832579586415,2.359181455973155,11.527849792996543,terrain,industrie_automatisme,0,0,0,0,0,0,1,0,0,0,0,0,1,0,0,1,0,1,ICMP,synthetic_corpus_v2,syn_e0cde6ca5dc9,synthetic
3.7222200638198153,4.442980768312932,6.008903288833009,1.8523322664510262,2.1301311899871647,3.510718001114536,3.90771000469765,6.623396533959779,2.3638509259596714,1.995319261364773,14.055258138219385,terrain,agriculture_elevage,0,0,0,1,0,0,1,0,0,0,0,0,0,0,0,1,0,0,AEE,synthetic_corpus_v2,syn_8d53b3e187a5,synthetic
6.958338743677249,8.395353974461692,3.624518025248591,8.269337011223794,2.1664629735825063,4.45390922542657,0.0,4.52660081700877,5.195603382828354,2.9646699808203936,16.655232757137373,startup,multimedia_ux,0,0,0,0,1,1,0,0,1,0,1,0,0,0,1,0,0,0,IMTICIA,synthetic_corpus_v2,syn_f4665ff0a154,synthetic
7.825184113254973,6.093929599182104,4.456936016539907,4.074609918793694,9.140828135921229,5.396571446502633,8.945467411910952,2.7401349054543567,4.090023350115869,1.3604852285897622,11.21565711758145,atelier,electronique_embarque,0,1,0,0,0,1,0,0,1,0,0,1,0,0,1,0,0,0,EMII,synthetic_corpus_v2,syn_e688f95ab5c9,synthetic
6.5390894473204355,5.975914139191227,3.3274095619492146,1.6349207205488712,8.616323938348064,4.078623986531528,7.98244922754368,1.6731587163593957,4.204245997666482,4.615915069943369,13.650722968956522,labo,recherche_appliquee,1,1,1,1,0,0,1,0,0,0,0,1,0,0,0,0,0,0,ESIIA,synthetic_corpus_v2,syn_285b42ee679c,synthetic
6.940594669880734,2.096259760415413,3.498122359771374,2.1513049227063714,4.025972750148397,5.102822430907151,7.523198207134835,6.508203973468644,3.7635702815092658,5.224479979651792,15.420863692645208,atelier,industrie_automatisme,0,1,1,0,0,0,1,0,0,0,0,1,1,1,0,0,0,1,ICMP,synthetic_corpus_v2,syn_ddcda44d6c34,synthetic
5.352349069773526,4.741508442312708,5.912078559456365,4.839697763310988,7.507173987649104,4.034000763560403,8.63978971743718,5.462395347212656,3.67786687189554,3.0041474331275833,11.4206578522623,terrain,electronique_embarque,1,0,0,1,0,0,1,0,0,0,1,1,1,1,1,0,0,1,EMII,synthetic_corpus_v2,syn_ed7ca73be796,synthetic
4.392770695470704,6.620828168014433,2.7069171140215835,7.040213744528417,0.7156748723927739,6.674659616427514,2.6065662621760746,2.7651504975778054,6.628197104927308,4.470168240223682,15.508028946130235,remote,developpement_logiciel,0,1,0,1,1,0,0,1,1,1,1,0,0,0,0,0,0,1,IMTICIA,synthetic_corpus_v2,syn_37150b36bddc,synthetic
4.165356947336054,1.8005347425245402,2.79209111240692,4.586385350218666,0.0,6.565210890830134,3.0590642385182325,0.0,8.213926565156182,7.955274496484813,13.039962708512105,bureau,droit_affaires,0,0,1,0,1,1,1,0,0,1,0,0,0,0,0,1,0,1,ICMP,synthetic_corpus_v2,syn_5e99a5fdadb8,synthetic
7.008671590610054,7.241916937224782,7.521626263088612,2.294277387693442,2.923569518368256,4.453037797981984,4.456021290680257,3.6841356468874498,3.9359175240957276,4.645531161970612,13.27200998370123,startup,data_science,1,0,1,0,0,0,0,0,1,1,1,0,0,0,1,0,1,1,ISAIA,synthetic_corpus_v2,syn_e153a4df0320,synthetic
3.111082065969807,5.909098424472468,4.930142973210678,8.895187225686028,3.5332213881382706,5.894539434668535,3.0252180721026547,1.0338443877716825,6.42242833556468,2.1357744524800495,11.952809706894657,bureau,developpement_logiciel,1,1,0,0,1,0,0,0,1,0,1,0,0,1,0,1,0,0,IMTICIA,synthetic_corpus_v2,syn_beb0c08c8dce,synthetic
7.245664681809648,6.699484995261313,3.7487508584556024,2.116507611717602,8.46976100537322,3.5612592687257036,8.4847061051155,1.9950584724566034,5.064497171256693,2.5658669408103627,13.035896154644016,terrain,recherche_appliquee,0,1,0,1,1,0,0,1,0,1,0,1,1,0,0,1,1,1,ESIIA,synthetic_corpus_v2,syn_0c49f9057d08,synthetic
9.58788809653843,4.729152429248606,6.49571886152002,1.847939214779991,3.2689281651758013,3.394201910515448,3.208015121539405,6.450527709489227,4.383507855408388,3.7980747407786755,12.075760948330478,labo,chimie_procedes,0,1,0,0,0,1,0,0,1,0,0,1,1,1,0,1,0,1,ICMP,synthetic_corpus_v2,syn_54d3ab079403,synthetic
9.244583659200808,7.215115477959794,7.148583346699675,3.255684631553873,3.3525898263367617,5.513546589511289,5.00817926325506,3.7816167912535783,5.070915936208452,5.089636260394375,15.025631691227982,labo,commerce_gestion,1,0,0,1,0,0,0,1,0,1,0,0,0,0,0,0,0,0,ISAIA,synthetic_corpus_v2,syn_8a9ce1dcf86f,synthetic
7.703129537576549,3.5964855820393864,4.829658638792116,3.5084757686961363,7.227092712149811,2.4814804357260307,6.714758941429834,6.051150085849629,4.74567282626335,2.6653931730031775,14.43986783028303,terrain,industrie_automatisme,1,0,0,1,1,0,0,0,1,1,1,1,0,1,0,0,1,1,EMII,synthetic_corpus_v2,syn_9b158f851dda,synthetic
6.010931861716685,4.4812115331411,4.406000950183337,7.602749152566835,2.478439424650623,5.34228715504294,3.55588149453735,0.9936071667338571,5.733897220951415,3.026352552849522,13.076235780024097,startup,developpement_logiciel,1,0,0,1,1,1,0,0,0,1,1,0,1,1,0,0,0,1,IMTICIA,synthetic_corpus_v2,syn_baa3ae1ad733,synthetic
3.4161000993924917,1.5425721770813432,4.470557717990129,2.6852703814981336,3.1525926327986826,5.586990104017602,4.833612744269498,10.0,3.3890044079350505,4.588716257531907,15.9776635715603,terrain,agroalimentaire,1,1,0,1,0,0,1,0,0,0,0,0,0,1,1,1,1,0,IAA,synthetic_corpus_v2,syn_4e9c799f7985,synthetic
5.409780373906271,2.367769861750582,4.226699750064154,3.913714063228377,2.3466247535567293,7.836411633312145,5.05920047306103,6.473305929772862,8.915081336246836,4.117398703717624,11.10539464075934,bureau,tourisme_hotellerie,0,1,0,0,0,1,0,1,0,1,0,0,1,0,1,0,1,0,TEE,synthetic_corpus_v2,syn_a3fa4c684b66,synthetic
8.8179140522138,3.6337813367651313,5.00132326854307,8.009022234426414,4.427047155712078,2.138709422451499,8.956879966067024,3.94934376264205,4.185351994078047,3.449776807926501,11.306315298440625,chantier,genie_civil_archi,0,1,0,0,1,0,0,1,0,0,0,0,1,1,1,0,0,1,GCA,synthetic_corpus_v2,syn_65420e99578b,synthetic
6.70900543715383,2.32494039935137,6.969424960568337,3.971648461293155,1.6492839638325236,7.407530250679761,2.0565211606017897,1.6907997148648413,6.4708126556595404,8.032629834319144,12.168189125711258,remote,commerce_gestion,1,1,1,1,1,1,0,0,0,1,0,1,0,0,0,0,1,1,EMP,synthetic_corpus_v2,syn_98afa7998add,synthetic
6.256675589406441,3.451788501252747,3.814237088906213,3.818526729362263,4.3479505048309814,4.650467728899049,4.302887793194515,9.352481040669778,1.0840271799285524,2.3221634053321205,14.010745519220524,terrain,agriculture_elevage,0,0,0,1,0,1,1,0,0,1,0,1,0,0,0,1,1,0,AEE,synthetic_corpus_v2,syn_1ff1818d68d2,synthetic
5.638647038176698,3.2139974215094353,4.689831431560571,3.3301048853090216,3.0977802449347673,6.663436188376435,3.2801798616173747,3.1534702788107603,10.0,4.330068659007644,15.428779948694705,terrain,tourisme_hotellerie,0,0,0,0,0,1,0,0,0,1,1,0,1,0,0,1,0,0,TEH,synthetic_corpus_v2,syn_b88283b761f9,synthetic
4.009554277202964,4.516560589467286,3.991616703187683,2.7232852002647276,1.6034312849933143,8.522026752241045,2.1170595654570925,1.8330706804753611,7.463080123899058,6.402085707721406,12.378409085617829,startup,commerce_gestion,0,1,1,0,0,1,0,0,0,1,0,0,0,1,1,0,0,0,EMP,synthetic_corpus_v2,syn_547366abd278,synthetic
7.391874497755612,2.4520052316261784,5.1121855859627665,1.8425055120215224,2.5246430039630696,4.839111835944954,5.265440150530523,9.971094607489459,5.315025618197372,3.7277862016562286,12.698213087563788,labo,recherche_appliquee,0,0,0,0,1,0,1,0,0,0,1,0,1,0,0,1,0,0,PIP,synthetic_corpus_v2,syn_dc7362a185de,synthetic
6.190558915931823,2.345748771620785,7.061615397704165,4.02284960593338,5.575383080407863,1.3247439325398225,6.031451685397602,6.02887889887513,4.840461818711173,3.1198399676504964,12.136489188850508,labo,recherche_appliquee,0,1,1,1,0,0,1,1,0,0,1,0,1,1,0,1,0,1,PIP,synthetic_corpus_v2,syn_fd6057421e92,synthetic
4.530255418877855,0.6665029970617522,4.865115969992303,2.6465717151163584,2.5754433685768516,6.392678234971481,6.550536271081369,9.273715339807538,4.001279331090478,3.5650635110195803,14.549477329001265,terrain,agroalimentaire,0,0,0,0,1,1,0,0,0,0,0,1,0,1,0,1,0,1,IAA,synthetic_corpus_v2,syn_16d63afc6b1a,synthetic
7.474708706187396,3.7698961082112143,4.940073633977933,3.1317047193834,4.721939725420566,4.453669905531424,9.204089437641713,8.029958343042805,3.6693462716267957,4.992142976909331,9.956090251432578,terrain,industrie_automatisme,0,0,0,0,0,0,0,1,0,0,0,1,1,0,0,0,1,1,ICMP,synthetic_corpus_v2,syn_3ded7c7f452e,synthetic
4.904933121313091,8.073248558520842,5.810847489267689,5.649643401250673,3.9086121786903267,8.11933832192416,2.2727973050358514,2.7241910410335204,3.1568757888011705,6.098499645100921,13.670344917917735,remote,gestion_projet_si,1,0,0,0,0,1,0,1,0,0,0,0,0,0,0,1,1,1,IGGLIA,synthetic_corpus_v2,syn_0a181de25708,synthetic
4.832963433350034,8.576964600598528,6.087338523522096,3.072764731977325,2.485007416251409,7.4142723764540746,4.188357824724233,1.8199319577400903,4.788517496720459,3.487341356172667,13.905726355737556,chantier,gestion_projet_si,1,1,0,0,0,1,1,1,0,0,1,0,0,0,0,0,1,0,IGGLIA,synthetic_corpus_v2,syn_db110447fafa,synthetic
8.98836668571497,1.9175091041546553,6.229017393287401,6.492445763280668,2.8945259286797347,4.7990792705746,7.979935445182167,1.1288084310484776,4.987883156264449,4.245058690471676,12.449028877835367,terrain,genie_civil_archi,0,0,1,0,1,0,0,1,1,1,1,0,1,1,1,0,0,1,GCA,synthetic_corpus_v2,syn_13ff0189c965,synthetic
8.427995698730996,2.3386730256195887,3.499746887791101,5.937271625039747,2.1091907245309995,5.8705329146156044,8.304322090275889,3.5071813291476452,4.50361162668021,3.366552780238299,12.219037939429533,chantier,chimie_procedes,0,1,1,0,1,0,0,1,0,1,1,0,0,0,1,1,0,0,GCA,synthetic_corpus_v2,syn_defcc7693757,synthetic
9.401332974337924,8.26807660562418,4.372286604926809,0.7031023464915767,6.855756771579859,4.179863691901057,9.323170394002796,1.3966747931331391,2.0523065547387667,3.31444909685697,12.179758195109919,terrain,industrie_automatisme,0,0,0,0,0,0,1,0,0,0,1,1,0,1,1,0,1,0,EMII,synthetic_corpus_v2,syn_8c5635f09764,synthetic
5.784907017192547,3.9899945449190914,4.293866162323648,3.762015324114,2.6111855528956958,8.985601261394896,3.492260770477031,2.090845547428496,6.999975368328597,9.162990365987778,14.663931231457074,startup,commerce_gestion,0,1,1,0,0,1,1,1,1,0,0,1,0,1,1,0,1,1,CAA,synthetic_corpus_v2,syn_c5b893dfbbde,synthetic
6.053617504930957,4.8010443238649865,4.398300815620968,4.475923843722287,2.8883826946576043,10.0,3.0226752062948057,2.442339889471362,7.150762753896901,8.558366735390912,14.560070511676683,bureau,commerce_gestion,0,0,0,0,0,1,0,1,0,1,0,1,0,0,0,1,0,1,CAA,synthetic_corpus_v2,syn_e9104da431b3,synthetic
4.299309734939597,2.5265598730088596,5.6574262897136185,0.008011397098705686,4.308538382523487,3.744753400850768,5.695089287092701,9.50924138153911,4.138585533771872,4.045345499228176,11.447783592872863,labo,data_science,0,0,1,0,0,1,1,0,1,0,0,1,1,0,1,1,0,1,AEE,synthetic_corpus_v2,syn_bed40d90c9d6,synthetic
6.292467924931068,8.483163550406662,5.6620877703768695,5.215126798503075,4.096188947132811,6.077376738793359,1.6974743875505227,3.2802403002131637,5.1464338407428,6.513350132315869,13.35229678969189,bureau,developpement_logiciel,0,1,0,1,1,0,0,1,0,1,0,1,0,0,0,1,0,1,IGGLIA,synthetic_corpus_v2,syn_091f988407b6,synthetic
6.208361289785709,8.289214856012169,6.022849955441158,8.164921465479088,2.7819076655903383,5.503442312202527,2.562994434259419,3.5534846656675168,5.023849817303596,2.219777034570078,10.555407294778831,bureau,developpement_logiciel,0,0,0,0,1,0,0,0,0,0,1,1,1,0,1,0,1,0,IMTICIA,synthetic_corpus_v2,syn_466b4c2bc1de,synthetic
5.613968929405919,0.9882689854999427,3.7944754943719903,3.484712589198437,3.2666322299669117,6.031909691843319,4.559537332349197,8.753229835611943,5.2505623054954285,6.331926041142742,12.411800261403103,labo,multimedia_ux,0,0,0,0,1,1,1,1,0,0,0,0,0,1,1,1,0,1,IAA,synthetic_corpus_v2,syn_8a1086e6d99a,synthetic
2.588978647662139,1.1372234097348717,5.8080134951263345,4.397800165818115,4.611940723200752,5.367961398636651,5.078640653028488,6.264292756054462,4.503521988270013,4.171473966280615,11.768121791056352,labo,agriculture_elevage,1,0,0,0,1,1,1,0,1,0,0,0,0,0,0,0,0,0,AEE,synthetic_corpus_v2,syn_e464d43f3b5f,synthetic
4.183600083388487,0.0,4.977926114684472,4.696391737632252,1.750864779203435,5.328251091206459,3.2164584608182234,4.084553604439602,6.970741591947881,5.539148274914074,12.102225656898828,bureau,commerce_gestion,0,0,0,0,0,1,0,0,0,0,0,0,0,0,0,0,1,0,TEH,synthetic_corpus_v2,syn_b96cf60df9eb,synthetic
7.881196287372941,2.2500052629416274,5.00525206117138,1.8531149973942413,3.2625453013969454,5.484106558549374,3.2087741279252637,9.667044988508618,4.409675821742002,3.388417070802793,12.402755608307974,labo,recherche_appliquee,0,0,0,0,0,0,1,0,0,1,0,0,1,0,1,1,0,0,PIP,synthetic_corpus_v2,syn_0c8644e4c8e0,synthetic
6.738974417021234,3.685669959672322,3.9791349710500574,2.757248020087749,3.893940507383535,5.187657610253824,5.49070719041612,9.378674278656275,6.29679604678261,4.367622389136737,11.182115346052633,bureau,recherche_appliquee,0,1,0,0,0,1,1,0,0,0,1,1,1,1,0,1,0,0,PIP,synthetic_corpus_v2,syn_7f69354ecd48,synthetic
7.406006730897105,5.956046960733008,9.269842834519071,3.3853157757579657,6.73018313354682,3.4902548758888234,5.941516411889054,0.28519522303049794,1.0307313078248974,4.563515784758905,15.105584850165164,bureau,data_science,1,0,1,0,0,1,1,0,0,1,0,1,0,0,0,0,0,1,ISAIA,synthetic_corpus_v2,syn_f7eecf802ce1,synthetic
8.97958869230681,4.585422524537866,3.436839325013034,3.7576348453912845,8.462209413095193,5.620826092669982,8.764944838537408,2.3634279125341404,4.940434993560432,2.8993134575547295,14.006504657903035,atelier,industrie_automatisme,1,1,1,1,1,0,0,0,0,0,0,0,1,0,0,0,1,0,EMII,synthetic_corpus_v2,syn_6a77d7062370,synthetic
3.707234190182775,6.658247671237585,3.7383538535037095,7.057963240011167,2.829229282305364,2.896206582843619,3.6017153052222817,2.618021652827204,6.725889476681793,4.854317483256777,12.120951440205364,bureau,developpement_logiciel,0,0,0,0,1,0,0,1,1,0,1,0,1,1,0,0,1,0,IMTICIA,synthetic_corpus_v2,syn_dc0bfa3e8297,synthetic
3.6332281390759,1.9769464586061758,3.7016628228853214,5.380526805464344,3.0080190206560475,8.977957171565906,1.817523436825533,1.9530265915590355,5.467855181642486,8.779845136972527,13.155509780231242,bureau,industrie_automatisme,1,0,0,1,0,0,1,1,0,1,1,1,0,0,0,1,0,0,EMP,synthetic_corpus_v2,syn_b41b05806744,synthetic
2.6701535633415387,2.2482667601312194,3.13563798448389,5.8566254197967735,2.1824705266491455,7.02755230903948,3.7908713695465392,4.471229369775477,8.293132686889802,5.465072654458511,12.912334679478372,terrain,tourisme_hotellerie,0,1,0,0,0,1,0,1,1,1,1,0,1,0,0,0,1,1,TEE,synthetic_corpus_v2,syn_1c8562475887,synthetic
7.946322978357028,4.338468007923911,9.33873105444916,2.730316139552871,3.36439532758598,5.241211304929646,4.22346377297142,4.978287275689196,4.802740610620747,4.643486050704068,13.467844471448863,remote,data_science,1,0,0,0,1,1,0,1,1,1,1,0,0,1,0,1,0,1,ISAIA,synthetic_corpus_v2,syn_56702a3bbae5,synthetic
5.972300057363445,3.5414581317476683,5.739746561967899,4.184193821599676,1.0000850246646509,10.0,3.266153399615471,1.422749313674076,5.939893862253156,10.0,12.25634018312186,startup,commerce_gestion,1,0,0,1,0,1,0,0,1,0,0,0,1,0,1,0,0,1,CAA,synthetic_corpus_v2,syn_91ed2e2aa264,synthetic
9.67751408187056,6.809228143383926,7.568942103093038,2.355809780324412,4.09912734194721,3.5549904938437784,3.177523147496195,5.5753544684412795,5.109439100831387,4.691326169943229,11.222099639040728,bureau,recherche_appliquee,1,0,0,1,0,1,0,1,1,0,0,0,1,0,0,1,0,0,ISAIA,synthetic_corpus_v2,syn_d1db9a273e8e,synthetic
7.092683026716999,7.071383241413986,5.6840448372069226,3.461471418302926,8.681376021090978,4.102911873601794,6.819245128455693,3.590028615240376,6.37772033973451,1.6560648302400305,13.051574894067864,bureau,gestion_projet_si,1,0,0,0,0,1,1,1,0,0,1,0,0,1,0,0,0,0,ESIIA,synthetic_corpus_v2,syn_996f4887ccb4,synthetic
8.852017336998529,5.042469285610885,5.554906655653839,3.161680164001323,8.698179525581093,3.73152014615255,7.691120850819921,0.0,5.4930010843225405,1.396560309848679,15.661788127772711,atelier,recherche_appliquee,1,0,0,1,0,1,1,1,1,0,0,0,0,0,0,1,1,1,ESIIA,synthetic_corpus_v2,syn_13cad2179696,synthetic
8.169317244794556,7.509334118765553,7.219132905375883,2.389134927600774,1.7041249828856906,7.0966768060174115,3.977357469190762,2.970680746308601,6.051569895976998,4.0760262619862795,14.889058196660978,remote,gestion_projet_si,1,1,0,0,0,1,0,0,1,0,0,0,1,1,1,1,1,0,IGGLIA,synthetic_corpus_v2,syn_1924e147e539,synthetic
3.9774942935935678,1.6304818337015492,4.339788371820621,2.448416900218881,2.5670207953212363,5.614890690825087,1.3947770528396908,6.934638889880236,9.09827861295755,4.031937288891431,13.469588857647594,terrain,tourisme_hotellerie,0,0,1,1,0,0,0,0,0,1,0,0,0,1,1,0,1,0,TEE,synthetic_corpus_v2,syn_f5b493f930ea,synthetic
8.23810906975041,5.563919418524182,4.107355015683788,4.267549011662084,8.206253453028928,3.948782771790376,7.249124314515484,2.789220651028761,3.2517519741372296,2.073395417568255,14.124372590678322,terrain,industrie_automatisme,0,0,0,1,1,0,1,0,0,1,1,1,0,0,1,1,1,0,EMII,synthetic_corpus_v2,syn_d9aff7829791,synthetic
4.547149178685457,1.149613286433364,4.048644537024196,1.6629247488071706,1.155106280721771,4.425148424768176,6.76046598760537,10.0,5.913170486588049,4.273161948936338,9.593331810218743,labo,agriculture_elevage,1,1,1,1,0,0,1,1,1,1,1,0,0,1,1,1,0,0,AEE,synthetic_corpus_v2,syn_2dd747a8ebda,synthetic
5.162468256221072,2.3606466582751198,7.3163074003160125,3.019608437011799,2.8852319522616403,9.41075608964529,3.9655791082071734,4.403184367921856,8.185031484679527,8.072526211571429,16.94939891754137,bureau,finance_compta,1,1,1,0,0,1,0,0,0,1,1,1,0,0,1,0,1,0,FIC,synthetic_corpus_v2,syn_8b57f9441da4,synthetic
6.881498278434116,6.87542546972033,6.4385055960316215,2.380528100716475,10.0,2.218197603152414,8.244628732122836,2.4837393864858077,4.311878997763731,3.91368114815319,12.072771326010354,bureau,agriculture_elevage,0,0,1,1,0,0,0,1,0,1,1,0,1,1,0,0,0,1,ESIIA,synthetic_corpus_v2,syn_53b9044f07d7,synthetic
5.60094281361749,6.977888106260602,5.414025855468194,5.82908991314823,7.695815329432891,2.55876701903806,6.575671448360293,1.741453796796475,4.49188950772371,1.487342226866223,13.51816560849232,bureau,electronique_embarque,1,1,0,1,1,1,1,1,1,0,1,1,1,0,0,1,0,0,ESIIA,synthetic_corpus_v2,syn_7d5b36c7725c,synthetic
6.336512209352965,2.4965679424795546,3.907207772335246,1.1984494468150955,0.4041964740967705,7.255790309877722,4.7401229173915,7.433482716625651,5.401823290720465,2.5648681155453916,11.86042069851233,labo,agroalimentaire,0,0,0,1,1,0,0,1,0,0,0,0,0,1,0,0,0,0,IAA,synthetic_corpus_v2,syn_5b5ad500d5ec,synthetic
4.850581730781579,6.782113909348381,3.9126843584088165,10.0,1.669591080326345,3.68079150299402,2.8595139062511716,0.1150214245938459,5.0678689482559065,2.740531685812084,12.522748298526105,remote,multimedia_ux,0,0,0,0,1,0,1,1,0,0,1,0,1,1,1,0,1,0,IMTICIA,synthetic_corpus_v2,syn_3c76f651a59b,synthetic
8.158399033395005,2.16219002267826,5.916629424680193,1.900311897913421,3.8134769711511223,4.544974616883671,6.224788392889901,9.473963945160964,3.313716831504232,6.013906959571348,12.038216219033249,labo,recherche_appliquee,0,0,0,0,0,0,1,0,0,0,0,0,0,0,0,1,0,0,PIP,synthetic_corpus_v2,syn_1d9140d1168d,synthetic
8.524071589601055,6.158646637177703,6.41757788715524,6.037509401427462,9.731788419434103,4.749837368902585,8.83880338181557,2.146857555969282,4.315599212054973,2.1933206923765014,12.087001626072336,labo,recherche_appliquee,1,1,1,1,0,0,0,1,0,0,0,1,1,0,0,0,1,0,ESIIA,synthetic_corpus_v2,syn_7a66ac793e54,synthetic
6.336059746902967,4.619664643747848,6.789180130951213,4.501164106757793,3.567925939761075,7.837332666706239,1.7891622780711796,1.449223358649608,6.851935420444974,8.37957543856331,12.40670100350264,bureau,finance_compta,1,0,0,0,1,1,1,1,1,0,0,0,1,0,1,1,0,0,FIC,synthetic_corpus_v2,syn_20ad58a9c82b,synthetic
4.800748612591905,2.9797302716607676,5.029411869873779,2.940524405889084,1.9168870329454932,3.8807149628850435,2.7030481624777565,8.260891822292471,4.67240371336862,4.223573466509489,14.75502638540966,terrain,agroalimentaire,1,0,1,1,0,0,1,1,1,1,0,0,0,0,1,1,1,0,IAA,synthetic_corpus_v2,syn_16c7888c151c,synthetic
4.724389290477703,6.1857023886556215,5.882736136839613,9.549001146377208,3.8674084078193456,4.638884016705331,3.387221719592958,1.129928676079613,6.794929282153921,4.971474959599278,9.384714166073657,remote,developpement_logiciel,0,0,1,0,0,0,1,0,1,0,1,0,1,0,0,1,0,0,IMTICIA,synthetic_corpus_v2,syn_d98ef21bde38,synthetic
7.2270582775924215,7.5016710059895475,5.192703546060017,9.180115330880321,1.7106449698550141,6.2282835086885155,2.5487463976831632,2.331897825161178,5.770414618241857,4.701320704174122,15.336608945172507,terrain,multimedia_ux,0,0,0,1,1,0,0,1,0,0,0,0,0,0,0,1,1,0,IMTICIA,synthetic_corpus_v2,syn_d4a000d30e50,synthetic
3.0582674319751684,1.0875896700102943,2.484293554165515,5.764788236011806,1.1569692988827507,8.331134537848966,3.113699248764212,2.4435767441621756,8.323472401233069,4.435728966779675,12.43774492484185,startup,gestion_projet_si,0,0,0,1,0,1,1,0,1,0,0,0,0,1,1,0,1,0,GCA,synthetic_corpus_v2,syn_57e13aa699ed,synthetic
5.974469287243702,4.954619144455005,6.1364618405862625,9.260247401497201,4.417324573518869,4.45113851642145,4.078637024626389,3.338386737970949,4.554268929839296,4.103298637863659,11.048022455841426,startup,developpement_logiciel,0,1,0,0,1,0,0,0,1,0,1,0,0,1,0,1,1,0,IMTICIA,synthetic_corpus_v2,syn_bf190c6868cb,synthetic
7.121799363299107,3.133956609670308,5.349276938849844,0.0,3.529795814433674,5.604012841096482,5.101504109801523,9.829977525765813,4.515668315547304,3.4095547111058115,13.260631816958593,terrain,industrie_automatisme,1,1,0,0,1,0,1,0,1,1,0,1,1,1,0,0,0,0,ICMP,synthetic_corpus_v2,syn_89238ea85a12,synthetic
6.037369283504223,3.2960875176426403,5.93594900180452,0.4195084477478779,4.446574899064379,3.5414054322880006,7.004680325853472,7.582725775579433,1.944379086436454,6.4701412751949245,12.27437341742909,atelier,industrie_automatisme,1,0,1,0,0,1,1,0,0,0,1,0,0,1,1,0,0,0,ICMP,synthetic_corpus_v2,syn_24366f2f7e49,synthetic
4.739240979246606,6.105789624673459,5.0796751474910105,7.847297129519168,5.16378640048408,5.813564443956871,2.70291052546197,2.031078853213716,4.566339341131709,4.375653742973334,11.34795486142196,bureau,multimedia_ux,0,0,0,0,1,1,0,0,1,0,1,1,0,0,1,0,0,0,IMTICIA,synthetic_corpus_v2,syn_8e581e12f49d,synthetic
4.9416216579948085,2.36986067819183,4.018645648117643,0.9201186436721547,1.7592800390138854,5.4930595797510176,4.5376601469751,9.787910856807084,3.757713432520576,3.4855709958954146,12.183983199629392,atelier,agroalimentaire,0,0,1,1,1,0,1,0,0,1,1,0,0,0,1,1,1,1,IAA,synthetic_corpus_v2,syn_49acf9643c3d,synthetic
6.860666347144964,3.3912884880551593,3.1769049669690306,3.0656083629100483,1.6619258847119156,6.259955005747431,3.1178727028496525,8.462721083198854,4.569400921814366,2.123624943745441,12.878378625596934,startup,agroalimentaire,0,0,1,1,1,0,1,1,1,1,0,1,0,0,1,1,0,0,PIP,synthetic_corpus_v2,syn_cf6668295efb,synthetic
8.966307139209809,8.455788131215721,5.673614705700439,2.233412728783088,6.88924000504158,2.008316411942207,7.525944994547492,1.4773701138653543,4.705680705219532,4.149031295853901,16.387246067608494,atelier,industrie_automatisme,0,1,1,0,1,0,1,1,0,1,0,1,0,1,1,1,1,0,EMII,synthetic_corpus_v2,syn_d3af856f8a7f,synthetic
5.750029167393935,0.6295047310931892,5.258489719070634,2.642605734594568,2.1168338991215956,5.126964018764987,5.171039708687984,8.003716168458611,5.197148482321922,3.985693237937834,13.372538716414654,terrain,agriculture_elevage,0,0,1,0,0,0,1,1,1,1,1,0,1,0,0,1,0,0,AEE,synthetic_corpus_v2,syn_ac1475c86b7c,synthetic
4.942656959469883,5.317824012311465,4.456367089026788,9.537103958655408,4.531194191858344,4.1689874325593035,1.587109097130418,2.4293153130253544,5.168561086049665,2.8061805767605295,12.096877495645593,remote,multimedia_ux,1,0,0,0,1,0,1,0,1,0,1,1,0,0,0,0,0,0,IMTICIA,synthetic_corpus_v2,syn_ff04aef7710a,synthetic
5.531374666554736,10.0,5.721644845656682,3.6471296351590095,4.533187390316952,8.996734657306394,2.8024894760739834,3.582132309020724,4.2280739035181005,3.8226290176524875,12.438931403087748,startup,gestion_projet_si,1,1,1,0,0,1,1,1,1,1,0,0,1,0,1,0,0,0,IGGLIA,synthetic_corpus_v2,syn_1f98b1349409,synthetic
7.449949244647684,2.5309361807990323,4.061685797812546,3.4665125066464375,1.7752173833043077,9.42403581950817,2.650866312371644,3.2984279887944776,8.270341453525381,7.66244087447908,12.395099242870238,remote,commerce_gestion,1,0,0,0,0,1,1,0,1,1,0,0,0,0,0,1,0,1,CAA,synthetic_corpus_v2,syn_9d3439f95662,synthetic
2.2521135215288166,2.023306530426411,3.3332042539413473,5.418593575398425,3.446144401697045,5.216309474020531,4.152791738933135,6.121819341881274,10.0,7.648750480712631,12.788957921777307,startup,tourisme_hotellerie,1,1,1,0,0,1,1,0,0,0,1,1,1,0,0,0,1,0,TEH,synthetic_corpus_v2,syn_ecdc016bfda3,synthetic
7.145794003061838,9.204298672295002,3.92242179956087,4.058012808238953,2.373268698481219,8.629636292376603,7.4489268589020385,2.3572935809049027,6.273291594374975,6.233396389247306,13.383639248191923,remote,developpement_logiciel,1,0,1,0,1,1,0,1,1,0,1,1,0,1,0,1,0,0,IGGLIA,synthetic_corpus_v2,syn_d623dfcc0118,synthetic
5.822819188663896,5.6975987701059125,3.783946051038977,8.00922739981189,1.7132539556291644,5.372173113990052,3.9890366451922765,1.1658285066351397,5.980101340547811,4.299689293571751,8.77977778831601,remote,developpement_logiciel,1,1,0,1,1,0,0,0,1,0,0,1,0,0,0,0,0,0,IMTICIA,synthetic_corpus_v2,syn_87d0612b7a50,synthetic
7.584057939060696,3.9403809305881787,4.391940394905229,5.267240884257962,1.2756405820529357,3.7333823789783094,9.60487990747476,3.3085252561745495,5.144615174357293,4.944578235890585,12.699860750546748,terrain,genie_civil_archi,0,1,0,0,0,0,0,1,1,0,1,0,0,0,0,0,0,0,GCA,synthetic_corpus_v2,syn_714d716031bb,synthetic
5.349625275358169,3.7060755680202955,7.039070308637785,3.7267794623444277,2.007513975942118,5.579492362370319,5.91249024409845,8.706365431293419,5.4159794415432,2.7566933024702633,12.67756938360861,atelier,agroalimentaire,1,0,0,0,0,1,1,0,0,1,0,0,0,1,0,0,0,0,IAA,synthetic_corpus_v2,syn_6f2c799e1f32,synthetic
6.4629810701175865,7.07237202921862,6.31022049234962,3.1820294779485474,3.0689357495303593,9.236285577739087,2.7146518176630994,0.0,4.198147552041059,5.130761028138214,13.137859215348154,bureau,data_science,1,1,0,0,0,1,0,1,1,0,0,0,1,1,0,0,0,0,IGGLIA,synthetic_corpus_v2,syn_ea6367d25cc2,synthetic
7.923295396778653,4.796209966005079,5.118081404486283,3.1378493323108407,8.111146409730441,3.8658764035435986,8.790645966812908,2.832598302695358,3.406271535687017,4.571724134464549,12.229464495004738,atelier,electronique_embarque,0,0,1,0,1,0,0,0,0,0,0,1,0,1,0,0,0,0,EMII,synthetic_corpus_v2,syn_73d17dd7e7f0,synthetic
4.182292770973131,1.2896045740120785,3.519670833964549,3.45446720887347,1.229105320466232,7.16804256927495,1.7960707430976173,4.076055290099839,9.59504258482834,9.13948780418471,11.770912643882692,bureau,droit_affaires,0,0,0,0,0,1,0,1,0,0,1,1,0,1,1,0,0,0,DTJA,synthetic_corpus_v2,syn_b6c3365ffd77,synthetic
6.722477102665331,3.6161302645215434,5.331876476346548,2.601302842196371,10.0,5.628214524640033,7.227955500985987,3.8081848234752114,3.9152594865459083,3.630811406672917,11.91485383052305,atelier,industrie_automatisme,0,1,0,1,0,0,0,1,1,0,0,1,0,1,0,1,1,0,EMII,synthetic_corpus_v2,syn_18d54412b1a0,synthetic
6.691123979248666,6.373724349679827,3.0877675589944236,2.8466321424249594,10.0,2.379786421620274,9.391096380994298,3.8172682828059727,4.8368874734091865,2.429390676295241,14.47360344471819,labo,electronique_embarque,0,0,0,1,0,0,0,1,0,0,0,0,1,0,0,0,0,1,ESIIA,synthetic_corpus_v2,syn_6c99ae0148d4,synthetic
9.045358765323941,6.795453040798285,5.0643955666085265,3.3582029058852676,8.33899291798099,6.511061989867462,9.96325459088522,3.9686542668269693,5.333283816568125,2.5114158463579583,13.858658891683453,labo,electronique_embarque,1,0,1,0,0,1,1,1,1,0,0,1,0,0,0,0,1,0,ESIIA,synthetic_corpus_v2,syn_db05685e253b,synthetic
6.95828009166726,5.055949758973677,4.662836639919062,1.3844325254383087,7.195077454054635,3.736362942259763,6.918597614601042,1.6352352255969176,4.099926651061853,4.360143481275,13.02707866119713,labo,electronique_embarque,0,0,0,1,0,0,1,0,0,0,1,1,0,1,0,0,0,0,EMII,synthetic_corpus_v2,syn_afb626e8d8be,synthetic
8.397134031436567,4.6185848320913845,5.473910384351603,8.200129496590163,3.795867872587806,5.22145158350853,8.949242402508556,2.2384435497490855,2.679413345313067,3.6804247120704634,12.778970641528733,labo,genie_civil_archi,1,1,0,0,1,1,1,0,1,1,0,0,1,0,1,1,0,1,GCA,synthetic_corpus_v2,syn_d31049247814,synthetic
4.602674858588051,1.228091795594063,4.597958019522232,3.868221052010883,0.4441859180557324,4.604354103974153,3.2746416133987832,9.698901698233628,3.9114723444652544,4.941744536774698,11.538024049880292,terrain,agriculture_elevage,0,0,1,1,0,0,1,1,0,0,0,0,1,1,0,1,0,0,AEE,synthetic_corpus_v2,syn_f112b3652aaa,synthetic
4.291664719945821,2.663324909426283,4.916229770966616,3.8169772118239997,1.747062385590676,8.765023456182593,2.716288907158852,3.6547061560465965,6.57570747423519,8.33741395678193,15.786425388888162,remote,gestion_projet_si,1,0,0,0,0,1,1,0,0,1,0,0,0,0,0,0,1,1,EMP,synthetic_corpus_v2,syn_f31c6c366fea,synthetic
6.850639954710329,4.426721819161662,7.140882364766382,2.2541599813629087,3.3076532115276303,8.49227709352356,1.662056321258576,2.610683474062219,3.542822404098367,8.892205791730655,17.792874193196912,remote,finance_compta,0,1,1,1,0,1,0,1,0,1,0,1,0,0,0,0,0,0,FIC,synthetic_corpus_v2,syn_f86efb6a8a96,synthetic
4.1105893562474,3.4802922497850597,5.780474462400804,7.913830577530581,0.3220467741438273,6.210451819939443,2.9891487932090923,2.5854470394867297,10.0,5.722314558953191,14.352511343834244,startup,tourisme_hotellerie,1,0,0,1,0,0,1,0,0,0,1,0,1,0,0,0,1,0,TEH,synthetic_corpus_v2,syn_3483c7537786,synthetic
7.768660437557657,5.271313379071177,5.055209122679562,5.010015907285948,7.634202482746219,3.0314561311311747,6.921659908347993,2.6635608946482114,2.631498613445803,0.12934747664158008,12.561041881012569,atelier,electronique_embarque,1,1,0,0,0,1,1,1,0,0,0,1,1,0,1,0,1,0,EMII,synthetic_corpus_v2,syn_8102d6b0ccf4,synthetic
7.9364001776099,7.25037024757996,4.348147655303813,4.12375591094153,4.6679189707163165,4.356111117651303,8.129171065633654,2.370804970659843,4.88724582188451,2.838566982967274,12.7588231332512,atelier,data_science,0,1,0,1,0,1,0,0,0,0,0,0,0,0,1,0,0,0,EMII,synthetic_corpus_v2,syn_756cf4c485ba,synthetic
5.317458818042679,1.9406546483037788,3.8336920981658182,5.759092584342749,3.548526361099114,6.564054157171553,2.4681440595743247,5.035590926898175,7.215443648366371,6.469463261308547,13.790775000877808,bureau,tourisme_hotellerie,1,0,0,0,0,1,0,0,0,0,0,0,0,0,1,1,1,1,TEE,synthetic_corpus_v2,syn_a849ef427f06,synthetic
6.937563997373321,7.751194615878926,4.899084651476407,8.760838308244972,3.7399672378544313,3.074956362815618,2.8143913781273193,0.3071564272670617,5.118106920891314,1.7289346188274906,13.083322688768368,remote,recherche_appliquee,0,0,1,1,1,1,0,0,1,0,1,0,0,0,0,1,0,1,IMTICIA,synthetic_corpus_v2,syn_cc19cb180c40,synthetic
4.0745296567253835,3.0235236526040645,4.568384473248926,1.7599201599186867,0.030301031812818513,5.864143572497966,2.9558134047938345,1.4314492657474587,8.127685508609225,9.500482961786695,14.841370915239903,bureau,droit_affaires,0,0,0,1,1,1,0,0,0,1,1,1,0,1,0,0,0,1,DTJA,synthetic_corpus_v2,syn_2b3cb3baf17d,synthetic
3.885280494246217,2.167662637380145,3.12932333161905,1.3958530424918176,1.852495321807265,7.005437427527747,2.7935329077893107,1.9398217675656642,9.046711594462426,8.942606581815163,12.707529453772176,chantier,droit_affaires,0,0,1,0,1,1,1,1,0,1,1,0,1,0,1,1,0,0,DTJA,synthetic_corpus_v2,syn_8559a8c6e94d,synthetic
4.452877033385826,7.880495346081435,7.297017247818533,3.038302158334594,2.2447766814771133,8.529800483150192,3.2383014452731125,3.9518895994598076,4.164923884235058,5.77424701147029,11.18626669231385,bureau,developpement_logiciel,0,0,0,0,0,1,0,0,0,1,0,0,0,1,0,0,0,0,IGGLIA,synthetic_corpus_v2,syn_8775eccc4a24,synthetic
6.156181457542745,4.094215538894813,6.656974712640926,4.1791614508071335,3.8141411306076547,5.786561073810878,6.708537206540518,8.481135825349583,3.113137121001074,1.6739623498910974,13.799160582620871,atelier,chimie_procedes,0,1,0,0,0,0,0,0,1,0,0,0,1,1,0,0,0,1,ICMP,synthetic_corpus_v2,syn_05afb2efb6c8,synthetic
5.456997483702927,8.0952426173336,4.750397548492258,6.535834151655733,3.0051801346999603,5.751747471749108,2.934368761638809,1.5808237725761614,5.945120098443057,4.509897736721841,12.056141539735375,atelier,multimedia_ux,0,1,0,0,1,0,0,0,1,0,1,1,0,1,0,0,0,0,IMTICIA,synthetic_corpus_v2,syn_ac5c065f2286,synthetic
7.024501630232383,5.227236525836397,4.411122636434856,2.966007983903963,6.623894772115101,6.873186555171523,6.654612402756127,2.7523060689003556,2.4994605641753065,0.0,15.568634086275742,bureau,recherche_appliquee,1,0,0,0,0,0,0,0,0,0,0,0,0,0,1,1,0,1,AEE,synthetic_corpus_v2,syn_9cf884a79fbe,synthetic
6.923411932684315,2.6824982371804444,7.7771148145921725,1.9772383816492702,3.365174990309209,4.346340047291402,5.422206577638018,7.821080740547426,5.7112240072532625,3.2910071693528304,14.201737164416569,labo,chimie_procedes,0,1,0,0,1,0,1,0,0,0,1,0,1,1,0,1,0,0,IGGLIA,synthetic_corpus_v2,syn_cc3ada13b94c,synthetic
7.98463529253059,5.983919506676538,8.530353047570209,2.0472158789253303,4.188019314412523,4.3061007128771385,3.8761613109294473,4.796191699604408,7.987246632118554,5.061733078462483,11.387605443140538,bureau,data_science,1,0,1,1,0,0,0,0,1,1,0,0,1,0,1,0,1,0,ISAIA,synthetic_corpus_v2,syn_6de0882c3ef6,synthetic
7.111642197033683,2.097937906503313,2.626240187366023,0.9693230802297332,2.6500802335859657,4.572368331282532,4.852290643176445,9.380618228793374,5.2530809419567746,0.6856620502532982,16.869782055230036,atelier,agroalimentaire,1,0,0,0,1,0,0,0,1,0,0,0,1,1,0,0,0,0,IAA,synthetic_corpus_v2,syn_9d9191a97cbb,synthetic
7.2505680230143295,1.8480200392868975,4.352012275252489,2.836491281071607,2.5451825060447044,5.316183710731148,4.193285007191406,8.069693045520612,4.8180457577985285,3.61559649011518,14.087582042857472,bureau,recherche_appliquee,0,1,1,0,0,0,1,1,0,0,0,0,1,1,1,1,0,0,PIP,synthetic_corpus_v2,syn_49acb6686498,synthetic
6.73086056023404,4.318386609336619,6.727140315095799,3.0541389421584944,3.4863367982151763,5.752166269422741,3.9257059436121144,8.734025057163386,2.523154789230874,3.949924837604454,9.801894469378938,labo,agroalimentaire,0,0,1,0,0,0,1,1,0,0,1,0,1,0,1,0,1,1,IAA,synthetic_corpus_v2,syn_8f024c7365cb,synthetic
4.708565258070882,6.7362107900466945,4.525591461519092,10.0,3.6292883787976415,4.632187091153185,1.210725095156852,4.385255492503001,5.549927459497399,3.896754788828607,12.472144158691538,chantier,developpement_logiciel,1,1,1,1,0,1,0,0,1,1,0,0,0,1,1,0,0,1,IMTICIA,synthetic_corpus_v2,syn_0e876ee31478,synthetic
3.990403364118875,6.543063698040245,5.611627736014007,9.38116959658871,1.128462549019731,6.69869375818288,5.0503986017083715,3.9580752754604305,4.523534548092694,2.1973632419041076,12.614150530126357,remote,developpement_logiciel,0,1,1,1,0,0,0,0,0,0,1,0,0,1,0,0,0,1,IMTICIA,synthetic_corpus_v2,syn_ba5426bc3842,synthetic
7.691390370526199,6.213779134631961,5.259787830332096,6.646610223034665,2.2604617865092185,5.342906116706358,4.196182967549917,1.2085434787309406,7.4393133941132525,3.6527902878681036,12.991169385779669,remote,multimedia_ux,0,0,1,0,0,0,0,0,0,0,0,0,0,1,0,0,0,1,IMTICIA,synthetic_corpus_v2,syn_69e5bc717ff2,synthetic
8.118790321591284,8.070369699218295,4.860073273262761,2.2878672887409435,7.709722044447353,4.021181855035578,7.8043665463652765,3.153143483664482,2.9837954959819184,3.1612860869048243,11.471105894356239,atelier,electronique_embarque,1,0,0,1,0,0,1,0,1,1,0,1,0,1,0,0,0,0,ESIIA,synthetic_corpus_v2,syn_7d0192ff9b23,synthetic
4.067214529394278,2.792137281222614,3.1312629043146925,3.9398345586187875,1.780069285953652,5.502554801723072,2.44696634664135,6.347881658365065,6.932895268580367,5.914888654099903,13.384444990984573,bureau,tourisme_hotellerie,0,0,1,0,0,0,0,0,0,1,1,1,1,1,1,0,0,0,TEE,synthetic_corpus_v2,syn_e1b47b0a877d,synthetic
8.111292377358925,4.691561713451856,4.359551050070682,2.3559526792683245,10.0,2.503322004676196,9.087504492558173,2.9884966579319086,3.064331321037009,3.4737542139773296,11.559345866315963,atelier,data_science,1,0,1,0,0,0,0,0,0,1,1,0,1,1,1,1,1,0,EMII,synthetic_corpus_v2,syn_860f02a1d60c,synthetic
6.931345511370457,7.585797646824746,2.472371988437589,10.0,3.7209026475348663,6.8168082875325045,2.6384187386007767,2.485080180712275,7.139811429882571,5.913861093451757,12.790414463104893,startup,multimedia_ux,0,1,0,1,1,0,0,0,1,0,0,0,1,0,1,0,0,0,IMTICIA,synthetic_corpus_v2,syn_0dcdc016da1a,synthetic
4.60381705850958,0.8971626474054473,3.648800050804696,1.793958806681211,0.38619471845069375,5.881243443978815,5.8394674354356155,7.6831038117879356,2.00087609150332,3.935657520429901,12.73286404655305,labo,agriculture_elevage,0,1,0,0,0,0,1,0,1,0,0,1,0,0,0,1,1,1,AEE,synthetic_corpus_v2,syn_e1ed21633043,synthetic
8.855085032654726,8.365371471311514,3.4561185620774326,2.81328404841336,7.299573001810584,3.905316190160732,7.9821777113042325,4.683481033233921,4.119096516790706,5.987353695473716,12.390513839647246,terrain,electronique_embarque,0,1,0,1,0,1,1,0,0,0,1,1,1,1,0,1,1,0,EMII,synthetic_corpus_v2,syn_d72eed3fe9f4,synthetic
5.875041106408613,9.035030613944969,7.118341230802244,1.750353984812672,4.865545695716468,6.545589584437537,5.208375225680321,3.5398808708032004,3.1544080970762582,4.301535020067684,14.220574797045995,remote,gestion_projet_si,1,0,1,0,1,1,0,0,0,0,0,0,0,0,0,0,1,0,IGGLIA,synthetic_corpus_v2,syn_f8365b71eb98,synthetic
9.154974219506691,7.00306038783959,4.716354197669613,2.8491942566592505,6.24240855915763,3.649716927527788,8.988208296723691,2.0267627925351754,3.7070489686167933,3.3949340586349583,11.31388865659582,bureau,recherche_appliquee,1,1,0,1,1,1,1,1,0,1,0,1,0,0,0,1,0,0,ESIIA,synthetic_corpus_v2,syn_d804c8d73f0f,synthetic
5.510706148274039,3.285210711647641,5.764886373753515,4.566549847126576,0.659593668984177,8.464158514495576,1.1920156644620277,2.9143781071759407,8.315636966572526,8.399995632641545,11.725081535254224,bureau,commerce_gestion,0,1,1,0,1,0,0,0,0,1,0,0,1,1,1,0,1,0,EMP,synthetic_corpus_v2,syn_52ec3035db1a,synthetic
4.765160333577061,0.0,4.61960723430008,1.0100081294908847,3.1133632498319295,3.948791941910325,5.561452357004481,10.0,7.891212687207961,3.8846839826357997,12.982975884096595,remote,agroalimentaire,1,0,1,0,0,1,1,0,1,1,1,0,0,1,1,1,0,0,IAA,synthetic_corpus_v2,syn_b4de729e62e9,synthetic
5.683240490134657,4.063690444049659,3.4012592995953,10.0,2.854352520813231,4.415184321622332,1.9534755081924269,2.3367459362688114,7.101753084523551,3.094776825817713,11.336716286301934,remote,multimedia_ux,0,1,1,0,1,0,0,0,1,0,1,1,1,0,1,0,0,1,IMTICIA,synthetic_corpus_v2,syn_e6eee26a2642,synthetic
9.137991102439724,4.210474092426184,6.135131034992177,3.271613962872561,4.347181533544889,4.7991349562116765,2.894122228306603,8.877931298030889,5.685941588183873,2.2950417050163705,17.888415675780102,bureau,pharmacie,0,0,0,1,0,0,1,0,0,0,0,1,1,1,0,1,0,0,PIP,synthetic_corpus_v2,syn_1c8bb71c49ed,synthetic
3.6908345134237246,2.553361412750066,4.374606889035962,4.445110084808304,1.3004542390932672,4.088223789418324,4.8168042448827,7.914573552496103,3.9775879746297704,2.955443195122733,13.283871249649817,terrain,tourisme_hotellerie,0,0,0,1,0,0,1,0,0,0,1,1,1,0,0,1,1,0,AEE,synthetic_corpus_v2,syn_c10b954e257d,synthetic
6.5031452550111,4.043626827680358,4.4405458058581475,2.18137922028154,2.3839962250092612,6.165518800039332,6.44691237533426,9.91259937631492,5.7945834118864745,5.133797040848462,12.610395361527683,terrain,agriculture_elevage,0,1,0,1,1,0,1,0,1,0,0,0,0,0,0,1,1,0,AEE,synthetic_corpus_v2,syn_32fd167f8cff,synthetic
4.83421059090734,6.273596233308447,3.740059033648551,8.821440591387713,1.9251330745837918,5.020706721427209,5.305807053478018,2.3609279382921344,7.063957926893506,3.4086051877776815,13.652550524606594,bureau,developpement_logiciel,0,1,0,0,1,0,1,1,0,1,1,0,1,0,0,0,1,0,IMTICIA,synthetic_corpus_v2,syn_b78d59f5fea0,synthetic
6.81935073669387,8.061234495885904,5.141596235792936,5.658708667566006,3.284553502588784,8.63146279004913,3.5567121577260865,2.3610805107317208,5.248739353401021,4.858186248919284,12.318285272315206,remote,finance_compta,1,1,0,0,0,1,1,1,0,1,0,0,1,0,0,0,0,0,IGGLIA,synthetic_corpus_v2,syn_a1b7e861eee0,synthetic
5.26069977676451,2.223460423644209,3.7902983714367617,1.2014873362240956,0.8827902703923398,5.820505861615449,5.399832612603378,8.890424521889392,4.209553781342916,2.8938695226255255,10.44140488484252,terrain,agriculture_elevage,0,0,0,1,0,0,1,0,1,1,0,0,0,0,0,1,1,0,AEE,synthetic_corpus_v2,syn_767bdf29b692,synthetic
9.6515351691416,7.250247836071708,9.24538498800702,2.0948440063037284,1.184678663672857,5.420619050525876,4.078374446020389,3.1684083267808925,6.529089451263855,5.6011080892694896,13.723659464396963,labo,data_science,0,1,1,0,0,1,1,0,0,0,0,0,1,1,0,1,0,0,ISAIA,synthetic_corpus_v2,syn_4555cd34a625,synthetic
8.268008053564428,3.5140415661382085,5.682624295370801,4.32054395286962,0.5120637162558903,7.52122066557427,2.583222962161431,1.8715739079392462,5.766167505247708,10.0,15.690953988148452,bureau,gestion_projet_si,1,1,0,0,0,0,1,0,1,1,1,0,0,0,1,0,0,1,EMP,synthetic_corpus_v2,syn_8e1f297f31f5,synthetic
4.731799790067506,1.6238488782180398,4.179366742092046,1.244013498096489,1.5036714212844617,7.1420844632700975,0.8233644982137032,1.6616533763453278,7.383862516036799,8.406602849543471,14.136460581030178,bureau,droit_affaires,1,0,0,0,0,1,1,1,0,1,1,1,1,0,0,1,0,1,DTJA,synthetic_corpus_v2,syn_0a7dfb689d60,synthetic
5.967265949293159,8.316673054801928,6.093179314135892,2.022882050202322,8.273863403947141,1.6427599616942685,8.615573282509501,0.9647572275890763,3.353644165853531,2.6483913605748723,10.93533680514997,bureau,recherche_appliquee,1,1,1,1,0,1,0,0,0,0,0,1,0,0,1,0,0,0,ESIIA,synthetic_corpus_v2,syn_11336c5d8b52,synthetic
6.229072722271331,2.8249510444285875,7.755499683490962,0.9300993462791047,2.5403066450032155,6.443416730028709,4.468358668815691,8.496006261106482,7.601702272647364,3.5790125670892063,15.10101187377347,terrain,agroalimentaire,0,1,0,1,0,0,0,1,0,0,0,0,0,1,0,1,1,1,IAA,synthetic_corpus_v2,syn_f330568e3fc6,synthetic
3.394153285721794,3.587143972812311,3.6891209338045443,7.008598666692578,1.4287217671534274,4.853557326135716,2.9803756122989395,4.599750284985809,6.236671367596377,5.791737697584817,12.997486494167841,bureau,tourisme_hotellerie,0,0,1,1,0,1,1,1,0,0,1,1,0,0,1,0,1,1,TEE,synthetic_corpus_v2,syn_02a23d6bfb8f,synthetic
7.775921714007239,2.554250627578904,4.93570531399973,3.4992446523355403,0.31279901193360216,7.573312590837612,1.205258326938665,0.8641839878915982,8.713068363669969,7.482465862084037,14.316299027827727,bureau,droit_affaires,1,1,1,0,0,0,0,0,0,1,0,1,0,0,1,0,1,0,DTJA,synthetic_corpus_v2,syn_2fddd8b76246,synthetic
7.931050248907963,2.8348807051427487,4.360146749982214,3.7185448570792223,3.11205897109431,5.020140957796091,7.179775803923333,8.565102853821676,3.920679922143993,2.5514038960702656,12.021706718338852,atelier,industrie_automatisme,1,0,0,0,1,0,0,1,0,1,0,1,1,1,0,0,0,1,ICMP,synthetic_corpus_v2,syn_0c8d6db42d41,synthetic
7.451027253901216,3.052211286299178,5.970210375944253,5.188285387317055,2.7473918896887404,4.526429708361211,4.824751246376584,8.769891101369906,4.1871279001885355,2.212402962466088,11.066525312258689,bureau,agroalimentaire,0,0,0,0,0,0,1,1,0,1,0,0,1,0,0,1,0,0,CAA,synthetic_corpus_v2,syn_056c9238bb5d,synthetic
7.563438381173954,3.5844920579821156,4.196782141909579,7.366895682393316,4.119027434930941,8.037088266939582,8.052754977150359,4.24138400901858,3.5056711916073757,3.3437149679598925,11.768656798533607,chantier,genie_civil_archi,1,0,1,0,1,0,0,1,1,0,1,0,1,0,0,0,1,0,GCA,synthetic_corpus_v2,syn_65b12e3a90c3,synthetic
2.2387675520020824,3.0578418164449825,5.7095124680569365,1.7812328166463929,4.034355776828518,7.19453300823619,2.4472769347750436,3.4094037422246153,8.50174267262405,7.410143713423877,8.175213959743454,bureau,droit_affaires,0,0,0,0,0,1,1,0,0,1,0,0,0,1,0,0,0,1,DTJA,synthetic_corpus_v2,syn_f2625facb731,synthetic
7.754437957233796,3.9903287016948985,4.909027596468684,3.31658175230515,2.8855595581008937,2.2580097971414594,4.3723001224288485,8.240890272718463,3.051204815688523,4.765160763540783,12.92279500231933,labo,agriculture_elevage,1,0,1,0,1,1,1,1,0,0,0,0,0,0,0,0,0,0,AEE,synthetic_corpus_v2,syn_4d7e418e576b,synthetic
3.862125186817532,3.0807545230231987,4.072196303042249,2.514511921464154,2.284138632041185,5.946632313461747,3.038060805024397,1.6219895686609769,8.790678517529074,10.0,10.086295709330791,bureau,droit_affaires,1,0,1,0,1,0,0,0,0,0,0,0,1,0,0,0,1,1,IAA,synthetic_corpus_v2,syn_813b27ee6f2c,synthetic
8.14124935975514,6.503716270131285,9.734127972101534,2.8980375226890294,3.901347801709631,4.029744219576648,3.4754315961690443,1.6661694401838,4.692332725996904,4.6001722434226044,14.59479240083433,bureau,data_science,1,0,1,0,1,0,0,1,0,0,1,0,1,0,0,0,0,1,ISAIA,synthetic_corpus_v2,syn_4dbb23374959,synthetic
4.327497581184199,9.288501466203456,5.889315915445441,3.241495197305182,2.11314096493206,7.90608612143801,2.938278808467855,3.4491996692009685,3.8088607850947227,4.489764974338455,15.163343027257852,startup,gestion_projet_si,1,1,0,0,1,0,0,0,0,0,0,1,0,0,1,0,0,0,IGGLIA,synthetic_corpus_v2,syn_cbb835f9dd9c,synthetic
1.5944508951815135,6.011649425180965,3.635527448211882,7.930526817754077,2.957747370481567,6.367119228538718,4.520631300309443,4.064375987756257,7.923348280401895,3.2598854813491926,9.365816863454587,startup,developpement_logiciel,0,1,0,1,1,0,0,0,1,0,1,0,0,1,1,0,0,0,IMTICIA,synthetic_corpus_v2,syn_6a66ba335c64,synthetic
7.981324950844442,4.295186956690485,6.265494070188087,4.924015870226081,0.7596894969117902,4.6844278323172,9.769599044728416,4.730325471718001,4.738301584786077,3.6577687981983535,13.392335748045108,bureau,genie_civil_archi,1,1,0,1,0,0,0,1,0,0,0,0,1,0,1,0,0,1,GCA,synthetic_corpus_v2,syn_5b92be75dc12,synthetic
7.7237695615377815,3.0943447317012973,5.7101901659641685,9.186084128483682,1.933861829103513,5.699861411969258,8.166255807007218,3.7794122508800023,6.084633222346672,5.706594279957452,12.252354997657719,chantier,genie_civil_archi,0,1,0,1,1,0,0,1,0,1,1,1,1,1,0,0,1,0,GCA,synthetic_corpus_v2,syn_65ed8250e37c,synthetic
6.029160625420914,2.330267318592789,6.350493151219817,3.6768023814661936,3.8829899085326,8.531223614505022,3.133986046505727,3.6924513411435766,8.468316003568093,8.752506145548688,16.432498265250235,remote,commerce_gestion,1,1,1,0,1,0,0,1,0,1,0,0,1,1,1,0,0,1,CAA,synthetic_corpus_v2,syn_ad73935298ff,synthetic
7.096543337293863,4.0880719080973815,6.6719301981032455,2.134506415164254,6.821479090774551,5.746894185162148,8.542590833971639,2.8675939058732727,3.694582441072787,2.2006578051557555,13.271353536646398,terrain,industrie_automatisme,0,1,1,1,1,1,1,0,0,0,0,1,0,1,1,0,0,0,EMII,synthetic_corpus_v2,syn_84d1323938db,synthetic
5.633377141807358,4.55909972204984,3.852152423332809,1.6331485499658147,3.247301619374108,5.0822327235400975,5.177167750059737,8.412304181321502,3.881562369240333,3.177805624754519,9.715571066888579,labo,agroalimentaire,1,0,0,1,0,0,1,0,0,1,0,1,1,0,0,1,0,1,IAA,synthetic_corpus_v2,syn_672390821a16,synthetic
6.056274721465027,3.758717739326622,6.786150625734527,3.9973579597240865,2.054062029110585,4.942568945422822,3.1559788268939672,10.0,5.1962027842366165,3.730752717055146,16.312821257956365,labo,droit_affaires,0,0,1,1,1,1,1,1,0,1,0,0,1,0,1,1,0,1,PIP,synthetic_corpus_v2,syn_d5110a0921d6,synthetic
4.41556286493182,6.156287355468218,4.620051599680346,9.573781337735422,3.805597533110297,5.612146664314378,2.521796783303429,0.6724716780889637,5.039378297492718,2.342234960596545,16.38894146787438,bureau,multimedia_ux,1,1,1,1,0,0,1,1,1,0,0,0,0,0,1,1,1,1,IMTICIA,synthetic_corpus_v2,syn_251b0f17cc54,synthetic
5.574353457838553,0.0,4.34861481470467,3.4331319058475,0.9619121871108368,5.329082490621021,1.6632443143150293,2.287911067921246,6.618514182376964,8.751960632185408,12.904742997271123,bureau,droit_affaires,0,0,0,1,1,1,0,1,0,1,0,0,1,0,0,0,0,1,DTJA,synthetic_corpus_v2,syn_f9cab6ca02df,synthetic
6.6751141082299394,4.845632173640803,8.492355095230003,4.2522864862957235,2.89025638353214,8.294085013774326,1.7950793612700466,1.6116020964088884,7.235795236314798,9.859104627828726,13.868291658820102,remote,finance_compta,0,0,0,0,0,1,0,1,1,1,1,1,1,0,0,0,1,0,FIC,synthetic_corpus_v2,syn_545fdebf9e1b,synthetic
7.9600189070248915,5.033248076558412,6.226622556253423,4.057561081514123,3.132522024094487,6.142993749939139,9.109549314301361,3.677830709399625,4.397730419233563,0.3576604183113834,16.08438711755288,terrain,industrie_automatisme,0,1,0,1,1,0,0,0,1,1,0,1,1,1,1,0,1,0,GCA,synthetic_corpus_v2,syn_7ec99a74e4b5,synthetic
5.866714486411678,4.819069302077051,4.555638198831388,1.9496316056058938,8.420798615085774,2.719691627753539,5.2290804702411995,4.245533895275836,3.2409168406547253,0.33148772884716804,14.114928464776174,atelier,electronique_embarque,1,0,0,1,0,0,1,1,0,0,0,1,0,1,1,1,0,0,ESIIA,synthetic_corpus_v2,syn_a5d3ffd186b5,synthetic
5.807468608855701,0.0,5.1216239499869785,3.024520189010196,2.2381489139968123,7.362481630479163,4.700332607733435,7.995258415823424,4.46930577228385,1.8335395501710035,11.587152907243912,terrain,multimedia_ux,1,0,0,0,1,0,0,1,0,0,0,0,1,0,0,0,0,0,IAA,synthetic_corpus_v2,syn_89e409f52ed3,synthetic
3.5517459760142187,2.8946553007920026,3.8375238806909806,6.057943410875907,0.7851546651740353,6.930775903583915,4.092183461162439,3.0447494481710065,8.250334791796234,5.375739828357805,10.222532546933323,terrain,pharmacie,0,1,1,1,1,1,1,0,1,0,1,0,1,0,0,0,0,0,TEH,synthetic_corpus_v2,syn_48c7717bf0bf,synthetic
3.6754981528153805,2.9734630622089844,2.078334405708385,3.169277796410607,2.1941861702967853,5.8691097797184115,3.9928765674455864,0.0,8.816294251628278,9.977021593986297,11.669933157028167,bureau,droit_affaires,0,1,0,0,0,0,0,0,0,1,1,0,0,0,0,0,0,1,DTJA,synthetic_corpus_v2,syn_1a9e6256f207,synthetic
7.698302897527464,4.515450708722854,3.0117628483178254,4.9308395032590955,2.79216862051782,4.962986873625883,7.824387421195464,10.0,4.785834263039853,2.8588452865928042,13.325497633160559,labo,recherche_appliquee,1,0,1,0,0,0,1,0,0,0,0,0,0,0,0,0,0,0,PIP,synthetic_corpus_v2,syn_00c876b136e7,synthetic
4.8522281060658665,3.9174496556291643,3.924191623725751,5.245349928071184,4.228280421715755,6.834697018033477,2.3427227718036705,3.220201164468482,8.85383860129988,4.199102435343857,12.774659601261753,labo,commerce_gestion,0,0,1,0,0,1,1,0,0,1,1,0,0,0,0,0,1,0,TEH,synthetic_corpus_v2,syn_95c64aa19b18,synthetic
8.447305955732771,4.456863210141215,7.390828766071342,3.0086325861851178,4.26977827280063,3.75895841200167,1.8391817264795671,2.682233281433055,3.9271034103059255,5.784760536998796,14.385376308319236,remote,data_science,1,0,1,0,1,0,0,1,0,0,0,1,1,1,1,0,0,0,ISAIA,synthetic_corpus_v2,syn_152fc95e4284,synthetic
6.207641968474696,3.3369704565951173,4.883581111575211,3.738856622298903,2.4582099698564965,9.168895848576875,3.0782445867463397,4.063221701117427,7.323422644380116,10.0,14.547294151931514,remote,gestion_projet_si,0,0,0,0,1,0,1,0,0,1,0,1,0,1,1,0,0,1,EMP,synthetic_corpus_v2,syn_2d9117d06702,synthetic
8.058380090668885,3.998281156066602,5.248531086282422,6.134041062801303,3.7864474578268195,2.428027058342388,8.724511285873039,2.9522360669598102,5.654036215967329,0.7840305253137569,14.368133365248763,chantier,genie_civil_archi,1,0,0,1,0,0,0,1,0,0,0,0,1,0,1,0,0,1,GCA,synthetic_corpus_v2,syn_e0d9ed89c710,synthetic
3.691820294825512,1.578399446307674,6.193183188713743,5.047754475897492,4.22572466585969,6.009319118194336,3.0218559795683673,3.4261650348833985,7.535808717122143,5.273205579224358,14.997101814342443,startup,commerce_gestion,1,0,1,0,1,1,0,1,0,0,1,1,0,0,1,0,1,0,TEH,synthetic_corpus_v2,syn_3e3fdd673769,synthetic
6.546017956544794,9.275353348183017,3.8888325277059703,2.02744799966141,4.160683230782636,7.884728584371657,2.3668256341282383,1.090024914168286,4.26764704341566,4.911517169044209,11.628012024115474,remote,gestion_projet_si,1,0,0,0,1,0,0,0,0,1,1,1,0,0,0,1,0,0,IGGLIA,synthetic_corpus_v2,syn_3f77a040c0b5,synthetic
6.87621154250908,6.881381228463164,5.263349832925648,1.9831188725271436,8.38330665273655,3.3149093396400433,6.559838760795641,3.34626770276969,2.476601383889636,1.4560118919589837,11.420376519323547,labo,industrie_automatisme,0,0,0,0,0,0,1,1,1,0,1,0,1,1,1,0,0,1,EMII,synthetic_corpus_v2,syn_d9318e394b4e,synthetic
8.497231092338444,5.9059027840815475,3.381187482760538,2.9821453482120592,1.9796294891566468,5.220233707345423,6.910378110846567,8.99239514964949,4.578759383028486,2.8706640850164113,13.6513092952405,labo,pharmacie,0,0,0,0,0,0,1,0,1,1,0,0,1,0,0,1,1,0,PIP,synthetic_corpus_v2,syn_83d18d8a12fc,synthetic
8.506803016250313,6.249919233217413,9.55365757444905,3.2820887614461385,2.6694156981884944,6.472383618684844,3.018002862462768,4.097618569628823,3.143386133330057,3.6257611226203914,14.43689161864399,bureau,recherche_appliquee,1,0,0,0,1,0,0,1,0,1,0,0,0,0,1,0,0,1,IMTICIA,synthetic_corpus_v2,syn_22f6dd472652,synthetic
4.894726604331039,2.388821536332998,6.709509966547564,2.308866997446046,2.363003712040893,5.762154799272425,4.843254801374893,7.195095931401257,3.082408481569378,4.398782406716783,11.217322259558479,labo,agroalimentaire,0,1,1,0,1,1,1,1,0,0,0,1,1,1,0,1,0,0,IAA,synthetic_corpus_v2,syn_95047747b01f,synthetic
10.0,3.7615908813257564,6.3441780557558145,4.965667511936659,7.311342647099242,3.4796581816223062,10.0,2.01100197511221,5.25602270562687,4.794249194878457,12.759055108577003,atelier,industrie_automatisme,0,0,0,0,1,0,1,1,0,0,0,1,0,1,1,0,0,0,EMII,synthetic_corpus_v2,syn_ef60b0a0b447,synthetic
4.447597237561272,1.2973848335647695,2.6754106342628363,6.790253908261185,2.2343886714890915,7.206492846335741,2.392776965451241,4.909963384344248,8.280788001756335,6.433802769104484,11.819815746966563,terrain,commerce_gestion,0,1,1,1,1,1,0,0,0,0,1,1,0,0,1,0,0,0,TEH,synthetic_corpus_v2,syn_bd3852bbaf9d,synthetic
5.283508703842729,1.6022590262734624,6.556340337370344,3.7163206451802875,2.3804084573244313,4.450413989056729,5.546179888799904,9.297064398059602,5.504988761363252,3.033396193325772,15.05132968336849,bureau,recherche_appliquee,0,1,1,1,1,0,0,0,1,0,1,0,0,0,0,1,0,0,PIP,synthetic_corpus_v2,syn_07c44cd839ac,synthetic
7.019028054722715,6.29913666738904,7.471040739791279,2.810550324869513,4.076272772606978,4.713671387893133,3.2245616539367443,1.818391515118081,3.6416938822833402,3.852569451077111,15.286985092475312,chantier,data_science,1,0,1,0,0,1,0,1,0,1,1,0,0,1,0,0,0,1,ISAIA,synthetic_corpus_v2,syn_7aff26b8c857,synthetic
6.12255244174766,4.761456831608632,4.243265214702147,3.695823926584456,2.191227578974603,6.633015131562604,4.561984277966238,8.821931407964511,4.100237765011539,2.5995693870939527,10.116008173619976,terrain,agroalimentaire,0,1,0,1,0,0,1,1,0,0,0,0,1,1,0,1,0,0,IAA,synthetic_corpus_v2,syn_18aa092db859,synthetic
8.58360849462617,6.6841274017209,9.53021000134234,2.906064996310135,2.7558515644037187,6.293742244955797,5.371335632748075,2.074486441085389,7.255147818977204,2.8768391194855605,10.571738056341697,bureau,finance_compta,1,0,1,0,0,1,0,1,0,0,0,0,1,0,0,1,0,0,ISAIA,synthetic_corpus_v2,syn_4f81cea7c924,synthetic
6.2230766970220905,3.0755958714908775,5.462161284183115,5.0219274824113596,2.6697307394480663,9.502549007211528,2.693717882829706,2.871028274354685,7.613245930126441,6.628179443213736,12.018854692761808,bureau,commerce_gestion,1,0,0,0,0,1,1,1,1,1,1,0,0,0,1,0,0,1,EMP,synthetic_corpus_v2,syn_b201152c5a56,synthetic
7.40198178932479,4.1351904341033325,6.78677912936956,3.7434574060427304,6.834016264038952,6.212198368891945,0.0,3.8480605995177486,4.580910925284122,8.94345545896115,14.410713898405588,remote,finance_compta,0,0,1,1,0,0,0,1,1,1,1,1,0,0,0,0,0,0,FIC,synthetic_corpus_v2,syn_d198a1a3fc96,synthetic
4.163359660755666,3.471326742608581,2.9035421930351526,3.207884354783341,1.2707635276470868,4.126649843089672,5.077254215671285,9.91715601025838,6.687045683076772,3.947706803305877,12.491820826136934,labo,agriculture_elevage,1,0,0,1,0,0,1,0,0,0,0,0,0,0,0,1,1,0,AEE,synthetic_corpus_v2,syn_724477427aef,synthetic
5.609288332833506,8.793441291161649,5.462423105561784,3.6711195358644146,1.2691887003257492,6.606974154242618,2.0269499831657134,2.33864711788415,3.956350651176417,3.5729343105193676,13.100486016362215,atelier,gestion_projet_si,1,1,0,0,0,1,0,1,0,0,1,0,1,1,0,0,1,1,IGGLIA,synthetic_corpus_v2,syn_af8a1abe11c8,synthetic
5.146940699787904,6.219655693360916,5.2935101469127535,8.715115337155673,2.0899872789182243,6.818428660582753,4.277405221466813,2.5159710238596538,5.329912957592906,2.5743163974450125,15.009349634051116,remote,multimedia_ux,1,0,0,0,0,0,1,0,1,0,1,1,0,0,1,0,1,1,IMTICIA,synthetic_corpus_v2,syn_c4dbb072366d,synthetic
3.3525304056146727,2.1830475432558405,3.9839551480318414,5.895227872963642,1.2879298083632802,4.462872332213799,2.2446963334195256,3.220991239612898,8.638857786563474,9.557648938752616,11.89480329959537,bureau,droit_affaires,0,1,0,1,1,1,1,0,0,1,0,0,0,0,0,0,0,0,DTJA,synthetic_corpus_v2,syn_daedebc365e1,synthetic
4.392449891359028,2.71505080642547,5.006592286010277,3.9140059662615156,3.535058908797863,9.142623210248797,1.8515849318861077,2.217658782844013,10.0,6.267618943117496,9.682246397395572,bureau,commerce_gestion,0,0,0,0,0,0,1,1,0,1,0,0,0,0,0,0,0,0,CAA,synthetic_corpus_v2,syn_0c6fa438860b,synthetic
6.270253266154982,3.2808794102953556,4.256301302735234,7.867031307254425,2.7222799221160594,5.280478131783846,7.690041227675206,3.4343369258623966,3.598572708025044,2.6566013183076223,12.251985033009074,chantier,genie_civil_archi,0,1,0,0,0,0,0,0,0,0,1,0,1,0,0,0,0,0,GCA,synthetic_corpus_v2,syn_6061b686f497,synthetic
6.560840163540172,9.119214402724303,7.082193224510111,4.49942984481917,4.000379008172462,7.771296065303914,1.7260394650845812,1.7876893239189413,3.8944316690951313,5.999773739633607,14.2706850868406,remote,developpement_logiciel,1,1,1,0,0,1,0,0,0,0,0,0,0,0,0,0,0,0,IGGLIA,synthetic_corpus_v2,syn_20f09f1808c2,synthetic
7.199927385535338,3.938654618501178,8.032189875384166,3.171822825686396,4.231944484415302,4.610458659004073,3.420020833776039,3.185852731167347,4.2677054400640975,5.539421894771727,16.013097493943057,remote,data_science,0,0,1,1,0,0,0,1,1,1,1,0,0,0,1,0,0,1,ISAIA,synthetic_corpus_v2,syn_e7906f051273,synthetic
6.4363362053866755,4.5575285799277445,3.9444250238710543,2.29447091216008,2.6437574452566377,4.818738547871334,4.238380887934921,10.0,7.352248752173033,3.1094860756385834,15.968304618997436,labo,agriculture_elevage,0,0,0,0,0,0,0,0,1,0,0,0,1,0,0,1,0,0,AEE,synthetic_corpus_v2,syn_0943f1601405,synthetic
5.565475315807067,8.747939654855648,5.233276215076901,4.892284202201469,2.913554186156982,6.079977686077019,3.251175037138588,2.8000663350331334,5.232475236407545,4.776431994005345,14.7645547103808,remote,developpement_logiciel,0,1,0,0,1,0,1,1,1,0,0,1,0,1,0,1,1,0,IGGLIA,synthetic_corpus_v2,syn_33905be67995,synthetic
8.855291715430926,5.377358603579915,4.2072200813121405,1.1377753596476654,7.970297936499844,4.82991020030265,10.0,2.6903367790077493,5.86426011306268,2.6342369477311625,12.487398813326362,terrain,electronique_embarque,0,1,0,1,0,0,1,0,0,0,1,1,1,0,1,0,0,1,EMII,synthetic_corpus_v2,syn_6ae278794269,synthetic
4.272097843896302,1.844309251277935,4.4706759918950105,6.279655297084632,0.7319654166858125,5.894926492359994,3.546195344731945,6.867510209771534,9.273080467553767,2.6383921421513863,13.304260682178397,bureau,tourisme_hotellerie,0,0,0,0,0,1,1,0,0,1,0,0,0,1,0,1,0,1,TEE,synthetic_corpus_v2,syn_2efd77a02b0b,synthetic
6.562814251049781,9.866089505204075,5.619706282563243,5.890682159123205,3.4762347489253242,5.69293656854234,2.436105732863221,1.6272398704261735,4.6353370155443985,6.826501887119158,13.78295870249067,remote,gestion_projet_si,0,0,0,0,0,1,0,1,0,0,0,0,1,1,0,0,0,1,IGGLIA,synthetic_corpus_v2,syn_e9ac5e013344,synthetic
5.610451954236343,1.5596374035782257,3.051589628085421,1.9719719877009196,1.118227672113213,5.6467911328454825,3.5922582010318598,2.9310907989716064,10.0,8.362301315213621,14.290723541352092,bureau,droit_affaires,1,1,1,1,0,1,0,0,0,1,1,0,1,0,0,1,1,1,DTJA,synthetic_corpus_v2,syn_9bddeb7bfecd,synthetic
3.851624762554198,3.572888184461887,3.322106625782971,8.78978640723487,4.735320659287472,2.562851489674078,1.769677844242713,2.9743812927412585,5.459337430541031,3.6951517479028273,13.065831801855749,bureau,recherche_appliquee,1,0,1,0,1,1,0,0,1,1,1,0,1,0,0,1,0,0,IMTICIA,synthetic_corpus_v2,syn_97836cda7a2c,synthetic
7.738786406083343,1.383411734520325,5.45895953203343,2.4626386911626215,1.7662837406366094,6.207160097050076,4.772600802416938,8.7771542656737,2.4871197602804576,2.3404517727703746,11.149029075563323,labo,agriculture_elevage,0,1,0,0,0,0,0,1,0,0,0,0,1,1,0,1,0,0,AEE,synthetic_corpus_v2,syn_3ef72ee6131a,synthetic
1.4077935547342015,1.3101345997415093,2.956581777918128,2.192774983236515,0.0,6.322771863282064,1.3356388395668866,1.6837819140904804,8.340597834177105,7.498513894198613,12.320832923116466,bureau,droit_affaires,0,0,0,1,0,1,0,1,1,1,0,1,0,1,0,0,0,0,DTJA,synthetic_corpus_v2,syn_cf2662a51dac,synthetic
6.800933816284793,2.1366225057921886,3.95331265510344,2.0237580610549126,2.3678628868585125,5.228318914880215,4.828210506229295,9.131907428807063,5.2413559718157945,2.8509242227862375,15.457109296561894,labo,pharmacie,0,0,1,0,0,1,1,0,0,1,1,0,1,1,0,1,1,0,PIP,synthetic_corpus_v2,syn_752b64e3c5ea,synthetic
4.634521865231656,8.270994179614195,4.057310221823395,9.799935431063538,3.861076741530938,8.340257802184384,3.5446794842030247,2.5917304028746844,6.107270507313428,3.834176386057522,12.110142136631309,startup,developpement_logiciel,1,1,0,1,1,0,0,0,1,0,0,0,1,0,0,1,0,1,IMTICIA,synthetic_corpus_v2,syn_17f5f863ba50,synthetic
7.528347667194421,2.1931179075114997,5.357102283948802,4.526801130025089,0.0,8.447562969870035,0.41055141856394695,2.4780840140484846,9.715616117842451,6.261022677729367,15.314381742555277,remote,commerce_gestion,1,0,0,0,0,1,0,0,0,1,1,0,0,0,1,1,1,1,CAA,synthetic_corpus_v2,syn_ff25d9008578,synthetic
6.071770277469625,3.5886540003281726,4.261598332034889,2.7137740479748844,1.7007760839873118,2.855185483405551,4.71633956859573,10.0,3.8175866588725076,1.6319748357861636,13.847090037583742,atelier,agroalimentaire,1,0,1,0,1,0,1,0,1,0,0,0,1,1,0,0,0,1,IAA,synthetic_corpus_v2,syn_46f132dd57ea,synthetic
5.443524244736627,4.110527337713165,3.7252341956268915,8.974621178470876,4.1008518289264275,6.540414364357014,3.8247394145200238,3.4578774374931815,7.059308488530491,2.8207760428681445,11.917593826009682,bureau,multimedia_ux,1,1,1,0,1,1,0,0,0,0,1,0,0,0,1,1,1,1,IMTICIA,synthetic_corpus_v2,syn_0f20b47604b0,synthetic
4.958703758256773,6.357125631907981,4.660294364316286,9.503150500101524,2.6930017667843242,6.739425042271507,2.074417587148054,1.8916145991500173,4.666682465402409,0.0,9.874773655635884,bureau,developpement_logiciel,0,1,0,1,0,0,0,0,0,0,1,1,0,0,1,1,0,1,IMTICIA,synthetic_corpus_v2,syn_e2bf51cb4f17,synthetic
5.842896253130049,8.675298826111971,5.842277113540209,5.078143250984766,4.371385008379058,8.389116849142829,2.739884123494162,1.8723601470150009,3.2022486331259996,5.311936694151266,14.797755913638213,bureau,gestion_projet_si,1,1,0,1,1,1,1,0,0,0,1,0,1,0,1,0,0,1,IGGLIA,synthetic_corpus_v2,syn_00460db4fcac,synthetic
3.54815562145807,3.017663580368891,4.694052265983891,4.846160459215244,1.1886001336276384,4.117924700258593,4.580726741237935,5.935149680536684,9.069080732769924,6.2679790807581055,12.03965698767498,terrain,agriculture_elevage,0,0,0,1,0,1,0,1,0,0,0,1,0,0,0,1,0,0,TEE,synthetic_corpus_v2,syn_7f340c9dfe7d,synthetic
5.5938770639135305,2.702255089815631,2.385192009365544,4.276997160590039,1.4348365704874262,6.758830807102149,2.517231810386656,3.252081296585432,6.6336227858860894,7.390142793387483,12.92806919940657,bureau,droit_affaires,1,0,0,0,1,0,0,0,1,0,1,0,0,0,0,0,0,1,DTJA,synthetic_corpus_v2,syn_2a1b4ed9448a,synthetic
4.276852193539071,3.421353425722446,5.771743680344058,3.3713718950799145,2.75124599964228,8.966084240013924,2.5722512417027703,3.775569410377215,3.5046504099226747,10.0,14.700737883225287,labo,gestion_projet_si,0,0,0,0,0,0,0,1,0,1,0,0,0,0,0,0,0,0,ISAIA,synthetic_corpus_v2,syn_271de96c97c9,synthetic
3.479760698689594,1.9403338532275216,5.073809524617615,3.859324374954739,2.0476382725666227,8.331933448684325,1.938241079149388,2.3635585258430907,7.1825936881203605,10.0,12.324832223079287,bureau,droit_affaires,0,1,0,1,1,1,0,0,1,0,0,1,0,1,1,1,0,1,DTJA,synthetic_corpus_v2,syn_94310201e75a,synthetic
4.232808741365471,3.1898246939845403,6.206634469747404,5.202328166126254,0.0,8.456390467044372,2.171172361537927,0.0,7.995852030277442,8.962386993772663,11.58846293392682,remote,commerce_gestion,0,0,0,0,0,0,1,0,1,1,1,0,1,0,0,0,1,1,CAA,synthetic_corpus_v2,syn_d08830bfd60a,synthetic
8.11996093469428,4.370454167358058,1.948824961178373,6.719594596637218,2.6222566477003464,4.421867384159571,9.675153655248577,0.8918940225659626,4.436186208354001,5.726810902350915,13.107971989177422,bureau,genie_civil_archi,1,1,1,1,1,0,0,0,0,0,1,1,0,0,0,0,0,1,GCA,synthetic_corpus_v2,syn_b864b4cb0dd1,synthetic
6.888113432874177,3.868813812774317,5.055988168208226,3.795668846716346,4.375188740520237,3.719202845307777,5.767824257949051,6.5767379815787,3.0240839041510803,4.3143196043324705,12.876113751087273,labo,industrie_automatisme,0,1,1,0,1,0,1,1,0,0,1,1,1,0,1,0,0,0,ICMP,synthetic_corpus_v2,syn_a7d982bd1a58,synthetic
6.927057416005489,2.2146587353468816,7.475575790206592,3.712475889216851,2.443097168281684,9.49918572966777,2.0627115584084486,3.063878920637486,5.725328265029475,7.039276509208106,11.632844100753935,bureau,commerce_gestion,1,0,1,0,0,1,0,0,1,1,0,1,1,0,0,0,0,1,EMP,synthetic_corpus_v2,syn_062b43498c7c,synthetic
4.666313944683097,8.740774344452257,2.317788223791261,9.459865087266039,0.0,7.307493328387713,1.7668293921328089,2.132563393236147,4.839605180004118,4.21058275224855,12.222822868608198,startup,multimedia_ux,0,1,0,1,1,0,1,0,1,1,1,0,1,0,1,1,1,1,IMTICIA,synthetic_corpus_v2,syn_9018b707f9cd,synthetic
6.027319076040462,2.4405198143323608,5.338394727042712,2.3490134605255477,4.078060287662288,5.811758223866055,6.277201375799967,5.962096890275591,4.618289584386805,4.510517529238031,13.75461502886504,bureau,commerce_gestion,1,0,1,0,0,0,1,0,0,1,0,0,1,0,0,1,0,1,PIP,synthetic_corpus_v2,syn_7a64b713aa5f,synthetic
6.477273568705635,4.3114931009242525,6.059365668623408,2.5440934826147226,1.397268475177066,6.858019728984585,7.222942951416666,7.993272942228304,5.929866127033543,3.6804800496755465,10.930307559233462,atelier,recherche_appliquee,1,1,1,0,0,0,1,0,1,0,0,0,0,0,0,1,0,0,IAA,synthetic_corpus_v2,syn_04714fff039e,synthetic
8.174526570650874,6.571912805911256,7.23099231439824,3.094714523590537,1.3556919571316755,5.747227073609036,4.277843495131775,5.482400648838125,2.539587363135476,5.664110320750213,11.369839778305227,bureau,recherche_appliquee,1,1,1,0,0,0,1,1,0,0,0,1,1,0,1,1,1,0,ISAIA,synthetic_corpus_v2,syn_c95cd5466398,synthetic
4.074366909618584,2.150894806028745,7.322465714415994,3.5239932022578886,1.4484879181074555,8.647282737630457,2.764655032016052,1.303049664123669,4.012913637279494,7.614010969741612,12.471055001630047,remote,commerce_gestion,0,0,1,0,0,0,1,0,0,1,0,0,0,0,1,0,1,0,CAA,synthetic_corpus_v2,syn_4dd89782d1dc,synthetic
8.888433618381454,6.545198917746874,4.566176760222861,3.897295874128156,10.0,5.656558140391311,7.913260855344274,0.5296024617052395,5.190436911653468,2.5290328781959746,12.210249553183171,labo,recherche_appliquee,0,0,0,1,1,0,1,1,1,0,0,1,0,0,0,0,0,0,ESIIA,synthetic_corpus_v2,syn_cdc97f3dae51,synthetic
3.692499752235922,1.4338812938811376,3.300270818608375,6.943939917250582,3.9692734969680643,6.28434039557011,2.8201097883790283,5.6595811079027865,9.382428809894881,4.793786050515652,10.719545626206065,terrain,commerce_gestion,0,0,0,0,1,1,1,0,1,0,0,0,0,0,0,0,0,1,TEH,synthetic_corpus_v2,syn_1f1ab9efc558,synthetic
7.123535889640226,3.980282828736482,5.825182978598619,1.2953941060241414,4.686662713583917,5.042074362969973,4.857314108331066,9.387961030731539,6.421745496750545,3.927252019136,14.61796533483142,labo,pharmacie,0,1,0,0,0,0,1,1,0,0,1,1,1,0,0,0,0,0,PIP,synthetic_corpus_v2,syn_b4a1673dfe37,synthetic
4.101950546550134,2.194974946860901,4.043309215209812,4.728885377721273,0.6512441861555307,5.231322016244674,2.5675651080895214,7.255771108370254,7.221412920867805,4.336889249300236,12.53985022919971,terrain,tourisme_hotellerie,0,1,0,0,0,0,0,0,0,1,1,0,0,0,0,0,1,1,TEE,synthetic_corpus_v2,syn_27c349a219f1,synthetic
8.90804999145717,6.475895405929873,8.816331769836129,4.60677698998574,4.471817865316014,1.5386063343131897,3.616092221072059,2.257959871988192,4.726472618531559,4.024287625088294,14.66784454574463,labo,tourisme_hotellerie,1,0,0,0,1,0,0,1,0,1,0,0,1,0,0,1,0,0,ISAIA,synthetic_corpus_v2,syn_f3c56a62730c,synthetic
7.315912787930727,3.6951988016745556,5.338421906984972,1.835002904674891,9.607064718372435,3.850792641418517,7.7919255130052925,1.0342425194119458,4.915185596818175,2.91642421152248,10.671976376015476,labo,chimie_procedes,1,1,0,1,1,1,0,0,0,0,1,0,0,0,0,0,1,0,ESIIA,synthetic_corpus_v2,syn_6a474c8f1421,synthetic
4.602696743890374,5.670184803161972,2.556125619120983,9.123790475236357,1.9574591871232003,4.327557633197033,1.108444905458006,2.5236178683819293,6.899490459241481,3.201468407273563,11.99641214469859,remote,multimedia_ux,0,1,0,0,0,0,1,1,1,1,0,1,1,0,0,0,0,0,IMTICIA,synthetic_corpus_v2,syn_0408a51986b4,synthetic
4.514967929895221,9.55979232825279,6.3107665909555415,3.009576573608932,3.982121872608189,7.45578316088981,4.225828971436448,0.839355812373219,3.0449892833511867,4.121811616222363,13.42305607960927,remote,gestion_projet_si,1,0,1,0,0,1,0,1,0,0,1,1,0,0,0,0,0,0,IGGLIA,synthetic_corpus_v2,syn_026f908f861b,synthetic
7.005422549585932,4.117150087324667,2.5221161061803086,0.8151112585729092,9.462804357076758,5.737891022310681,7.183632898841074,3.3928948734328124,4.415997492076257,4.4026371806412525,14.807859456577958,atelier,electronique_embarque,1,1,0,0,0,0,0,1,1,0,0,1,0,0,1,0,1,0,ESIIA,synthetic_corpus_v2,syn_146936a646c4,synthetic
6.005998672974947,6.56904746624633,6.326411673818346,4.318980935309982,3.9112958331156222,6.162692993316087,5.331817039189081,1.9845698742957514,6.216543372079726,2.4684281630453495,12.860376496376642,bureau,developpement_logiciel,0,1,0,0,0,1,1,1,0,0,0,1,0,0,1,0,0,0,IGGLIA,synthetic_corpus_v2,syn_8406e54d4d15,synthetic
5.069030423900745,4.382653087892489,4.4625199812253555,4.060591840691018,2.287771474131605,4.4810340594297395,2.584408338676248,3.490547495009201,9.052137247206096,6.02779693879068,11.390917316027599,bureau,tourisme_hotellerie,1,0,0,0,0,1,0,0,0,1,1,0,0,0,1,0,1,0,TEH,synthetic_corpus_v2,syn_9ef8fcc93de1,synthetic
8.048426977008361,9.121532165599692,6.007960206412035,2.0411166293408454,1.574904235174342,6.392753994169669,3.0247787586659043,2.3766959618723655,4.879609868901615,6.226802162682773,15.70535444352735,startup,gestion_projet_si,1,1,0,1,0,1,0,1,0,0,1,0,1,0,0,0,1,0,IGGLIA,synthetic_corpus_v2,syn_41c5da163a11,synthetic
7.892056215953635,7.625643317575588,4.3140808793591265,4.0602978248558195,9.949580291462336,4.678894237950773,8.154322827660877,1.8252331592834266,6.436843493997091,1.821816999665092,12.336014233367079,atelier,recherche_appliquee,1,1,0,1,0,0,1,0,1,0,1,1,1,1,0,1,0,1,ESIIA,synthetic_corpus_v2,syn_2df045de0a2a,synthetic
5.976318885611932,2.45724501353013,3.083671790682299,2.4144936912296986,3.435805115183867,5.241053298164428,3.2455296013286272,8.806435334476502,3.8256876832784683,2.7248485458728546,12.698047387705232,terrain,agriculture_elevage,0,0,0,0,0,0,1,0,0,1,1,1,0,1,0,1,0,0,AEE,synthetic_corpus_v2,syn_15e2cabc3600,synthetic
5.782320480794949,3.545891305784253,2.589069797937475,4.000907467423969,1.833271079622821,7.668414283642454,3.787765279200051,0.5371297071490515,10.0,6.6587490386642365,13.20521886950956,startup,commerce_gestion,1,1,0,0,0,1,0,0,1,1,0,1,0,0,1,1,1,1,CAA,synthetic_corpus_v2,syn_3c545e530405,synthetic
6.734526573000285,4.115301489067392,4.961911414933982,2.8782994548795364,5.179128897830468,7.866936498758845,6.73570321888037,9.159050061501773,3.808788755262096,3.6639162204513678,12.806069598636611,atelier,multimedia_ux,0,0,0,0,1,0,1,0,0,1,0,1,0,1,0,1,1,0,IAA,synthetic_corpus_v2,syn_86592b774b57,synthetic
4.3514801362981,4.198478062258335,6.274117478365233,3.7851121819085596,3.9458685348464693,8.374799316754947,2.83587342574671,1.329148556618656,5.655392908957748,7.431365056431666,14.039623738143046,remote,electronique_embarque,0,1,0,0,0,1,0,0,1,0,0,0,0,0,1,0,1,1,EMP,synthetic_corpus_v2,syn_7e73bb317a5c,synthetic
7.423113049860209,2.7740264441150475,3.990496665761863,3.020601421968558,1.7140362149667814,3.1955583372467644,5.082361616251166,8.908723180773826,3.5667081493376216,3.3017089332407865,13.64340398965844,labo,recherche_appliquee,0,1,0,0,0,0,1,1,0,1,1,0,0,1,0,0,1,0,PIP,synthetic_corpus_v2,syn_5495d010586f,synthetic
5.996752507405617,3.7009014540730245,5.025796873077244,4.087554723622533,0.1797816025030199,9.625258799615874,1.4914380501239208,3.0172424052410696,7.619880744364971,8.468899803234553,13.579243727421368,remote,gestion_projet_si,1,0,0,1,0,1,1,0,0,1,0,1,0,0,0,0,1,1,EMP,synthetic_corpus_v2,syn_c26faa9f9785,synthetic
6.76216792932969,0.5014340382660123,7.135485414145311,6.881099804554178,3.6967503901177405,4.620594407862477,7.995382129428352,4.355163508768368,3.2445517103842216,2.645130594962418,12.638971699177885,terrain,genie_civil_archi,0,0,0,1,1,0,0,0,0,0,0,0,1,0,1,0,1,0,GCA,synthetic_corpus_v2,syn_4b5e8600d61f,synthetic
4.888530170322245,1.6472909573813905,4.929833952811684,3.188242917679763,2.920602148427813,7.4920889552870245,1.8186722088619045,3.0454797888541947,7.318605969729207,8.519529862852137,11.873272766965782,bureau,finance_compta,0,0,1,1,0,1,1,0,1,0,0,1,1,1,0,1,1,1,DTJA,synthetic_corpus_v2,syn_210247378a54,synthetic
7.482056300095044,3.3485867285696163,5.416420974887099,2.1852157631418483,4.929864252894648,5.236251519174833,8.451268464049956,6.706963927669095,2.9838707522575634,3.0334070451495014,13.170184354673387,terrain,industrie_automatisme,0,0,1,0,0,0,1,0,0,0,0,0,0,1,0,0,1,0,ICMP,synthetic_corpus_v2,syn_306b659e5b47,synthetic
8.641149122299904,5.932302609132791,5.6361352689466795,4.846664970969814,4.358620120838122,6.036566682152892,4.106522914048304,2.837920780066322,3.1386674926196054,2.997473463494491,13.109013613917941,remote,recherche_appliquee,0,1,1,1,1,0,1,1,0,1,0,1,0,1,0,1,0,1,ISAIA,synthetic_corpus_v2,syn_c7032dc07c46,synthetic
6.5886051724406025,3.175469540021974,3.856280169365852,0.25480867605127555,3.2345561488921666,3.7287786380671504,5.692156092636848,8.198449174801832,4.292896025244804,2.7890182672168256,12.532792355014989,labo,chimie_procedes,0,0,0,0,0,0,1,0,0,0,1,0,1,1,1,1,1,1,DTJA,synthetic_corpus_v2,syn_f674522923ff,synthetic
6.6378692002925375,7.480077767287023,6.440199237175008,2.6446800486984894,8.967184588190326,3.6908082321714173,6.048434844299452,0.499420556268535,5.411118215645123,3.9596340634388887,13.603623620485052,atelier,recherche_appliquee,1,0,0,0,0,0,0,1,0,0,0,1,0,0,0,1,0,0,ESIIA,synthetic_corpus_v2,syn_071c45d743fd,synthetic
5.781102411364224,2.3933028179253633,5.473212063827545,2.7015454014615874,3.2414706846709826,4.871947562985432,4.324390575035512,9.828635188742874,4.637009353974724,3.9914470262563793,12.133392070848927,bureau,agroalimentaire,0,1,0,0,0,1,1,0,0,1,0,0,0,1,1,1,0,1,IAA,synthetic_corpus_v2,syn_b32f66510a2b,synthetic
5.4109985339637525,4.851002093392697,4.262748737929442,10.0,2.603915072152715,5.481300880422705,2.7562075966467687,4.303364657837509,4.578431746032938,4.30953852898086,11.900454049653675,remote,droit_affaires,0,0,1,0,1,0,0,1,1,1,1,0,0,0,0,1,1,0,ISAIA,synthetic_corpus_v2,syn_01b9f29735a6,synthetic
8.25001698599555,7.6077540542178586,4.941480427208149,2.689894403323353,10.0,3.738577802249465,6.838883268983343,1.8234042310540866,2.2374719374176903,3.525686232687656,13.97154867171149,bureau,electronique_embarque,1,0,0,1,0,0,1,1,1,0,0,1,1,0,0,0,0,0,ESIIA,synthetic_corpus_v2,syn_259da2cd8cef,synthetic
4.8331467533011505,4.093709461652362,5.507214218227197,8.368485860111207,3.4998315107543734,5.414449290387324,0.3280120709187906,1.9835158756491813,5.008326744543503,3.74914736672682,13.187343018665402,bureau,multimedia_ux,0,1,0,0,1,0,0,0,1,1,1,1,1,0,1,1,0,0,IMTICIA,synthetic_corpus_v2,syn_055a93646384,synthetic
4.119680597874587,4.1493085237500065,3.9681541953013753,1.966735398320278,4.091824559759918,5.159075072189974,4.260733471211443,10.0,3.884830362772182,2.8761505297057868,13.24484347854395,chantier,agriculture_elevage,0,0,1,1,1,0,1,1,0,0,0,0,0,1,0,1,1,1,AEE,synthetic_corpus_v2,syn_8921f18ca9b2,synthetic
10.0,7.097910284902454,10.0,3.91310726928968,0.8283044371893911,4.178722422309669,2.0615010115638395,4.102343194679827,4.518473896385677,6.011344273672087,15.55683197223384,chantier,recherche_appliquee,0,1,1,1,0,1,0,1,0,1,0,1,1,1,1,1,1,1,ISAIA,synthetic_corpus_v2,syn_c819ef1bc635,synthetic
7.9024157341806545,4.3733962472609,6.485303561819981,1.1961172436059098,1.0513895259652508,10.0,2.2151427262979912,4.420829260595389,6.649818129234678,8.464035928543344,12.146568618228674,remote,commerce_gestion,1,0,0,1,0,0,0,1,0,0,0,0,0,1,1,0,0,0,FIC,synthetic_corpus_v2,syn_d5c773983afc,synthetic
5.704902039021373,1.7173821268684324,5.562200892581449,3.0269797551435245,1.2656073845275133,5.1866774445405985,3.5459278331475534,9.732944861474458,4.38139916259075,4.2555041667400735,11.572724452319981,atelier,agriculture_elevage,0,0,1,0,0,0,0,1,0,0,0,0,0,1,0,1,0,0,AEE,synthetic_corpus_v2,syn_f16856eefade,synthetic
6.123556038732761,9.21831811389217,4.937749903425492,2.6323382755448588,3.23466742338671,8.481465413726404,3.173568816570411,4.246994808067129,4.593185175103365,3.715742132638537,13.088970746632075,startup,droit_affaires,1,0,1,0,1,1,0,0,0,1,1,0,1,0,0,0,0,0,IGGLIA,synthetic_corpus_v2,syn_cba6d54971ce,synthetic
7.334662531734284,4.352017283238438,4.8435366606221155,2.2118555519527363,2.947348957344133,7.250916823153963,5.749688040809971,6.340855921339514,1.795473658155608,2.4128452526344324,12.935349536841132,terrain,agroalimentaire,0,1,0,0,0,0,1,0,0,0,0,1,1,0,0,1,0,0,IAA,synthetic_corpus_v2,syn_c3b217d91702,synthetic
9.43892797673269,5.27504531963636,8.455152454940091,4.305222430742463,1.6899561889651376,4.023080553091109,5.097092278090139,2.054568825539791,4.6516835218405,5.668621115673709,14.138205577768213,labo,data_science,1,0,1,0,0,1,1,0,0,0,0,0,1,0,0,0,1,1,ISAIA,synthetic_corpus_v2,syn_ff0973866168,synthetic
6.67580101500217,7.485509369084297,4.581305991016879,10.0,3.6687667356691014,6.221431561456691,4.803768875622496,3.5281481877478287,6.2591381321277995,3.406486406782663,9.471393786556128,remote,droit_affaires,0,1,0,0,0,0,1,0,0,0,1,1,0,1,0,0,1,0,IMTICIA,synthetic_corpus_v2,syn_7bf7b2d4e1da,synthetic
9.19120916930208,2.3915802823550116,7.301953124563768,1.4682590039053578,2.6463640648271416,7.704699880647061,2.314491794961729,2.1716679954004428,3.005245284111561,6.209335306558877,14.78376262157259,remote,finance_compta,0,1,1,0,1,0,1,0,1,1,0,1,0,0,1,1,1,1,FIC,synthetic_corpus_v2,syn_96bfe4b35c68,synthetic
6.99406503240158,1.4935395133704976,6.79071443440728,3.745673439272007,4.086864013649148,6.162611885614054,4.551217184456318,9.018584746975925,4.886438184035177,5.401150367657065,13.37840600295783,bureau,pharmacie,0,0,0,1,0,1,1,0,0,0,0,0,0,1,1,0,0,1,ICMP,synthetic_corpus_v2,syn_4e4bf58bea14,synthetic
8.909669756861778,3.2892330164187915,9.332645242242988,1.1272229546564483,5.179105858107855,4.7669452622721,2.9644170178872553,3.2458603609481433,3.4186557729298426,1.5849483430424178,15.707595447089874,remote,recherche_appliquee,1,0,0,0,0,1,0,1,0,1,0,0,0,1,1,1,0,0,ISAIA,synthetic_corpus_v2,syn_a6cfaf77aea0,synthetic
4.717522685258729,2.9650804810479796,4.725034977551527,3.1757919102836842,1.8067084607360848,7.273947346677844,0.7228655071618453,2.7472692560844543,8.934112031217802,8.896572080479418,13.652045007133058,bureau,commerce_gestion,1,0,0,0,0,1,0,0,0,1,0,1,1,0,1,1,1,0,CAA,synthetic_corpus_v2,syn_2bbe110c3fe3,synthetic
7.738357475986202,5.892261612668378,8.69391905358939,3.0317459354012684,1.4533735552618696,4.883283532591488,5.7202517541157505,4.098543481418117,3.95170393794488,4.585746244709138,14.74895498669668,labo,data_science,1,0,1,0,0,0,1,1,0,0,0,1,1,0,0,0,1,1,ISAIA,synthetic_corpus_v2,syn_b8f588e3e11b,synthetic
6.741272711400594,1.291961331240193,5.5662140683032835,2.9476623819739767,4.260269635321323,8.637888055148593,2.3991188300083817,1.8029103175832542,7.2579413314972845,6.234896889893355,12.64605368000708,remote,commerce_gestion,0,0,0,0,0,0,0,0,1,1,0,0,1,0,0,1,1,1,CAA,synthetic_corpus_v2,syn_54177392bfa7,synthetic
7.025939056601933,2.561735023003009,7.113164572566859,2.3318592181017603,2.8325141407901326,7.877130149483866,3.9013839023013706,2.7650338655065307,5.052682855270106,8.123907639887882,13.600869653206965,startup,commerce_gestion,0,1,0,0,0,1,0,1,0,1,0,0,1,0,1,0,0,0,EMP,synthetic_corpus_v2,syn_d5834950a105,synthetic
5.721839785542239,2.1369643937941585,4.341396415764499,2.7117144743580206,0.9125118218794452,8.484775481234738,4.810129787579718,4.974991772499463,8.954273661326729,7.843776104277674,14.073774958395362,startup,commerce_gestion,0,1,0,0,1,1,1,0,0,0,1,0,0,1,0,0,1,1,EMP,synthetic_corpus_v2,syn_1fb6bb3cb3af,synthetic
5.623355548070894,1.839074155152684,6.816990373647011,4.15211657291092,0.8028792036709373,7.792406458039126,3.3518406617891383,1.4934976075950277,6.295789850369911,7.651027589626114,11.914992336819989,remote,gestion_projet_si,0,0,0,0,0,1,0,1,1,1,0,1,0,0,0,0,1,1,EMP,synthetic_corpus_v2,syn_16529223e0eb,synthetic
6.5527314230359375,8.648604592748189,3.175534939846019,1.1378718352505592,9.076831958603229,3.9167788952326794,7.1313282876128214,0.3049282417274153,2.9460696823302372,4.773567265942032,14.961159381156028,bureau,recherche_appliquee,1,1,0,1,0,0,0,1,0,1,1,1,0,1,0,0,1,0,ESIIA,synthetic_corpus_v2,syn_443e626d7d3d,synthetic
8.335113225333206,2.3150991887318506,7.04923671206021,3.9057363754408256,1.9621933459339012,8.527833966344184,3.1116799601549157,1.3160852524539797,7.510412793659405,8.60989703396118,13.432793104253182,bureau,finance_compta,1,1,1,0,0,0,0,1,0,1,0,0,1,0,0,0,0,1,FIC,synthetic_corpus_v2,syn_cb50a27cd2f0,synthetic
8.679336249048355,3.2073841775979006,6.889598142795435,1.4361488038489667,2.13135933047145,6.373363779702093,0.48102254592872296,1.6238057592689508,5.704134914951931,7.470863650313454,13.928742121915288,bureau,finance_compta,1,1,0,0,0,1,1,1,0,1,1,1,0,0,0,0,0,0,FIC,synthetic_corpus_v2,syn_76680d1ecc8a,synthetic
8.009241097781258,4.123103691201377,6.42449835779059,4.170159053635351,1.6754413740013847,7.056645075766669,2.271165151384996,2.0563609902402784,4.219219800053154,5.33618029750623,15.970270698230042,remote,chimie_procedes,0,0,1,0,1,0,0,0,0,1,0,0,1,0,0,0,0,0,FIC,synthetic_corpus_v2,syn_35104c1117ba,synthetic
6.6616283650037955,7.599621784534301,6.791778832184899,4.35748323315302,3.349531508462652,7.4802286880237885,3.0476334059915997,2.643240923264261,6.297144372537361,4.31447659888654,13.740613243227097,bureau,gestion_projet_si,1,1,0,0,1,1,0,1,0,1,1,0,1,0,0,0,0,1,IGGLIA,synthetic_corpus_v2,syn_008bc7866c16,synthetic
7.696548021681507,3.965392324841501,2.4555371246678965,2.333081167723592,5.850896320189468,6.05478994519968,6.738813953566382,8.963234703717443,5.884285336207075,3.3145648585879735,14.977031321694374,atelier,commerce_gestion,1,0,1,0,0,0,1,0,1,0,1,0,1,1,0,0,0,0,ICMP,synthetic_corpus_v2,syn_c8fdaed3add5,synthetic
6.320354022060341,7.399534009429559,5.35181320053103,2.6927350383502984,7.8587985758499785,3.4477104906245413,10.0,1.5764924494515031,2.4539558753208413,3.233616029627903,17.32117493655547,labo,agriculture_elevage,0,0,0,0,0,1,1,0,0,1,1,0,0,1,0,0,0,0,EMII,synthetic_corpus_v2,syn_60d8ef76aee3,synthetic
3.8743459047719395,9.778593347635685,6.892776157860801,4.086476441410452,3.9447493373903657,6.619604666940388,4.789857716903389,2.79582027679724,4.574836094348289,6.765616504003213,11.548290892445195,remote,gestion_projet_si,0,1,0,1,0,1,0,0,0,1,0,1,0,0,0,0,0,0,IGGLIA,synthetic_corpus_v2,syn_0f3c6c153d62,synthetic
5.508834849908233,6.854262617891639,4.471083874500759,7.976996819466351,2.9967617033356118,6.067474563947448,1.9666375967893015,4.224557913940724,6.824580431393579,0.6134474658944273,12.163768975624775,startup,developpement_logiciel,0,1,1,0,1,0,0,0,0,1,1,0,1,0,0,0,0,0,IMTICIA,synthetic_corpus_v2,syn_e616f358ae32,synthetic
6.5573675668675815,4.77174975705233,4.702177036322725,3.124498095197021,3.748685423714561,4.813228005584273,6.164354784926752,8.473642799677942,2.4186088894310425,2.539094404241557,13.122063714594947,terrain,chimie_procedes,1,0,1,0,0,0,1,0,0,0,0,1,0,1,0,0,0,0,ICMP,synthetic_corpus_v2,syn_8282ed63b0c3,synthetic
4.549758473663248,1.1935886643541938,5.151174527006583,3.474029107758885,3.61055081331416,6.1027751575819025,2.2852485160809133,2.5192985136343706,7.731679895005285,7.862918320604464,13.421870170072774,bureau,droit_affaires,1,0,0,0,0,1,1,0,0,0,0,1,1,0,0,0,0,1,DTJA,synthetic_corpus_v2,syn_7325993a4587,synthetic
5.831218088597879,6.540596910214769,2.6241622263423525,8.387687124733587,3.4619102536260282,6.118279035852811,4.559828194767683,0.1972993929866571,7.237507861773455,3.066173513026502,12.81081960066293,startup,developpement_logiciel,0,1,1,0,1,0,1,0,1,0,0,0,0,0,0,1,0,0,IMTICIA,synthetic_corpus_v2,syn_d76b6a03e69d,synthetic
3.9120702744101825,2.391810198030399,3.9601690778318006,2.613618333859887,2.9547364657522683,7.156774767052077,3.818141217877139,7.820249903701745,4.366007755680782,3.2120562682745684,15.074694751003012,chantier,agriculture_elevage,1,0,0,0,0,1,1,1,0,0,0,0,1,0,0,1,0,1,AEE,synthetic_corpus_v2,syn_2ed0b379a7b8,synthetic
3.4619836198736986,2.4303004348857953,5.307181513855305,3.679033908406198,3.0124687721914953,8.252517777790981,2.3014222603668903,2.385559536369969,9.10205108389519,7.560059292543571,16.347021950689374,bureau,commerce_gestion,0,0,0,0,0,1,0,1,1,0,1,0,1,0,1,0,0,0,CAA,synthetic_corpus_v2,syn_03510fa2245c,synthetic
7.023676279632991,2.3921775710511612,5.008516247658083,2.5143401258376397,3.933529792262903,3.6932354969118597,4.981214869174938,8.197439392849159,3.5237252163487245,5.075901344742381,10.542741330704938,labo,agroalimentaire,0,0,1,0,1,1,1,1,0,1,1,1,0,1,1,1,1,0,IGGLIA,synthetic_corpus_v2,syn_f2a9e0b6e66c,synthetic
8.101855089603928,0.8824909022980645,5.791248265954915,6.839811700545073,3.7917211926763588,5.878912314685424,6.583367845781773,3.2409116042295567,4.644051022356097,2.641184725694256,15.345268857619418,remote,genie_civil_archi,1,0,0,1,1,0,0,0,0,1,0,0,1,0,1,0,1,1,GCA,synthetic_corpus_v2,syn_99379226da10,synthetic
6.200796515797404,2.7630926669206652,4.276220030512343,6.800243662642596,4.544740542821657,7.666615038541885,9.908621285200201,1.5879312137216728,3.693713083373915,2.9589681999880533,14.782132261577695,bureau,genie_civil_archi,0,0,0,0,0,0,1,0,1,0,1,1,1,0,1,0,0,0,GCA,synthetic_corpus_v2,syn_bed5f90e240d,synthetic
5.236796244947003,3.3848723993307015,4.842961731551471,1.6084355999565405,1.0517321963349044,8.071100734749757,1.6582536787630833,2.857410425670166,5.074172803393736,6.70041402217866,14.983237197735018,bureau,pharmacie,0,0,1,1,0,1,1,1,0,1,0,0,1,0,1,1,0,1,EMP,synthetic_corpus_v2,syn_1914a31e724f,synthetic
4.056620616628174,2.2116905056909486,4.058060730979357,6.013082040028276,0.5244234153655145,6.040171515075649,3.099522475427701,6.563955488319216,8.316566090784882,4.1369848478903135,15.376542252086146,terrain,tourisme_hotellerie,0,0,1,0,1,1,0,0,1,0,0,0,0,0,0,0,1,0,TEE,synthetic_corpus_v2,syn_e3f6da70ffa1,synthetic
8.159751206741351,3.5401202746600973,3.616202099913957,6.446654903205494,3.872872961471467,5.749523933285715,8.655599700948478,3.4150929768360565,5.910675351456986,2.8617377283969754,12.133597655668503,chantier,genie_civil_archi,1,0,1,0,1,0,0,0,1,0,0,0,1,1,1,0,0,1,GCA,synthetic_corpus_v2,syn_8e4396795543,synthetic
7.814325079757731,4.723906133337273,5.648788861379769,5.570413221964747,2.3916124466092485,4.7076866337559125,9.290517023172141,2.526311109275397,4.895321694372951,5.095145156137741,13.081901238254481,chantier,genie_civil_archi,0,1,0,0,1,0,0,0,0,1,1,0,1,1,1,0,0,1,GCA,synthetic_corpus_v2,syn_e02655e19d87,synthetic
3.032714749830803,0.9149787870338195,3.250813929064451,4.174801043998173,2.1591541851468574,9.444929415305678,3.1210573519580724,3.745377577613697,7.856343058252991,9.13435181002875,14.449856655057369,chantier,commerce_gestion,0,0,1,0,0,0,0,0,0,1,0,0,0,1,0,0,1,1,EMP,synthetic_corpus_v2,syn_f0bc80712f50,synthetic
4.937399976840407,2.028511566372201,7.198445296027324,2.2941856830747405,0.9947729297894988,7.097243373334458,3.1286873656116017,3.0271246234844233,6.007014729659371,10.0,12.754962698361195,bureau,droit_affaires,1,0,0,1,0,1,0,1,1,1,1,1,0,0,1,0,0,0,DTJA,synthetic_corpus_v2,syn_d2b609e69b28,synthetic
6.415901696640535,6.946230082886147,3.515751298835853,3.5215595484270192,4.766391509615357,8.196267056388686,2.7806544846657237,5.613114778510582,3.213556104680092,5.659753739598698,12.706788977297405,remote,gestion_projet_si,0,0,0,0,0,1,0,1,0,1,0,1,1,0,0,1,1,0,IGGLIA,synthetic_corpus_v2,syn_8e2814a73ed4,synthetic
7.791125813917015,0.5549443227654818,4.532945239795037,8.569515573077602,2.23218218552032,2.8219309163377,7.2010105396978705,2.157934901279499,5.8221918834297615,7.160428477896103,13.233607842127407,chantier,genie_civil_archi,1,0,0,0,1,1,0,0,0,1,0,0,1,0,1,0,0,1,GCA,synthetic_corpus_v2,syn_5e9a8a6349c5,synthetic
6.958126226903967,5.257336788992848,3.4225609257494156,7.780120042742077,4.24386331751964,5.59936304387044,5.842333469678186,3.2425136241565493,5.49900178402855,4.057842722808033,12.876717934421118,terrain,agroalimentaire,1,0,0,1,1,0,1,1,0,1,0,1,1,1,1,0,1,1,GCA,synthetic_corpus_v2,syn_ba07d7aeaaba,synthetic
4.188176352725852,2.8739803607665837,5.169440762462569,6.381751197355244,0.6425598059997351,5.671832256863671,2.246964581379104,6.697852318366147,8.017375467754764,4.61030119691738,12.14442069094826,terrain,tourisme_hotellerie,1,0,1,0,0,0,0,0,1,0,0,1,1,0,0,0,0,0,TEE,synthetic_corpus_v2,syn_d83182da35df,synthetic
7.303661121619774,2.7970571824531434,2.745260641833107,6.129701195897571,3.2204150199465795,5.882851208089547,6.661057602420804,2.4835414901297983,3.8886550231640973,3.2998422807101804,10.695875559653668,bureau,genie_civil_archi,0,0,1,0,1,0,0,1,0,0,1,0,1,1,1,0,0,0,GCA,synthetic_corpus_v2,syn_978c7b2ec5c7,synthetic
8.304422486234616,2.300525926598511,6.3697630916087515,4.262245825965038,2.610739933330634,7.3599434808449615,6.60721654512131,5.4112276762567,2.6191282093956243,3.2491108167608336,12.305222792627973,terrain,industrie_automatisme,1,0,0,1,0,1,0,0,1,0,0,0,1,1,0,0,0,1,ICMP,synthetic_corpus_v2,syn_55b49a3f11cf,synthetic
5.407240562571694,2.877472173401678,2.610312138691805,5.397837102032436,3.7807062494997625,5.297647643142719,0.9352046664163174,2.995409335516192,9.875798344472743,3.0428250138789745,12.681321080973548,terrain,commerce_gestion,1,1,1,0,0,1,0,0,0,1,1,1,1,0,0,0,0,0,ICMP,synthetic_corpus_v2,syn_dda733984047,synthetic
8.706059205214991,4.553723242110252,4.255957768985678,1.7636484639577716,4.083939026020886,7.224713286926853,6.961433457848358,6.386147399538999,2.944823677109018,3.156390341484077,13.325370638445339,labo,industrie_automatisme,0,1,0,0,1,1,0,0,0,1,1,1,0,1,0,1,0,1,ICMP,synthetic_corpus_v2,syn_4bc2d99152e5,synthetic
5.649147808543355,5.990519331328596,6.592221936334455,0.7414676971738592,8.91718286994133,5.869825766700195,8.65845274869072,2.4696890150872757,3.7273635795254028,3.7692192733514913,15.262186826489023,remote,recherche_appliquee,1,0,1,1,0,0,1,1,0,0,1,0,0,1,1,1,0,0,ESIIA,synthetic_corpus_v2,syn_7699cc0135b3,synthetic
6.72420794440013,6.41107399943109,6.652560960017511,9.978838326232946,2.1785692157856427,5.63611468720839,1.7953419852466324,3.2944087519177874,7.293282843079156,5.75552834355055,14.566664165851105,startup,developpement_logiciel,1,0,0,1,1,0,1,0,1,0,0,0,0,0,0,0,1,0,ESIIA,synthetic_corpus_v2,syn_73f7f36f0813,synthetic
5.232688517689255,10.0,6.237990952067877,4.571261846604982,3.6870392333575053,6.690815452930183,3.183865177759683,4.493640507614,3.6761009663139594,6.638409656949151,14.023637964363306,bureau,developpement_logiciel,0,1,1,0,0,1,1,0,0,0,1,0,1,0,0,0,0,0,IGGLIA,synthetic_corpus_v2,syn_e1aee9b48912,synthetic
7.628601056241745,9.064666308695664,3.9517863387405403,3.439155076856676,1.1884046335165857,6.57118406610603,3.67024094631875,2.5820986640621735,3.6960386682827977,4.696422379022639,13.66519748000648,remote,developpement_logiciel,0,0,1,1,1,0,0,1,0,0,1,1,0,0,1,1,0,0,IGGLIA,synthetic_corpus_v2,syn_ee890e0ff8d7,synthetic
7.758191492765406,3.4380520573180027,5.46532424313757,3.2582652940925874,5.867392677246058,4.032409192714148,7.064872806134412,9.379680382592062,3.791694460070975,3.391645831939232,16.959299460711854,terrain,industrie_automatisme,1,1,0,0,1,0,1,0,0,0,0,0,1,1,0,0,0,1,ICMP,synthetic_corpus_v2,syn_7dab31b17d60,synthetic
5.9275054526143,0.7408021301322649,5.948603918838167,0.32148831897906316,3.169889103691583,7.7739621587573735,6.681326167738553,8.982790004475692,3.8864472454014884,3.424718867485799,14.577062520444935,terrain,agroalimentaire,1,0,0,0,0,1,0,1,0,0,0,0,1,1,1,1,0,1,IAA,synthetic_corpus_v2,syn_87ba4a09b113,synthetic
3.974984006579026,1.6800589666259222,4.138369720464035,2.6367665472535404,0.30168514251111045,7.639254788594275,3.4082523355259147,2.7793314469380515,8.213702477056826,8.907044344018754,13.87826569787056,bureau,droit_affaires,0,0,0,0,1,1,0,0,0,1,0,1,0,0,0,1,1,1,DTJA,synthetic_corpus_v2,syn_2ca507d04429,synthetic
7.4517193345555395,8.093149771069754,6.847801758862924,3.3770378503943164,6.990857082683323,8.789029648158126,1.0820514074218353,1.9154767951228486,3.592824111795685,7.543203350836753,12.10148121580066,bureau,gestion_projet_si,0,1,0,0,0,1,0,1,0,1,0,0,1,0,1,1,0,0,IGGLIA,synthetic_corpus_v2,syn_db6d7d9bf881,synthetic
4.464391278714605,3.882326408556591,5.477000486647389,5.7794851614801,3.1143357230379682,7.859604865803643,4.380213117663189,2.8897470241156302,7.87124116248654,7.603061930727577,13.302327862703512,startup,commerce_gestion,0,0,0,0,0,1,1,0,1,1,0,1,0,0,1,0,0,1,CAA,synthetic_corpus_v2,syn_928808abf277,synthetic
7.498798701660283,5.800020737443196,5.8812695208569465,4.3192550167865305,8.29690565681939,4.849028636719598,7.368158869641457,2.5572540288174843,4.5451978614636115,3.3810347997457053,13.358503204211026,labo,recherche_appliquee,1,0,1,1,1,0,1,1,0,0,1,1,1,1,0,0,0,0,ESIIA,synthetic_corpus_v2,syn_2531a5c13b09,synthetic
2.0566336833062833,2.106823222565876,0.6073546791555464,3.999631808008963,1.5981922035727019,5.407932091892547,4.111494233076584,6.474452181647284,9.037022258590387,5.337275359086256,10.273356528883372,bureau,tourisme_hotellerie,0,0,0,0,0,1,1,0,0,1,0,0,0,0,0,0,1,1,TEE,synthetic_corpus_v2,syn_0320507369c9,synthetic
6.398439082756558,3.8294220985334184,4.076097786465735,1.4358797377135744,9.922266805190967,2.8452619242714765,6.303710261181567,1.7220665579265433,5.0021489051729215,4.054898021185051,11.792321654039371,atelier,recherche_appliquee,0,1,1,1,1,0,1,1,0,0,0,1,1,0,0,1,1,1,ESIIA,synthetic_corpus_v2,syn_e52a5be06d4f,synthetic
5.915797278479545,3.428804332291766,4.576695673921488,5.580832989008345,3.0560138880163077,8.717406782767329,2.863781107163905,2.2348920243888477,5.682248172324589,5.106869403763647,14.314427584973808,bureau,commerce_gestion,1,1,0,0,0,1,1,0,1,1,0,0,0,1,0,1,1,1,EMP,synthetic_corpus_v2,syn_bcaf6f72032a,synthetic
6.171841292450438,5.448150957304266,8.220467694100003,3.3441271239741788,3.959299619496975,5.96238988883667,5.062925211256089,3.2913736448551916,4.198590044815415,3.888710275906279,14.905339727351926,remote,data_science,1,0,0,0,1,1,1,0,0,1,0,0,0,0,0,0,0,0,ISAIA,synthetic_corpus_v2,syn_8d04a84afe32,synthetic
7.320356614059999,3.4251515231820098,5.419810960181816,3.7275414499402157,0.3267415836301666,8.17473535193179,1.8691603120569016,3.7024272708738213,6.799065039764602,7.715739700456066,14.669889323834644,bureau,commerce_gestion,0,0,0,0,1,1,0,1,0,0,0,0,1,0,1,0,0,1,FIC,synthetic_corpus_v2,syn_d1828b226a01,synthetic
5.960128949625463,4.250861098973262,5.765779947241299,2.4490338913056946,7.11042022053172,5.418400604467849,8.352364616081724,3.8527828233138273,3.8718961239241283,1.7640581345469872,14.525162773028754,terrain,genie_civil_archi,0,0,0,0,0,0,1,0,1,0,0,1,0,1,0,0,0,1,EMII,synthetic_corpus_v2,syn_ce30d28b4a32,synthetic
4.518203619903695,2.3284820205164762,4.316315883197815,4.983135104034995,1.3924331206078842,7.580871074259814,2.091980318050024,3.298741806201372,8.764704923622984,8.939829398016867,14.441889698602019,bureau,genie_civil_archi,1,0,0,0,0,0,1,1,1,0,0,1,1,0,1,0,0,1,DTJA,synthetic_corpus_v2,syn_a0042be3bf85,synthetic
4.538843688057759,6.611449715590958,2.547700797296872,7.506770147249286,4.778587832825787,6.5475335977422375,4.42121101289035,3.083742893596304,6.301429025565234,4.64569342055457,13.872229706130122,remote,multimedia_ux,1,0,0,0,1,1,0,1,1,0,1,0,0,0,0,0,0,0,IMTICIA,synthetic_corpus_v2,syn_bf5a38eb122a,synthetic
5.337229786627612,3.8947738399200134,5.259059590721228,2.5420228322932483,4.2960083136253,3.8347044293084442,3.6212923751448542,9.960792827314064,4.927164350629047,3.362940460862116,11.075976664319912,labo,recherche_appliquee,0,0,1,0,0,0,1,0,0,0,0,0,0,0,0,0,0,1,PIP,synthetic_corpus_v2,syn_bfce8f51a472,synthetic
6.341052409562122,2.099385730695012,3.024416464478297,5.324366015926577,3.6187023883026916,4.660981582200875,8.133359792284255,2.754113739937279,5.26302161407801,4.601659587917301,13.795847781841706,bureau,agroalimentaire,0,0,0,0,1,0,1,0,0,0,0,1,1,1,0,1,0,0,GCA,synthetic_corpus_v2,syn_be90628858e1,synthetic
4.25459028517612,3.194910982762731,2.573429546476066,2.042596253474199,0.22811287907525668,6.204621389983719,3.236861366041004,3.469164938923453,7.885087257391803,9.216313121477272,15.858108060498939,bureau,droit_affaires,1,0,1,0,0,1,0,0,1,1,0,0,1,0,0,1,0,1,DTJA,synthetic_corpus_v2,syn_dbd077e93c05,synthetic
5.953434851900187,0.6020348963284288,5.327688485727213,3.3676640340569355,3.0993302797854687,4.88124040197338,5.553923416564548,8.19803890994629,4.8664395577370065,3.7435272188443354,12.657325023141487,labo,agriculture_elevage,0,0,0,0,1,1,1,1,0,0,0,1,0,1,0,1,1,0,AEE,synthetic_corpus_v2,syn_1e8958384893,synthetic
3.544124980282969,1.2497794687298855,3.8544639435051193,5.97722528398555,2.3991192852777745,7.296639018281181,0.0,3.4325816182324638,10.0,8.063073018896613,13.713176821477887,bureau,commerce_gestion,0,1,0,0,0,1,0,1,0,0,1,1,0,0,1,1,1,1,TEH,synthetic_corpus_v2,syn_6a761a839f7a,synthetic
6.152823475127071,5.971615577724462,4.83540993373796,9.41576570483801,1.7163163191788147,4.519589376891387,1.2828869218181198,2.0816767922378743,7.269529975648868,3.4702914741722846,14.619898935136652,remote,multimedia_ux,0,1,0,1,1,0,0,0,1,1,0,0,1,0,1,0,0,1,IMTICIA,synthetic_corpus_v2,syn_806203b01250,synthetic
7.569468841220491,5.9068208834741185,8.00670755382447,1.3631467738630816,1.921740771338901,4.83392966120438,3.334808102312311,3.596117109971131,3.5654505559400755,6.675010426298535,14.078393205659417,labo,agriculture_elevage,0,0,1,0,0,0,0,0,1,1,0,1,0,0,1,0,0,0,ISAIA,synthetic_corpus_v2,syn_9439e5eecace,synthetic
3.292533568891823,7.4841413120012295,6.18130793433766,10.0,1.1311019487907086,5.971702851388825,1.3178148095399034,2.5858440128463647,5.812145833788504,0.9296124745814374,13.292098184258334,remote,multimedia_ux,1,0,0,0,1,0,0,1,1,0,0,0,0,0,0,1,1,1,FIC,synthetic_corpus_v2,syn_74fc31fb25ac,synthetic
3.956632766172258,5.636258340599963,5.060257639941476,7.042413742044965,3.630373648683408,5.676113417752228,2.496376569456154,3.056151784039775,5.010694880148378,3.136898361537258,11.880876668241626,startup,developpement_logiciel,1,0,1,0,0,0,0,1,1,0,1,1,0,0,1,1,0,0,IMTICIA,synthetic_corpus_v2,syn_34690a900729,synthetic
7.236612958656042,1.8300588189289608,4.942208088820299,2.8170181932847167,1.4168808630506848,7.869175302837289,3.427333385741445,1.723661048831151,8.669922445009432,9.737405979225663,13.56664959328472,bureau,commerce_gestion,0,0,1,1,1,1,0,0,0,1,0,1,0,1,1,0,0,1,CAA,synthetic_corpus_v2,syn_aac9e761e2ed,synthetic
3.6604595231495947,1.815896589873764,4.521571222847338,5.121137883035316,0.9571125007503045,5.655220946818583,4.4257063315362775,4.633475705891431,6.938635765567611,6.266036226485975,12.019878247502886,startup,tourisme_hotellerie,1,0,0,0,1,1,0,0,1,0,0,0,1,0,0,1,0,0,TEH,synthetic_corpus_v2,syn_59bdfa97bc82,synthetic
3.8478623741621676,3.8214564977455954,1.8817549582650734,6.919228368647078,2.934067088220959,8.069391147275686,1.0820652285614043,4.038412448243444,7.517991462291372,4.094966580522996,9.679383927008324,bureau,tourisme_hotellerie,1,0,0,0,0,1,0,0,1,1,1,0,0,1,0,0,1,1,TEH,synthetic_corpus_v2,syn_3a7d50360a00,synthetic
6.685780138190252,4.486023191021295,4.800792898439857,8.984457530280999,1.81445054248786,6.118254127728676,7.4057129575163225,3.3515831565845198,5.373989460773469,4.475032365339703,13.760476143844649,terrain,genie_civil_archi,1,0,0,0,1,0,1,0,0,0,0,0,1,1,1,0,0,1,GCA,synthetic_corpus_v2,syn_82aa0c6ebb4d,synthetic
3.926855992927524,2.9994517875459814,6.280462593047403,3.650253221932741,2.1751476462464,8.824057163446787,0.5779035589258954,4.417306218949302,7.293352365842966,7.219755339859102,11.876530837310671,bureau,commerce_gestion,1,1,0,0,0,1,1,1,1,1,1,1,0,0,1,1,0,1,EMP,synthetic_corpus_v2,syn_d30d05c2e99a,synthetic
4.767936000022127,3.6211348833024735,4.7242945162067,4.555332390590428,2.632900654183664,5.475043630945017,4.301452819188368,10.0,5.593722662259077,2.1953398503376977,13.495309377478568,labo,agriculture_elevage,1,1,0,1,0,0,0,1,0,0,0,1,0,0,0,0,0,1,AEE,synthetic_corpus_v2,syn_20c465598dbb,synthetic
4.735038038661152,2.476791311368542,4.402571048163281,4.245341951626338,1.7268999654301456,7.238206566534677,1.8282247415202282,4.445100429649686,7.974244632493712,4.592736368888428,12.18473304313309,bureau,tourisme_hotellerie,1,1,0,1,1,1,1,0,0,0,1,1,0,1,0,1,0,0,TEE,synthetic_corpus_v2,syn_9a9f721ebefd,synthetic
3.2905544156242588,6.096217895424731,3.904075898421124,9.285618136741032,2.894510671561934,4.672259349419406,3.696820215582412,1.3145779253213024,5.1321030013293845,3.1006049659726806,12.272099618618757,remote,multimedia_ux,0,1,0,0,1,0,0,0,1,0,1,0,0,0,0,1,1,1,IMTICIA,synthetic_corpus_v2,syn_b77f322b7acd,synthetic
8.939462962090383,3.705090478437643,5.513515966076321,6.108613894555294,2.136229682547957,5.802949093232977,6.420260769451381,3.6007791587514895,6.461196423340093,1.3020102110429779,11.608673903509082,bureau,genie_civil_archi,0,0,0,1,0,0,0,0,0,0,0,0,1,1,0,0,0,0,GCA,synthetic_corpus_v2,syn_cd7c828aee7f,synthetic
6.6542149009009055,1.0485581499945416,4.861540018532323,1.535081217331547,1.9869310597119463,5.767128384425572,3.130636885241386,9.062612575256942,5.406552754521176,1.0982838207222971,13.213480435035297,labo,agriculture_elevage,1,1,1,0,0,1,1,0,0,1,1,1,1,0,0,1,0,0,AEE,synthetic_corpus_v2,syn_b1e9f01b6219,synthetic
8.239161990864824,4.770392822583371,9.71541264533929,4.007634211141381,3.153629200839011,5.21344355436648,5.456982076489766,5.421350213634238,4.5984659607287615,4.599307820610995,14.59591937353454,labo,data_science,1,1,1,0,1,1,0,1,1,0,0,0,0,0,1,0,1,0,ISAIA,synthetic_corpus_v2,syn_2d2593e23196,synthetic
7.721580866750607,4.582783519078641,4.033247511120681,1.7903898171393604,3.8932211325873602,6.023902170607226,6.057401022608263,9.700926565377175,2.0263708233442768,5.442663424419814,13.359775522112336,labo,chimie_procedes,1,1,1,0,1,0,1,0,1,0,0,1,1,1,0,0,0,0,ICMP,synthetic_corpus_v2,syn_9b64dcfe1591,synthetic
4.613902045298244,0.0,3.026613268593906,4.944910581249709,0.27737685901968123,5.946564364623654,3.914655911833129,4.444611664051938,9.737345082820505,6.6550140688107895,14.06262101937043,terrain,commerce_gestion,0,0,0,0,1,1,0,0,0,0,1,0,1,0,0,1,1,0,TEH,synthetic_corpus_v2,syn_db88eedf2686,synthetic
5.264388460130072,0.8703842382685252,4.544602997121771,4.8108999130174945,1.3102290592917214,7.85949291722253,3.136788186049775,4.144387887483877,8.562527304396768,4.4265970518828075,10.981146727867095,startup,commerce_gestion,0,1,0,1,0,1,0,1,0,0,1,0,0,0,0,0,1,1,PIP,synthetic_corpus_v2,syn_48665be4070a,synthetic
7.6835695578454875,4.088293285487172,5.574851592277698,3.607451336158263,0.0,3.9715546197738036,7.223711986859053,8.3237919143293,5.601379146560523,3.777380402114911,13.052535600135988,bureau,pharmacie,0,0,1,0,0,0,1,0,1,0,0,0,1,1,0,1,0,0,PIP,synthetic_corpus_v2,syn_57f6e5edafa3,synthetic
7.541964728627944,4.3904413092102885,4.703789137572098,3.1261239034906794,1.872144441748873,5.186397645224533,7.907731149497512,10.0,4.837776330904836,1.2170928824569538,13.78471306391358,terrain,agroalimentaire,1,1,1,0,0,0,0,0,0,0,0,1,0,1,0,1,0,1,IAA,synthetic_corpus_v2,syn_29bc1a7e63f1,synthetic
5.09279742135969,6.498222752486443,4.851955011100823,9.457732721425282,4.414462954441741,6.888908389053329,4.8226697874854905,2.1875786118386094,5.122911256784705,3.3986246492863423,11.765945058040163,startup,multimedia_ux,0,0,0,0,0,0,1,0,0,0,1,1,0,0,0,1,1,1,IMTICIA,synthetic_corpus_v2,syn_a0c1de4b547e,synthetic
8.439888915068028,4.836130354432934,9.845431653253003,4.010135140259267,4.183462024939922,4.34132560037205,5.06738867110749,1.6536710834534754,4.473215459595738,3.4050931233756856,14.890985006260891,labo,data_science,0,1,0,0,1,1,0,1,0,0,0,0,0,0,0,0,0,0,ISAIA,synthetic_corpus_v2,syn_86a00f590450,synthetic
5.968148974718442,3.2811432854626563,5.400371496363548,2.7465738340486787,0.6655451308233078,6.551878784103959,3.883088130312176,3.921392595806351,5.057784788814386,7.042530654526922,11.310732316000806,remote,commerce_gestion,1,0,1,0,0,1,0,0,1,0,0,0,1,0,0,0,0,1,IAA,synthetic_corpus_v2,syn_fa765e470c21,synthetic
4.273354772453159,2.993976687397352,5.950433641178969,4.58042462018886,2.066637717945974,6.82403412484955,4.541352465741539,2.289914104460418,6.543831891139065,8.276804529858286,10.012593584028135,bureau,commerce_gestion,0,0,0,0,0,1,1,0,0,0,1,0,1,0,1,0,1,1,CAA,synthetic_corpus_v2,syn_f0b864e348c6,synthetic
7.757421540355718,3.2993139200347774,4.809376406629243,7.1237988679143,3.588857866163718,4.784341081088624,10.0,4.837576907115816,3.515957036048058,3.989763327329125,15.416223587508858,chantier,genie_civil_archi,1,1,0,0,1,0,1,0,0,0,0,1,1,1,1,1,0,0,GCA,synthetic_corpus_v2,syn_8b1b03cc6035,synthetic
4.129478192877215,3.234013293221726,6.11962223775095,1.911674555148796,3.4739022636114987,6.115725568236451,0.9054639275734822,2.4587372189247225,7.355465912688691,6.358443551355825,14.085262091407614,remote,commerce_gestion,0,0,1,0,0,1,0,1,0,1,1,1,0,0,0,0,0,0,EMP,synthetic_corpus_v2,syn_42ce84182475,synthetic
8.079726400708275,6.624339528720672,4.558448506025308,2.708320499515467,5.905321083184611,1.5823627755586611,8.028866065989416,0.0,3.8870984577046475,3.793419865859246,13.035443776477178,terrain,industrie_automatisme,0,0,0,1,0,0,1,0,0,0,1,0,0,1,0,0,0,1,EMII,synthetic_corpus_v2,syn_0e1bc0527883,synthetic
3.9348912435569554,2.164055480066505,0.6840857975578851,1.33011173808919,0.05584716245495547,4.891257855929077,2.179562380376202,2.05172943422078,8.961020295020042,10.0,15.058926637070496,bureau,genie_civil_archi,1,1,0,0,1,1,0,1,0,1,0,0,0,1,1,0,1,1,DTJA,synthetic_corpus_v2,syn_4f49ea8501f7,synthetic
8.304927866515838,5.3117844105738445,10.0,4.602962671568326,4.291053025607813,5.569154175310538,4.724701508221386,3.3086830141753794,4.341564377428893,2.2752327815825804,11.989650637148143,bureau,recherche_appliquee,0,0,0,0,0,1,0,1,1,1,0,1,1,1,1,1,0,0,ISAIA,synthetic_corpus_v2,syn_fde5155b29fe,synthetic
6.137828341842951,6.650735608591641,8.734761930551599,2.9538212939587476,1.6155385396112498,5.9603897175070095,0.7160335956139958,2.462738894408395,4.047188761230685,3.627689995847315,13.808709052949412,labo,recherche_appliquee,0,0,1,1,0,1,0,1,0,1,1,0,1,1,0,0,0,0,ISAIA,synthetic_corpus_v2,syn_9f55b7d2ca61,synthetic
6.835010815470761,4.302053038444809,5.052257931943051,3.9819992865955642,9.570175285439188,2.9254086315203534,5.686095305049514,3.8037569417897243,4.491255573586305,1.8318680297851628,11.741446209359582,bureau,electronique_embarque,1,0,0,0,0,0,1,0,1,1,0,1,0,0,0,0,0,0,ESIIA,synthetic_corpus_v2,syn_77da35cf8b8a,synthetic
6.697320834612624,5.488681637025351,4.72226027237784,2.803614179403161,8.437091062744777,3.2742291614916437,6.226012462219063,0.3749100462343007,5.114703276600101,3.0232902827970793,14.530270372612081,labo,electronique_embarque,1,0,0,0,1,1,0,0,0,1,1,1,0,0,0,0,0,1,ESIIA,synthetic_corpus_v2,syn_c4a946f0bce4,synthetic
4.913792596718497,2.160555183464881,2.2367037566071812,1.0629208497492513,0.6308879587532676,3.1693173234124754,4.1584587127890105,7.893971489006151,3.2321661660329686,4.938464421946456,12.088750895757425,labo,agriculture_elevage,0,1,0,1,0,0,1,0,0,1,0,0,1,0,0,1,0,0,AEE,synthetic_corpus_v2,syn_b27582728fba,synthetic
6.924781933977724,2.6892722487095386,5.537966225655186,3.0689538134635956,4.847769846489549,5.006857018263337,6.823753085368201,8.152259233945603,5.761689279142629,3.648414729877972,10.99922742655884,atelier,pharmacie,1,0,0,0,0,0,1,1,0,1,0,0,0,1,0,0,0,0,ICMP,synthetic_corpus_v2,syn_89f3733b76a3,synthetic
4.742434590047715,7.15193066632802,5.281074347497837,9.164818799215958,2.432279999312051,5.6531860687180755,2.5737605667019383,3.549394670756115,6.495723675111472,5.485340440691788,12.987109992672654,startup,multimedia_ux,0,0,1,0,1,0,1,1,1,0,1,1,0,0,0,0,1,0,IMTICIA,synthetic_corpus_v2,syn_53c1f881dce5,synthetic
5.325416660911232,1.9138677122551693,4.202224833156791,1.7757316370366747,1.7568197299762471,4.115232404653702,1.4792234251780871,1.0794684748776486,7.122268092129355,4.868305149192645,11.961086470641298,bureau,droit_affaires,0,0,1,0,0,1,0,0,1,0,0,0,1,0,0,0,1,1,DTJA,synthetic_corpus_v2,syn_603ea8870a34,synthetic
5.476036136913855,2.152194094211235,4.965404769703481,5.094048517627345,1.8323603800024546,8.737800719641575,4.441584483498716,1.0521274015236541,5.872271512415458,8.358721991299895,9.927072311338911,remote,commerce_gestion,0,0,0,0,1,1,0,1,1,1,0,0,0,0,1,1,1,0,CAA,synthetic_corpus_v2,syn_29eb836c6ec3,synthetic
8.857427793175814,9.502629605210059,5.9926339302208,3.458259321100117,3.4915527831478586,8.595929885365448,3.6375249264726057,1.937269817988258,2.419065868625016,4.477100724203596,14.425436416915009,remote,gestion_projet_si,0,0,0,0,0,1,1,0,0,1,1,0,1,0,0,0,0,1,IGGLIA,synthetic_corpus_v2,syn_9f321ac31a11,synthetic
8.970239089254651,8.545476512451035,7.682321641195939,1.6757553749850003,2.3525162900711147,5.519257572279684,4.049890553168464,3.7528917759982465,4.034154845830445,4.761695636743696,17.684788283146272,remote,recherche_appliquee,1,1,1,1,1,1,0,1,1,0,1,0,1,1,0,0,0,0,ISAIA,synthetic_corpus_v2,syn_28e40912de1c,synthetic
6.482400915366457,5.5564682344123835,5.776614060251109,3.5526511201735094,7.7074459916362486,5.951955845991758,8.397532965251054,4.305458143431708,1.6319648982439876,2.118240645852519,14.299127542461392,bureau,recherche_appliquee,1,0,0,1,1,0,1,1,1,0,1,0,1,1,1,1,1,0,ESIIA,synthetic_corpus_v2,syn_b48a74eb62e2,synthetic
8.245658904993228,4.52117893351642,4.687628552071378,3.6415264061641848,1.5081534993131371,8.306498956954519,2.4716209765194526,1.995058482071362,3.973313541190921,6.569029569895462,13.048292026605168,remote,finance_compta,0,0,1,0,0,1,0,0,0,1,1,0,0,0,0,0,1,0,FIC,synthetic_corpus_v2,syn_86ed394a8e8b,synthetic
4.704111104001194,5.326988414428813,2.3920348900370896,9.67270280540363,4.69479458766692,4.057234537218315,3.6962835832125087,3.0962519919485136,5.978579077769,2.1205865208715347,13.209960168410289,remote,multimedia_ux,1,1,1,1,1,0,1,1,0,1,1,1,0,0,1,0,0,0,PIP,synthetic_corpus_v2,syn_98de58becd67,synthetic
6.066985518406703,9.045472629114586,4.266773751178938,4.943413301612984,0.4597096383916246,7.598138010586342,2.6309938984568215,2.6107255660996898,5.945324250862002,6.084966306718531,14.000528083026436,bureau,developpement_logiciel,0,1,0,0,1,0,0,0,1,1,0,0,0,0,0,0,0,0,FIC,synthetic_corpus_v2,syn_13f00759f28a,synthetic
7.468311576563685,8.294828580085017,5.450898028687591,3.5689496446931157,3.4935048630264633,6.904368349603157,3.544527480608397,1.8328262723846018,7.222078095336793,5.471652617447165,14.369048158057833,bureau,gestion_projet_si,0,0,1,1,1,0,0,1,1,0,0,0,0,0,0,0,1,1,IGGLIA,synthetic_corpus_v2,syn_cf016b175859,synthetic
4.2783326189004836,3.2540649545449383,4.544476213247509,2.7943830308647626,2.3349069267638614,6.450090092700547,2.8641678761584153,1.4193546034010445,7.850329250766271,8.121391782409276,13.291922943196392,startup,commerce_gestion,0,1,0,0,0,1,0,0,0,0,0,0,0,0,0,0,0,1,CAA,synthetic_corpus_v2,syn_c3c9ca7c2c13,synthetic
5.632249245056541,4.851475910834333,5.272168509158154,3.891908801728961,3.9931183842593585,6.984108618856956,4.489676858253685,4.641308191100892,2.810812976711553,3.502569042973785,14.00259770547188,remote,gestion_projet_si,1,1,0,1,0,0,1,0,0,0,1,1,0,0,0,0,0,0,IGGLIA,synthetic_corpus_v2,syn_9d2d45a90e6a,synthetic
6.0298535372247555,2.406111703771618,3.824534601819326,2.898798484744628,1.767780152983251,6.640912082635728,5.5455776892511714,8.58642093449925,3.602360075564219,3.114598126366192,11.60889372661334,labo,agriculture_elevage,0,0,1,0,0,0,1,1,0,1,1,0,0,1,1,1,0,0,AEE,synthetic_corpus_v2,syn_241ed1e7827c,synthetic
5.9164872472408225,4.734248669418753,6.174245645834745,3.219945232044397,8.131351367491037,5.038933599307156,6.0315002754701945,2.87768489976165,3.774206784213415,3.0414012166593887,13.075127572804353,startup,recherche_appliquee,1,1,1,1,1,1,0,1,0,1,0,1,1,0,0,0,0,0,ESIIA,synthetic_corpus_v2,syn_233af12e8766,synthetic
7.303096157337597,2.6517193354474333,6.082036597749839,0.7425227007513531,0.0,10.0,6.6478512250598065,2.923796872590076,8.358230206194857,7.116936616435841,10.63726622742626,bureau,gestion_projet_si,0,0,0,0,0,0,1,0,1,1,1,0,0,1,0,1,1,1,EMP,synthetic_corpus_v2,syn_c8d66b3f5c8b,synthetic
8.106983178874085,5.319469809348066,6.449092045660461,2.5705791065874055,3.9412829856713874,4.359878997029032,5.69109417732994,8.562141043698576,1.431981683204325,3.004590907105155,15.398432427657497,terrain,chimie_procedes,0,0,1,0,0,0,1,1,0,0,1,1,1,1,0,1,0,0,ICMP,synthetic_corpus_v2,syn_31e31373b728,synthetic
6.590932614255974,4.064894436549929,4.581270432450255,3.055323439420964,3.2338653275023033,3.0744919653666507,8.014752974736897,6.1548131237851536,3.142273499413287,3.4853672650762832,10.262947326514896,terrain,industrie_automatisme,0,0,0,1,0,1,1,0,0,0,0,1,0,1,1,0,0,0,ICMP,synthetic_corpus_v2,syn_4309a470bf6f,synthetic
5.252004683699916,8.174660625006084,5.0502265035577985,3.7831447992269642,4.382440634753574,9.681954890590497,2.2668667283432815,2.9099009005255936,3.7470716162109454,2.9652960190632336,16.982404290744068,atelier,gestion_projet_si,1,1,1,1,0,0,1,0,1,0,1,0,0,0,0,0,0,0,PIP,synthetic_corpus_v2,syn_626d53574994,synthetic
3.9932968607086408,3.67834954631674,4.801042130132558,2.928866412211672,3.5522248963890553,5.803375942581361,7.415929004122981,9.592898857663936,4.584259754455996,3.8960175405653907,12.675670241432947,remote,industrie_automatisme,0,0,0,0,1,0,0,1,0,0,1,1,1,1,0,0,0,1,IAA,synthetic_corpus_v2,syn_1279139a55bf,synthetic
6.2985780779526905,1.6766523565828206,5.8172051145112285,4.044724244260942,3.272822778848297,2.729024519325469,5.051932949160849,7.757028637497336,4.845300373764878,4.429662933955245,14.167352530998224,labo,pharmacie,0,0,0,0,0,0,1,0,1,1,1,1,0,0,0,1,0,0,PIP,synthetic_corpus_v2,syn_57943570eb80,synthetic
8.135573285879525,7.830025120454737,7.047239835199674,3.955691442375881,4.019168294283471,7.07776049785224,2.3467838950580417,3.6332267654051345,4.4446698529821935,4.60477085575434,14.992670433864161,startup,gestion_projet_si,0,0,0,1,1,1,0,1,1,1,0,0,0,1,0,0,1,0,IGGLIA,synthetic_corpus_v2,syn_675bbe8eb409,synthetic
7.4014530189407495,7.077450639714527,3.9267253871116736,0.0,7.744607333526295,2.022298132872847,7.735819759002646,2.7980180316578096,4.215938348499097,2.8785768523143367,11.625996634812035,atelier,electronique_embarque,0,0,1,1,0,0,0,0,0,0,0,1,0,0,1,1,0,0,ESIIA,synthetic_corpus_v2,syn_6cb0b922c8b8,synthetic
4.555724495750786,4.519841969801426,5.794006767125817,4.382055677921733,3.5367524975651836,7.119974486951316,4.644305218668211,10.0,3.965664400570465,4.154099086929695,15.592773259872368,bureau,recherche_appliquee,1,1,1,1,0,0,1,1,1,1,1,1,1,0,0,1,0,0,PIP,synthetic_corpus_v2,syn_72b66bbe3751,synthetic
6.055963993573806,3.0557950851267908,5.407709536693009,4.034030520643402,2.2208109099145568,10.0,3.1596658950811785,0.34542969635070886,7.374665578342258,9.399644792026915,9.024728205176764,remote,commerce_gestion,0,0,0,0,0,1,0,1,0,1,1,0,1,0,0,1,1,1,CAA,synthetic_corpus_v2,syn_ac288bffc2c0,synthetic
6.911303072999874,6.751453023965242,3.833204898936457,3.3856414586256993,10.0,4.248069758382879,7.827635316468564,0.8542301248342259,4.884332986302507,2.304858690594833,14.605922667851232,startup,recherche_appliquee,1,1,1,1,1,1,1,1,0,1,0,1,0,0,0,0,0,0,ESIIA,synthetic_corpus_v2,syn_6980c5538f60,synthetic
4.592655303739339,6.9922755402800165,2.3823743991130213,7.292413066944457,3.0457733680820125,3.3942710740948074,2.558138957992593,0.6741656083158847,4.242980361484886,4.605763406344732,12.648813187807288,startup,multimedia_ux,1,0,1,0,1,0,0,0,0,1,0,1,0,1,0,0,1,0,IMTICIA,synthetic_corpus_v2,syn_2e6307666e88,synthetic
6.19384048704436,4.373552553869109,5.5737369322931825,3.394638540806086,1.350807292233744,8.32417260208113,1.3889529350033838,2.2343968121930122,4.96691403448418,8.848009529641761,10.75635115206137,remote,finance_compta,0,1,1,0,0,1,0,1,0,1,0,0,1,0,1,0,0,0,FIC,synthetic_corpus_v2,syn_9a05272281a4,synthetic
6.057515360497478,2.212162111260508,5.516277562602064,2.8953231421497594,2.0061352837028843,8.068079848629889,0.6480363628931183,2.4721663834164493,7.380872732674157,10.0,12.492417191978234,bureau,droit_affaires,1,0,0,0,0,0,0,0,0,1,0,0,0,1,0,1,1,1,DTJA,synthetic_corpus_v2,syn_5a29f9e60157,synthetic
5.027988040124397,4.748515024192794,2.9842618137484878,5.801965739360304,2.6964614821946054,5.4269977104882905,1.7305601934240817,3.0356909491449664,5.68294590739349,7.672234286718969,16.41338268435792,startup,gestion_projet_si,1,0,1,0,1,1,0,0,1,0,0,0,0,0,0,1,0,1,EMP,synthetic_corpus_v2,syn_5cb11c638cc1,synthetic
4.883397853984481,1.1372563475341686,3.2993896020269067,4.43233690443772,0.29480538373681453,5.546359699288394,6.22644087159769,6.628069642218066,10.0,6.756476303201014,11.084724104865385,terrain,tourisme_hotellerie,0,0,1,0,0,1,0,0,1,1,0,1,1,0,1,1,0,0,TEE,synthetic_corpus_v2,syn_8df69c27c3c0,synthetic
6.871451582628657,4.662120874517371,3.422552183838592,9.402063400798378,3.5732990086408654,7.683666576529655,6.67732602333646,1.5479260694618333,4.212922669235901,2.4780366331220445,12.315583696589167,bureau,genie_civil_archi,0,0,1,0,0,0,0,1,0,1,1,1,1,0,1,0,1,1,GCA,synthetic_corpus_v2,syn_1adba3b964b1,synthetic
9.824954483935839,5.431084936702417,9.225898054729807,2.6979317726732917,0.7022869574574693,6.84965351504965,4.694986643957865,2.5298455326783214,6.859492398538476,4.477726628930563,15.814090478002143,remote,data_science,0,1,1,0,0,0,0,1,0,1,0,0,1,0,0,0,0,0,ISAIA,synthetic_corpus_v2,syn_52935b705bf5,synthetic
6.384789918325774,4.76870470847833,2.5325660301807797,5.357520633518753,1.5417147806148692,4.39792881935245,7.997816827390579,1.4913272494002165,3.9751775141970924,2.862307537350395,13.348031767316522,chantier,genie_civil_archi,0,0,1,0,1,1,1,1,1,1,0,0,1,1,0,0,0,0,GCA,synthetic_corpus_v2,syn_2ef2eab57147,synthetic
7.492879984981206,4.591684025489732,8.097556376487548,1.6807744085495404,4.0799740558555895,4.191182015934272,5.027635670993885,1.9969690364250778,4.96334631362435,2.8132460817392033,13.04072041411498,labo,recherche_appliquee,1,1,1,0,0,0,1,1,0,0,1,1,1,0,0,0,0,0,ISAIA,synthetic_corpus_v2,syn_dc19927e2a9f,synthetic
4.875252033832791,7.277331789549827,3.9463515682558867,6.990711973657931,2.4738394320181234,4.305004960035243,2.4042366639300297,2.506271494361634,6.005212828896944,4.583930413659846,11.32329244720565,remote,developpement_logiciel,1,0,1,0,1,0,0,1,0,0,1,0,1,0,0,0,1,0,IMTICIA,synthetic_corpus_v2,syn_6a0f5c705e32,synthetic
4.984764410576865,6.102865818069549,5.226048019707002,5.563134196001822,3.7931393285687474,7.289089433134836,6.629484603869921,0.0,4.830472697493139,3.936349036950238,13.554265096081757,startup,gestion_projet_si,1,1,1,0,0,1,0,1,1,0,0,1,1,0,0,0,0,1,IGGLIA,synthetic_corpus_v2,syn_b5029e150c73,synthetic
6.252068710486352,6.090243204521096,8.384173036462295,2.4248160514811286,3.6121543924451656,5.190633842888257,5.594798594980651,5.216591992508453,4.659269254799779,5.0187598294076725,14.875598966133065,bureau,data_science,1,0,1,1,0,0,1,1,0,1,0,0,1,0,0,0,1,0,ISAIA,synthetic_corpus_v2,syn_7ea2bc14261f,synthetic
4.471634592146113,1.791476050813213,5.093485239684915,3.4706803146971,1.8524802384550747,6.565233615511147,1.9981127934517928,1.1231199916318124,7.745431315640208,8.495166917523887,13.365748125424206,bureau,droit_affaires,0,0,0,1,0,1,1,0,0,1,0,0,0,1,0,0,0,1,DTJA,synthetic_corpus_v2,syn_5212bbec4d56,synthetic
8.015648836217565,9.97314313659121,6.200590617952669,5.190031795239588,4.0917755942708505,8.102668212654212,2.740401833080821,2.8043698764744804,5.034335457848833,5.441532334065638,13.909374798852083,startup,developpement_logiciel,1,1,1,0,1,1,0,1,1,1,1,1,1,1,1,0,0,0,IGGLIA,synthetic_corpus_v2,syn_ba7d876bfef1,synthetic
5.267425881494389,1.6734573377353175,4.463087239824537,0.7812805574368695,3.980672800320536,3.45809997369452,6.342383116305931,7.5134592940448615,4.490382488818487,2.5586817721404636,12.377827389372912,atelier,chimie_procedes,1,0,0,0,0,0,1,0,1,0,0,0,1,1,1,1,0,0,ICMP,synthetic_corpus_v2,syn_ae7424b6e835,synthetic
4.713473489977867,2.1893000391213144,5.217218549748412,5.280012624808685,1.494607810633517,10.0,3.5804526653380786,1.895279023214521,5.9088351823407335,8.235299676789705,13.114478114584923,startup,gestion_projet_si,0,0,0,0,0,1,1,1,1,1,0,1,0,0,0,1,1,1,EMP,synthetic_corpus_v2,syn_1215658c431a,synthetic
7.160063788962679,2.682342973361378,5.397098551023064,4.442862512427353,0.7916450953797265,7.67985527212344,0.44707170262819407,4.909438464556847,6.6411660373711054,9.26026026854611,11.210666023260039,startup,commerce_gestion,0,0,1,1,1,1,1,1,1,1,0,1,1,0,0,0,0,0,EMP,synthetic_corpus_v2,syn_e4ed1a913f3e,synthetic
5.8977768057572355,5.485458622040741,5.819780784367231,1.8239534830697846,0.9479334486694522,5.228092061096341,5.793600165074123,8.181668094212446,4.641248914637171,5.80041621242298,13.068560826214464,terrain,agroalimentaire,0,0,0,0,1,0,1,1,0,0,0,0,0,1,0,1,1,0,IAA,synthetic_corpus_v2,syn_f2dee9fc996b,synthetic
6.039607603465144,3.72396506748988,7.284531063445769,1.9277215632443563,2.9228107905595637,5.806425056594941,3.6201376642670287,7.601343827329735,2.3454751962193687,4.164767556116194,11.792716896524741,terrain,agroalimentaire,0,1,1,0,0,0,1,0,1,0,0,1,0,1,0,1,0,0,IAA,synthetic_corpus_v2,syn_34f4e8332815,synthetic
3.7773496424824105,3.664063918107739,2.6391455303551656,3.1782718383034023,0.41158718562013474,4.942129847310277,1.196846901964039,1.2379581954328391,8.644853054219661,7.984900461436661,9.887750758953073,bureau,droit_affaires,1,1,0,0,0,1,0,0,1,1,0,0,1,0,0,1,0,1,DTJA,synthetic_corpus_v2,syn_071b3da2be91,synthetic
7.551000177315522,9.605343146843262,3.446318782815641,3.280048696739025,3.1557830334500445,7.90756347224864,3.671883354269263,2.414108688670354,5.082994502048927,7.240280208207643,13.057188704423739,bureau,gestion_projet_si,1,1,1,0,1,1,0,0,0,0,0,0,1,0,0,0,0,1,IGGLIA,synthetic_corpus_v2,syn_c9d85f35b14f,synthetic
5.99544179645089,3.504906603778213,4.5465872334263935,8.094399893246528,2.3551631944476146,4.823763280668222,8.627223236018136,2.2619579535559775,3.5440850374612323,6.247069514787849,13.836248481908518,labo,genie_civil_archi,0,0,0,0,0,0,0,1,1,1,0,0,1,0,1,0,1,0,GCA,synthetic_corpus_v2,syn_27c32cefacc5,synthetic
5.8682064233578375,5.287651985713495,7.729525393786494,5.332421439027044,1.7608406523309321,6.8022821279688275,2.7213217683620106,2.203137695860373,6.546018032383029,8.518236777237046,14.055335110371745,startup,commerce_gestion,0,0,0,1,0,1,1,1,0,0,0,0,0,0,0,0,0,1,EMP,synthetic_corpus_v2,syn_345d0af2b351,synthetic
2.41454173400517,5.212441631826154,4.75970141488651,8.366760630844494,0.8907021835685849,6.465962742833084,3.728454864460936,5.295664919917527,8.116096643776995,2.4763885021372767,12.308714836361844,bureau,developpement_logiciel,0,1,0,1,0,0,0,1,1,0,0,0,0,0,0,1,0,1,IMTICIA,synthetic_corpus_v2,syn_0899a03bd003,synthetic
7.614160128466486,7.509135611043248,8.726614599705428,2.3026138676743573,5.530337904301643,8.490429852773932,2.68117812322073,2.8085214455550176,5.513582027100387,5.751289048155718,10.647848123455601,remote,developpement_logiciel,1,0,0,1,0,1,0,0,1,0,0,0,1,0,0,0,1,0,IGGLIA,synthetic_corpus_v2,syn_e5e7ed93c1c2,synthetic
5.623820055740653,5.498156098306201,5.241467989968519,9.173775095453362,2.158262365155708,5.090763822554914,5.285946326440571,4.487580251589031,5.343043074598819,1.074086483195896,14.723646206541257,bureau,developpement_logiciel,0,1,0,0,0,0,1,0,1,0,1,0,1,0,0,0,0,1,IMTICIA,synthetic_corpus_v2,syn_56c431a3329f,synthetic
5.612481181439435,2.663686620125662,4.380859716336719,3.72590036938338,5.56144250176051,4.510429070274129,8.090631810950676,6.628056281443509,4.396880205970291,4.771416269827352,15.409079702457785,terrain,chimie_procedes,0,1,0,1,0,0,1,0,0,0,0,0,0,1,0,0,0,1,ICMP,synthetic_corpus_v2,syn_988403a4618e,synthetic
7.697895178477775,6.845039226642081,4.700233947333882,4.84955328270034,4.3949533811919235,6.776091489868758,8.114343280287965,3.9260133670780046,5.546323668808505,1.5273468175903608,15.300895390545193,labo,electronique_embarque,1,0,0,1,1,1,0,0,1,0,1,0,0,1,0,0,0,0,EMII,synthetic_corpus_v2,syn_73a1b45a870d,synthetic
7.368731044794614,7.158651932946978,2.743030759120861,3.4701192700884325,6.730463242439473,4.113661220123901,8.893525447906882,2.080170069839892,5.3692393297079635,1.0078845427363454,13.515262662157639,labo,tourisme_hotellerie,0,0,0,0,0,0,0,0,1,1,1,1,0,1,1,0,0,0,ESIIA,synthetic_corpus_v2,syn_3e01829a0e6c,synthetic
6.335330961542078,3.8968083027862885,5.836580410201264,3.444226912906074,2.391321867945551,3.3779716914449462,5.940724763262568,6.759505246450123,4.315313234527404,4.81542666124386,11.014981309657227,terrain,genie_civil_archi,0,0,1,1,1,1,0,1,0,1,0,0,0,1,0,1,0,0,AEE,synthetic_corpus_v2,syn_e78d2a672d2d,synthetic
2.82288449717546,3.6803793456290097,2.2658126078578724,5.6009143563539,2.3698244276031497,5.113530643051575,5.013090498559512,4.243981440795668,8.838098372893361,5.248956168688591,14.890195365901242,terrain,tourisme_hotellerie,1,1,0,1,1,1,0,0,0,0,0,0,0,0,0,0,0,0,AEE,synthetic_corpus_v2,syn_5653a6aa029f,synthetic
4.844090851963128,6.720784736583447,5.314060341835017,10.0,2.479383040787199,4.762504266453069,3.9601067066523914,4.005748664063906,6.095598619380219,3.58452330990979,12.18539645775748,chantier,developpement_logiciel,0,0,1,0,1,1,0,0,0,0,1,1,0,0,1,1,1,1,IMTICIA,synthetic_corpus_v2,syn_0a1de267ed8d,synthetic
4.99197809070802,3.50805708111245,0.8481699869528456,3.5086481611104707,3.117946409965037,5.839421858713919,4.232280710504776,6.47908719827525,8.692209637449855,6.186505306856208,10.712428480483148,bureau,tourisme_hotellerie,0,0,1,0,0,1,0,1,0,0,1,0,0,0,0,1,1,0,TEE,synthetic_corpus_v2,syn_091cb95716c0,synthetic
6.810268312233493,9.94551046987287,4.804617725556836,5.920368784361836,3.5932555971340627,7.652836903284743,3.6377854230883973,1.835696891353611,2.9794609170949045,7.347123595900811,11.730121682786217,remote,multimedia_ux,1,1,0,0,0,1,1,1,0,0,1,0,0,0,0,1,0,0,CAA,synthetic_corpus_v2,syn_3baf689e3d4f,synthetic
2.9602458325687637,0.9614677525094577,4.134154576473199,5.329135347526567,4.938032305247924,6.7356452940232225,1.4437505272867321,7.879956004362285,7.486056401517184,3.42486147043002,14.052229431488726,terrain,tourisme_hotellerie,1,1,0,1,0,1,1,1,0,0,0,0,0,1,0,1,1,0,TEE,synthetic_corpus_v2,syn_d3fba7f867fe,synthetic
5.409422594572639,3.027263738328525,3.1535719496082937,4.344825334527181,2.5254643860980655,7.192042304285454,4.15313086722861,5.93718137718241,8.749735382494341,4.691507183176345,9.32988426930557,terrain,tourisme_hotellerie,1,0,0,1,1,0,0,0,0,1,0,0,0,0,0,0,1,0,TEE,synthetic_corpus_v2,syn_aa17f4b2f77b,synthetic
7.579604811386792,9.763139769131698,7.312391387161052,3.931596993169928,1.7845281297149578,5.205548203889855,3.1817801425758527,4.535965380046821,4.588693990518224,6.628972532765734,12.042754468285207,bureau,gestion_projet_si,1,1,0,1,1,0,0,1,0,0,0,0,1,0,0,0,0,1,IGGLIA,synthetic_corpus_v2,syn_b0fd64ab0fb3,synthetic
5.4166486851186715,3.613538309839724,4.922366125229293,3.8343338413978523,4.469671899558784,9.976563639441641,6.089071014549051,9.22228566588976,3.713619149536317,4.573239693428969,15.346347688833752,terrain,agroalimentaire,0,0,0,1,0,1,1,0,1,0,0,1,1,1,0,1,0,1,IAA,synthetic_corpus_v2,syn_006e1c37c9f2,synthetic
3.7540371251031526,2.000327834342832,3.121878534513429,5.1998602045834215,0.917757871217084,6.6290075643953905,1.4816776501727285,2.8309125843120952,10.0,3.891655231277764,10.35712698448712,bureau,commerce_gestion,1,1,1,1,0,1,0,0,1,0,1,0,0,0,0,1,0,0,TEH,synthetic_corpus_v2,syn_3c2742f97830,synthetic
5.267837997165095,4.177728648351214,6.058981668119876,1.922084925027328,4.099597636417066,7.043869500753317,5.627040228745163,7.341175073254758,4.638599989295383,1.1719076778220412,13.819897909240543,remote,recherche_appliquee,0,1,0,0,0,0,0,1,0,1,0,0,1,0,0,0,1,0,PIP,synthetic_corpus_v2,syn_a546000c79a7,synthetic
4.511702180181551,3.6058317605554766,3.643948891162277,5.484207338753598,3.2775297243274846,7.522207973093002,2.834173964467176,3.2344124402021484,5.426461849031691,6.596826452965529,13.91634663367315,startup,commerce_gestion,0,1,0,1,0,1,1,0,0,0,1,0,0,0,0,1,1,0,TEH,synthetic_corpus_v2,syn_8650f4826cda,synthetic
7.40516512499502,0.15276329032128322,6.297187234726655,4.090416708880657,2.8635858355216746,9.222200478882513,3.094908418885752,5.464662154421813,9.25483495476674,8.747593842105934,12.884750144507882,startup,commerce_gestion,0,1,0,0,0,0,0,1,0,0,1,1,0,0,1,0,0,1,CAA,synthetic_corpus_v2,syn_8854a19ab837,synthetic
5.005850644094302,7.804479536472528,6.376409980754539,3.6882053121513225,2.5257345326242397,7.078174498723671,2.039140274318024,4.644197661118642,5.568891488331059,7.951534757756012,13.652655357984216,bureau,developpement_logiciel,1,1,1,0,1,1,0,0,0,0,1,0,0,0,1,0,1,0,IGGLIA,synthetic_corpus_v2,syn_a40a1deb9d3b,synthetic
3.9366577333624306,0.0,4.809946092428152,1.7998344815996834,3.5561652307132174,5.869980320061061,6.293784473813408,9.815814737603654,2.5989208222041675,3.165247486359384,14.208956294483599,labo,agriculture_elevage,1,1,0,1,0,0,1,0,1,0,0,0,0,0,1,1,0,0,AEE,synthetic_corpus_v2,syn_d204fd9c2e5b,synthetic
8.435709498111606,3.393919316044131,1.5318352462354374,3.926357496713949,3.70252606300021,8.135368859798435,1.2952500506494364,3.6531260513554527,6.074569123358816,7.565987425948139,10.495309780585021,remote,gestion_projet_si,0,1,0,0,0,1,1,1,1,1,0,1,1,0,0,0,0,1,EMP,synthetic_corpus_v2,syn_0627cb4b7ae5,synthetic
4.247921011975729,3.678303792471386,4.768872384005407,2.409460569838098,1.1217252196035363,9.122564276884527,2.327171777738061,2.4392704358723463,6.840261976340061,9.126715336467651,16.46767399857404,bureau,gestion_projet_si,0,1,0,1,0,0,0,0,0,0,0,1,0,0,1,0,1,0,EMP,synthetic_corpus_v2,syn_43c750eeccfe,synthetic
7.945410991080907,6.126484776861103,4.006953614337234,2.5529858683266444,5.062021107996262,4.751386075541223,9.06540827328862,2.260099178943343,5.095065779343297,4.474351091772062,11.315443251361776,atelier,electronique_embarque,0,0,1,1,0,0,0,0,0,0,0,0,0,1,0,0,1,1,EMII,synthetic_corpus_v2,syn_e19a85c34b12,synthetic
4.859549299849671,4.300175870491765,3.7925453980308124,3.5303319154914057,0.7421263860334364,8.195055473268512,4.147798830353062,2.72496599910647,4.926375194775668,7.539951350467594,12.900119790572681,bureau,commerce_gestion,1,0,1,0,1,1,0,1,0,1,0,0,0,0,0,0,0,1,CAA,synthetic_corpus_v2,syn_3a611fff082f,synthetic
7.149815198035982,6.753398041182664,3.8432553796884505,5.164224100447326,7.194545255730093,5.035002742716486,6.567087289026579,0.16496677392788017,5.162394763404702,3.2312173257336654,10.99656919780858,atelier,electronique_embarque,1,1,1,1,0,0,1,1,0,0,0,0,0,0,1,0,0,0,ESIIA,synthetic_corpus_v2,syn_bc60dc711aef,synthetic
4.096405699066287,2.747174349615399,5.926776884141019,3.2431920065909625,0.0,7.848495517769856,0.413749147255418,2.5763806904800375,7.506557844458045,9.718468778932936,13.827606482636845,bureau,tourisme_hotellerie,0,0,0,0,1,1,0,0,0,1,0,0,0,0,0,0,1,1,DTJA,synthetic_corpus_v2,syn_ce0adab5a85c,synthetic
5.715712971961666,9.369979771204989,4.4117002773055525,1.677948821621639,3.992122314974006,7.205991440111362,4.603601226383579,1.5796492877396102,5.726423954432368,5.857613414492978,14.274102828110461,bureau,developpement_logiciel,0,1,0,0,0,1,0,1,1,0,1,1,1,0,1,0,0,0,IGGLIA,synthetic_corpus_v2,syn_f3c42be2fbc0,synthetic
6.571450493865271,1.2123905480927195,2.5846855801932915,1.5827720045199662,2.8618856680919476,7.902304714409196,2.8153386845792054,2.6586691929413107,7.508541139476331,9.10749406886927,13.503761892476435,bureau,droit_affaires,1,1,0,0,0,0,1,0,1,1,1,1,0,0,1,0,1,1,DTJA,synthetic_corpus_v2,syn_733eaeb5cfcf,synthetic
4.421464333235444,1.1815556121922042,4.742570604796091,3.155107759334583,3.2437885689271644,5.589858253471519,5.203791004415985,7.1669655793381715,4.3317749484208505,3.912023824581014,12.144807998202962,terrain,agriculture_elevage,1,0,1,0,0,0,0,0,0,1,1,0,0,1,1,1,1,0,AEE,synthetic_corpus_v2,syn_182b0bb4e36c,synthetic
7.595121801814684,4.020640598330954,4.306617936113269,8.450734359100107,3.0407259742153534,5.889127396949868,6.73089462923544,3.435811236742442,3.8916810672968887,3.393616426222916,15.312196512725986,chantier,recherche_appliquee,0,0,0,1,1,1,0,1,1,1,1,0,1,0,0,0,0,0,GCA,synthetic_corpus_v2,syn_1452364d3c7f,synthetic
6.761222576789911,4.653205734285031,3.5173760636000155,6.12876326845449,2.8990551316729865,5.6969988776841625,8.877662085392853,2.202696817227695,2.492243366026532,5.53544501680996,9.624257017261346,chantier,genie_civil_archi,1,1,0,1,1,0,0,1,0,0,0,1,1,0,1,0,1,1,ISAIA,synthetic_corpus_v2,syn_32a642f3c320,synthetic
10.0,6.680251175079339,8.891948995065585,2.495850470164414,4.850915923102824,5.372798261964731,1.2162467951608278,2.1843476092550618,4.828446799586974,4.229414052467931,15.624198503429785,labo,recherche_appliquee,1,0,0,0,0,1,1,1,0,0,1,0,1,0,1,0,0,0,ISAIA,synthetic_corpus_v2,syn_e45844075055,synthetic
3.943444697100967,2.0629506350560436,2.3874665546051435,3.3584451460149056,0.0,6.550575800074883,3.3795633952119233,2.716141710642751,5.617909436496863,6.441005833217018,13.877656354476745,bureau,commerce_gestion,1,0,0,0,0,1,0,1,0,1,1,0,0,0,1,0,1,0,TEH,synthetic_corpus_v2,syn_0ba29f80622b,synthetic
4.780923984454918,2.641999223816055,2.8681488960753216,2.8412877064922277,1.653832911155395,6.022354141501619,2.6003695774920437,1.954592476001741,7.1391544030448575,10.0,12.137852900926426,startup,droit_affaires,0,0,0,0,0,0,0,0,0,1,0,0,0,0,0,0,0,1,DTJA,synthetic_corpus_v2,syn_bf83e41aec77,synthetic
4.919391104520621,5.930955857730124,3.8997561587125986,2.3210969075441623,7.214730252430291,3.663832952438726,9.360170867858042,1.546304192765321,1.822743984054355,2.815944952060123,14.99370525620521,terrain,electronique_embarque,1,1,0,0,0,0,1,0,0,0,0,1,0,1,1,0,0,0,EMII,synthetic_corpus_v2,syn_863ee193f2c4,synthetic
7.023198784617219,6.916568764368504,5.78780719735785,2.9208926056195885,7.966403660699968,5.788257261495227,9.297314751313598,3.5882938378967126,3.8668928691751727,3.421001914215617,11.779703630015103,bureau,electronique_embarque,0,0,1,0,0,0,1,0,0,1,0,1,0,1,1,0,1,1,ESIIA,synthetic_corpus_v2,syn_e21cdd09a3d1,synthetic
5.905220458887438,5.122229999244405,5.044732316647334,10.0,1.87245381755537,6.059428927606234,2.5124253342866987,2.7989680201218756,3.874213313400542,3.9906012676576443,12.656971155861681,startup,developpement_logiciel,0,1,0,0,1,0,0,1,1,0,1,0,1,0,0,0,0,1,IMTICIA,synthetic_corpus_v2,syn_6c1cd14797ff,synthetic
8.33088037802651,2.286252976844658,6.943882417569503,1.8878144439150097,3.8264612241957816,4.053774129421028,7.01466261686952,9.489544998776715,5.581835947365511,5.84893049383122,16.42268819716909,atelier,chimie_procedes,1,1,0,0,0,0,0,0,1,0,0,0,1,1,1,0,1,1,ICMP,synthetic_corpus_v2,syn_519a925cc426,synthetic
2.6922319523417864,2.913453016884077,2.0006935161299557,3.044657288916158,1.0167569343660219,6.47422086373076,2.4543529405165088,6.616462405133423,9.399878241374697,5.5655597928684015,15.092785048573168,atelier,tourisme_hotellerie,0,0,1,1,0,0,1,0,0,0,0,0,1,0,0,1,1,0,TEE,synthetic_corpus_v2,syn_954593ec0775,synthetic
6.580604344662106,2.134383308046064,5.660978141623251,5.119297965875129,2.3555825590491963,7.167932651968458,2.814862756990228,3.044055755089254,5.306167956648048,8.85917887563671,11.036698878745673,bureau,droit_affaires,0,0,0,0,1,1,1,0,0,1,0,0,0,1,1,1,0,0,DTJA,synthetic_corpus_v2,syn_f4c617720da4,synthetic
3.278962995039863,5.888213053013343,4.291657882472086,8.400434395739348,3.9386574251379782,6.2990824194473145,3.2861511154203438,3.182705102825854,4.766056617991956,2.5998187321723085,17.895584859214214,bureau,developpement_logiciel,1,1,0,0,1,0,0,0,1,0,0,1,1,0,0,1,0,0,IMTICIA,synthetic_corpus_v2,syn_2c765d0b6a14,synthetic
5.723462339392558,4.359372279666095,4.458053661530168,2.6464407659447606,3.9957953084004867,4.845800389392498,5.259879944397081,8.803000653934758,5.174378616154392,4.557812719792273,14.48198826098715,atelier,agriculture_elevage,0,0,1,0,1,0,1,1,0,0,0,0,1,0,0,0,0,0,AEE,synthetic_corpus_v2,syn_2e724694fab1,synthetic
8.660961405174143,7.226464118214342,5.369221922458294,2.789733500603366,8.142137002784196,3.697496238292161,9.873162696856522,4.904704838727554,3.570239547032958,4.018241483977288,14.628735672443648,terrain,industrie_automatisme,0,0,0,1,0,0,0,1,0,0,0,1,0,1,1,0,0,1,EMII,synthetic_corpus_v2,syn_fcc64efe934d,synthetic
4.824307585067495,3.024614663713723,2.344912854322215,1.6487571187134016,2.2793699441566146,4.842005081422501,5.688410136156909,6.802871449784165,3.964577605666572,3.4912058890021207,12.016076443673784,labo,agriculture_elevage,1,1,0,0,0,0,0,0,1,0,1,0,1,1,1,1,0,1,AEE,synthetic_corpus_v2,syn_f21a983387dd,synthetic
4.178401042297197,6.60108468291833,5.10209057230452,8.606372175545722,3.5190409302541807,5.22704606389249,3.7919668498383166,5.123057529941832,6.223853353119501,3.374065525924304,12.521213337575551,bureau,genie_civil_archi,1,1,1,0,1,1,0,0,1,0,1,0,0,0,1,1,1,0,IMTICIA,synthetic_corpus_v2,syn_e78c24e0522f,synthetic
5.36885864363637,4.094682952238883,5.829364118415395,3.0659999975478476,3.3672081898015174,8.64992493010994,0.6097542027886385,4.052290060086816,5.254948787705741,6.725778809946728,12.676481968067177,remote,commerce_gestion,0,0,1,0,1,1,0,1,0,1,0,0,0,0,0,0,0,1,EMP,synthetic_corpus_v2,syn_764316593773,synthetic
3.9460326971307893,3.089045233175436,2.634891815440273,1.3157088397575656,2.042062324773337,4.39505421329399,4.542007796893056,7.611308782600436,8.873430696890841,3.992183699190548,12.484825443664231,terrain,tourisme_hotellerie,1,0,0,0,0,0,0,1,1,1,0,0,0,0,0,0,0,0,TEE,synthetic_corpus_v2,syn_c5804c177bd6,synthetic
3.769324057666485,7.746175312845228,2.226492274006641,8.43352822053863,4.035438528890664,4.264998199917182,1.3938495656001233,2.435795070075542,7.982110590659612,5.544277777610004,14.261514375705922,remote,developpement_logiciel,0,1,0,0,1,0,0,0,1,0,0,1,0,1,0,0,0,0,IMTICIA,synthetic_corpus_v2,syn_41172c9c5f8a,synthetic
7.244593383371017,3.7699035238994245,8.121962496066171,3.5815591131326827,5.349216092816684,7.55292094101823,0.9105293342790202,5.809135236916888,6.125150866287433,7.4535838360882325,11.130101004126951,bureau,finance_compta,1,0,1,0,1,1,0,0,0,1,0,0,1,0,0,0,0,1,FIC,synthetic_corpus_v2,syn_a430a96624cb,synthetic
4.5316992603907815,2.6397979832952756,4.492349112987144,5.813909365020524,1.465367052919604,6.222514069565208,4.266713966117808,4.765576714691405,8.34121362552624,4.295592020589025,12.633926499950347,labo,tourisme_hotellerie,0,1,1,0,1,1,0,0,0,0,0,0,0,0,1,0,1,0,TEH,synthetic_corpus_v2,syn_1907c863f24d,synthetic
7.992844584335164,4.248422332016942,4.400054098191398,1.3610951579298778,7.155996759523472,3.957450153530286,6.694181314139749,3.38522707630685,3.7044497283593634,3.2015033459320024,11.774763608631,labo,electronique_embarque,1,0,1,1,0,0,1,1,0,0,0,0,0,0,1,0,1,1,ESIIA,synthetic_corpus_v2,syn_a418b0b0d5ff,synthetic
5.3280223995909255,9.66618437587918,5.726660721052403,4.330651539954909,4.244263609576185,8.387861310911996,4.008236442621791,3.1547663244679773,3.0621664216127114,6.178507815844608,15.8458731082568,remote,gestion_projet_si,1,1,1,0,1,1,0,1,0,1,0,0,0,0,0,1,1,0,IGGLIA,synthetic_corpus_v2,syn_453881776349,synthetic
9.363948474058132,4.151601972877256,5.663901063782681,3.468273291374512,1.5827121530368324,9.681404045318779,2.15031263118538,2.4449487546906488,5.249544286423812,9.077763024021943,13.475363107023691,remote,industrie_automatisme,0,0,1,0,0,1,0,0,0,0,0,1,0,0,0,0,1,0,FIC,synthetic_corpus_v2,syn_64a28c3d23d0,synthetic
7.663310216242427,8.400098224503209,10.0,4.0878609893908875,4.53010443007401,4.985043918633384,2.5828265391703575,4.1196272475124545,3.0275036580038943,7.032789785142365,12.373955901472206,remote,recherche_appliquee,0,0,0,0,0,0,0,0,1,1,0,0,1,0,1,1,0,0,ISAIA,synthetic_corpus_v2,syn_ae8a160c6cd7,synthetic
7.01465913602691,8.769441996014315,4.9128988615465925,2.8011497511608994,2.6531889471963903,6.728747098091973,4.327887270545512,4.606800586477238,4.5283755548470115,6.511869863681227,12.48950767043469,bureau,developpement_logiciel,1,0,0,0,1,1,0,1,1,0,0,1,0,0,0,0,0,1,IGGLIA,synthetic_corpus_v2,syn_6af6d70609ca,synthetic
7.20385196457511,3.92791391238168,4.390435955932385,7.511956767879232,4.149116355155477,4.168811107773657,6.069151082184312,2.8400002333468826,3.8049181776332612,3.1466247432129446,10.402872571772548,terrain,genie_civil_archi,0,0,1,1,1,1,0,1,0,0,1,0,1,0,1,1,1,1,GCA,synthetic_corpus_v2,syn_acf169263fb0,synthetic
3.993661814757754,2.989500753090004,3.4898088225711055,3.69330519851097,1.5126533757748895,7.78131569502901,3.040019767023776,2.608623222572422,7.642741496743483,10.0,12.898847428429514,bureau,droit_affaires,1,0,0,1,0,1,0,1,0,0,0,0,1,0,1,0,0,1,DTJA,synthetic_corpus_v2,syn_7e5d25d3362a,synthetic
9.41376348618164,6.394226335853546,8.234602222791134,3.398240110204346,2.8854174174957548,5.274031195810138,5.381815064195891,3.350270312887125,4.1729762269449875,3.9586613275442897,14.212034099547099,bureau,data_science,1,0,1,1,0,1,1,1,1,1,1,0,0,0,0,1,0,1,ISAIA,synthetic_corpus_v2,syn_1325df1c4e7d,synthetic
8.431448953980516,5.185775624593287,10.0,1.45208078726741,0.9906045394045582,5.512371186664452,4.988651345052259,4.927998715506547,4.186035751060942,4.505012685329684,14.751823786716333,bureau,data_science,1,1,1,0,0,1,1,1,0,1,0,1,1,1,0,0,0,0,ISAIA,synthetic_corpus_v2,syn_2cfe3a73fc47,synthetic
5.913890101486649,2.4990618355512244,4.056640621865861,2.878058223044416,3.8639387275202175,5.766104721101625,5.318433243050459,6.173543948906913,5.131233536325893,3.6524342474206355,11.546802117384296,bureau,agriculture_elevage,0,0,1,1,0,0,0,1,0,1,0,0,1,0,1,0,1,1,AEE,synthetic_corpus_v2,syn_043d35d80c70,synthetic
7.084129932989683,4.679643235620301,7.229196640156054,5.682087595271181,3.167119169832553,6.2902544926432284,9.59736503562961,2.813841820197771,4.359327673530915,5.540075360227042,10.231329086747152,chantier,genie_civil_archi,0,1,1,0,1,1,0,1,0,1,0,1,0,1,0,1,1,0,GCA,synthetic_corpus_v2,syn_b079f6d2530b,synthetic
5.403239935751292,1.2338243807530476,4.967125820374647,5.133316336498496,1.666377231750705,4.900253594982758,4.728927154313997,9.612352374049308,5.384751631189718,3.633433383803651,11.853899351245897,terrain,agriculture_elevage,0,0,1,1,1,0,0,1,0,0,0,0,1,0,0,1,1,1,AEE,synthetic_corpus_v2,syn_491d41c79eaf,synthetic
5.376360521787156,3.3787041933745026,1.3957374625990617,2.8760149647004427,3.4903183096966885,4.228031116100501,8.449707759138638,6.599928774899713,3.1517295943411643,1.7134849901578886,13.071093383275812,terrain,chimie_procedes,1,0,0,1,0,0,1,0,0,0,0,0,0,1,0,1,0,0,EMII,synthetic_corpus_v2,syn_d464afeb2a3e,synthetic
4.755017938905065,2.184999867495143,4.948224056881839,4.612594772593513,1.4383842068997994,5.817642548819358,3.505319871436527,6.774218305408098,7.666324870991128,3.9218174927658582,10.379643492199651,terrain,tourisme_hotellerie,0,0,0,0,1,0,0,0,1,0,0,0,1,0,0,1,1,0,TEE,synthetic_corpus_v2,syn_4d6923304168,synthetic
7.939104526420758,2.485791005550432,6.822315208130677,1.9337826393435822,3.7352363100681663,8.587581178649545,1.30657759866692,2.5070149517461746,6.02913676943804,8.628564964357858,12.571957957197705,remote,finance_compta,1,0,1,0,0,1,1,1,1,1,0,0,0,1,1,0,0,0,FIC,synthetic_corpus_v2,syn_62b8f46e35c2,synthetic
6.754260137389386,8.724583970738324,5.298651250970968,5.149764583840029,2.1403236739815865,7.342725931912987,2.5612473312259185,4.44504287168072,5.418396652874586,4.138642766229056,13.554835842596933,bureau,gestion_projet_si,0,1,1,0,0,0,0,1,0,0,0,0,1,1,1,0,1,0,IMTICIA,synthetic_corpus_v2,syn_34444a727051,synthetic
7.15196213510793,1.89576403367914,6.589440795767702,2.5798351298849784,1.498930727075783,4.240847837769993,5.409741206937909,8.411168115656912,3.0644751119559226,3.3428088025009766,14.241977530297293,labo,recherche_appliquee,1,0,0,0,0,0,1,0,0,1,1,1,0,0,1,0,1,0,PIP,synthetic_corpus_v2,syn_6f1abcff946a,synthetic
7.408946949760739,3.462544128905772,4.146175822888053,7.170662728779926,3.114494698149562,3.3806039435654327,6.725600939637513,1.534542547962509,4.620744864373029,4.175462531538511,13.148709002541503,terrain,genie_civil_archi,1,0,1,0,1,1,0,1,0,0,1,0,1,0,1,0,0,0,GCA,synthetic_corpus_v2,syn_5247f414a0e2,synthetic
9.772001241140867,7.52505052930921,4.609028910475013,3.129152006111097,7.469989635793834,5.070940589249221,3.3146708853561178,1.6348026632044221,2.5300155795057204,3.8775018315040892,12.72265070936557,labo,electronique_embarque,1,0,0,0,0,1,1,1,0,0,0,0,0,0,1,0,0,0,ESIIA,synthetic_corpus_v2,syn_f83da9610656,synthetic
6.55693504525108,5.632896442435144,6.916684441300688,1.7236946482655866,8.677532327189624,3.0231969381033483,7.915684161776902,2.130287861713252,3.993407080530013,2.805614283175403,10.969286635578346,bureau,electronique_embarque,1,1,0,0,0,0,0,1,0,1,0,1,0,0,1,1,0,1,TEE,synthetic_corpus_v2,syn_f3161797e183,synthetic
8.2225800499689,3.5010734425620957,7.86060261035116,3.462995744560247,0.34918477421241234,7.933299557298211,2.1383587007171396,3.140481817694492,6.74462825192199,8.556476288102976,13.971399833246258,remote,finance_compta,0,0,1,1,1,1,0,0,1,1,0,0,0,0,1,0,0,0,FIC,synthetic_corpus_v2,syn_50d2e8bb3dc5,synthetic
7.556816015380037,10.0,4.925672773760807,2.7845730734881675,2.347551367809562,8.226835621663046,3.131391701230263,1.7535955166899315,5.764835879100096,5.66383682276595,15.829492900593028,startup,developpement_logiciel,1,0,1,0,0,1,0,0,0,1,0,1,0,1,1,0,1,0,ESIIA,synthetic_corpus_v2,syn_1101ae2b01e4,synthetic
7.75002524565294,5.101879415671826,9.013683358328965,2.4492887769023852,3.109262159164991,5.0154502170623525,4.777967998679195,2.4270405279767426,2.7237453903665623,5.61156946787304,13.157911309270702,remote,recherche_appliquee,1,0,1,0,0,1,0,1,1,1,1,0,1,0,1,0,0,0,ISAIA,synthetic_corpus_v2,syn_8eb3811a2cde,synthetic
7.319194384359041,4.574409214161922,4.101346184499482,3.561741241612717,8.638914285411136,3.0245186756260343,6.973196136556035,3.6159242324640113,4.095091401291612,2.9980682026658796,14.529115103811916,atelier,electronique_embarque,1,1,1,1,0,0,1,1,0,0,1,1,0,0,0,1,1,0,ESIIA,synthetic_corpus_v2,syn_7a9a853dc8a9,synthetic
5.630725419539571,5.0659871943987635,3.9245836136261407,1.6148465355958121,5.368297421159343,4.829961027840997,9.153271828298472,8.565749518428051,5.3198003545909565,2.2482394305980655,13.522923172332037,labo,industrie_automatisme,0,0,0,1,0,0,1,0,1,1,1,0,1,0,0,0,1,1,ICMP,synthetic_corpus_v2,syn_0b62650797bd,synthetic
6.1349263903826765,8.826672329334562,4.626934528113031,4.268558619271317,7.4121506352994215,6.075081829815519,9.384340853130215,2.669134929431273,5.1661302534794835,4.4263512719927025,12.375369200810185,atelier,electronique_embarque,0,1,1,0,0,0,0,1,0,0,0,0,1,1,0,1,0,0,EMII,synthetic_corpus_v2,syn_a753db28547b,synthetic
8.621460765627052,3.800725722161924,5.8261116629886445,7.44054852734439,2.643714809427299,7.516341260615706,6.932067043854605,0.0,1.3552064607852126,4.534363614965758,9.602705644196208,bureau,genie_civil_archi,0,0,0,1,1,0,0,0,0,1,1,0,1,1,1,1,0,0,GCA,synthetic_corpus_v2,syn_8453836a2548,synthetic
3.526380046664297,6.448717496504296,3.6126827433321425,9.202836871851266,4.823960200473596,6.9007639855460665,1.8872074718646992,1.7538924056870098,4.153004874690591,4.844176238193346,12.70683132886365,bureau,multimedia_ux,0,0,0,0,0,0,0,0,1,1,0,1,0,1,0,0,0,1,IMTICIA,synthetic_corpus_v2,syn_8471d2c881bd,synthetic
6.573477311412383,8.278097920989033,6.880454237054469,4.32887806055532,3.8092796176732078,7.901663010792071,3.9907235821985245,3.9035329201888294,2.5693122882190194,4.862336057155613,10.465240139465935,startup,gestion_projet_si,1,0,1,0,0,1,0,1,0,0,0,1,1,0,0,0,1,0,IGGLIA,synthetic_corpus_v2,syn_53f401ddf46d,synthetic
5.940002718109407,1.8399331189616175,7.144398615990622,2.443482135559524,0.4990956220845115,10.0,2.3287414424693402,1.4604535585364713,7.419265545464529,6.397913924900163,11.958944574659371,remote,gestion_projet_si,0,0,1,1,0,1,0,0,0,1,1,0,0,0,0,0,1,1,EMP,synthetic_corpus_v2,syn_5d60d4c02530,synthetic
8.718142507052073,4.522297547271295,2.384573040312292,0.3755112961199676,9.69179942807034,4.82004253770019,9.086052071879894,2.5876057500843457,4.3939922105401354,2.1632952143047675,12.982149858718914,terrain,electronique_embarque,1,0,1,0,0,0,0,0,0,0,1,0,1,1,0,0,1,0,EMII,synthetic_corpus_v2,syn_b24afd8d5a5c,synthetic
6.4577264728105925,2.491894567309102,8.609720391885315,2.248311216282636,0.6955125609396926,6.659272267189339,1.9034040054923527,2.181550540344459,6.499884787730895,9.426894088698175,13.546216507055936,bureau,finance_compta,0,0,1,0,0,1,0,0,0,1,1,0,0,1,0,1,1,0,FIC,synthetic_corpus_v2,syn_a3354eec7226,synthetic
5.289840906694135,8.571905677460258,7.118540234591141,4.945844859936677,2.5225055424087226,7.032035839216125,4.4043225172941245,1.782149824140825,4.8406627578290555,4.184081767238719,14.233293678618747,startup,gestion_projet_si,1,1,0,0,0,1,0,1,1,0,1,0,0,1,0,0,0,1,PIP,synthetic_corpus_v2,syn_6010b6aa81b0,synthetic
8.1707481606154,8.248855427339752,7.053549256345493,4.534395852512567,3.986221321693912,6.4752811603945135,4.292702086161636,2.1948557803460504,6.732997725822478,4.998055618164148,13.227411968168212,remote,developpement_logiciel,0,1,1,0,1,1,0,1,0,0,0,0,0,1,0,1,0,0,IGGLIA,synthetic_corpus_v2,syn_a42edbdfd303,synthetic
6.394367873372021,6.060680658336382,4.851336562422287,6.041569169775945,0.44326962613650345,6.07130194187468,3.5499580733240164,3.358015027405122,3.4915069442431577,5.245644333131675,11.659441365736122,startup,developpement_logiciel,0,1,1,0,1,1,0,1,1,0,0,1,1,0,1,1,0,1,IMTICIA,synthetic_corpus_v2,syn_f22cbdf1d16b,synthetic
7.240638521474433,3.3731298227485236,3.7967771574401104,4.257278598107672,4.188788798307036,3.997064547489021,6.142699876204401,9.772797793829437,3.8284816477936574,3.3161333081359556,14.540430771445696,remote,industrie_automatisme,0,0,0,0,0,1,1,0,1,0,1,1,0,1,0,0,0,1,ICMP,synthetic_corpus_v2,syn_6ded5ba23005,synthetic
5.899992173362223,7.246432298029171,4.588163004124335,4.827086324767078,5.8929256509670545,4.6564919101596605,7.072354205807021,5.110869962824561,7.270006742288892,4.504613011016387,11.321347291453492,labo,industrie_automatisme,1,0,1,1,0,0,1,0,1,0,0,1,0,1,0,0,0,0,EMII,synthetic_corpus_v2,syn_3a7c34767a5e,synthetic
6.189009292592896,5.258486953537595,4.00046160477331,4.118173367311654,2.7528745897306646,5.476503547097882,5.7444454689000155,6.992338405168562,3.579829403661182,2.413000041013474,15.536328527368754,atelier,agroalimentaire,0,0,0,0,0,0,0,0,0,0,1,1,0,1,1,0,0,0,IAA,synthetic_corpus_v2,syn_0386e42e4d6a,synthetic
5.585278497586878,7.05241325383998,4.351018216775905,2.1549662219103096,9.457926695322685,4.274512067448622,8.36732253583888,2.2334326150293062,1.5591586749099822,1.8928621960707184,12.046006160301959,labo,industrie_automatisme,0,1,0,0,1,0,1,1,1,0,0,1,1,0,1,1,1,1,EMII,synthetic_corpus_v2,syn_797d01086581,synthetic
4.718951508608636,4.9925202222646,5.304480456785078,4.148413690648207,1.7233213515312014,8.634590541394582,2.511782249713548,4.591502548690602,5.542930263569633,7.7668720629226495,11.080397901161128,bureau,commerce_gestion,0,1,0,0,1,1,0,0,0,0,1,0,0,1,1,1,1,1,CAA,synthetic_corpus_v2,syn_211801cb5087,synthetic
5.8848996258921344,4.80292524577776,6.651212946640378,1.9163175367614165,3.3591313166105587,9.470643989215668,4.806231818527687,2.8200846920428546,8.62766551120695,5.9204701149987855,12.335306396757229,startup,commerce_gestion,0,0,0,0,0,0,0,0,0,1,0,1,0,0,0,0,0,1,EMP,synthetic_corpus_v2,syn_d506ccbf8b9a,synthetic
7.646391593503456,8.042249916826918,3.4328672811360983,3.826936319503745,2.0547498008560963,8.69577456232307,4.752676332566035,1.1330805185690616,5.1588673324122745,4.229764222919191,13.072705075040034,bureau,gestion_projet_si,1,0,0,0,0,0,0,1,0,0,1,0,0,1,0,0,1,0,IGGLIA,synthetic_corpus_v2,syn_7721da6067b3,synthetic
7.088072946169145,3.082424186150356,5.804611764565117,9.12233659471629,4.579139847802469,5.668894089200075,9.43719564448572,3.5858156595880475,3.694664849326232,4.453344831777977,11.003976380780191,bureau,genie_civil_archi,0,0,1,0,1,0,0,0,1,1,1,1,1,1,0,1,0,1,GCA,synthetic_corpus_v2,syn_e1b5735b8697,synthetic
9.701112726348065,6.280158136712654,8.370763163111597,3.8422225210684187,2.9747456638373193,7.354971481931688,3.38229795944423,4.529403787612166,3.61173756258427,4.147125458161003,12.543634676537616,bureau,electronique_embarque,1,0,0,0,0,1,0,1,0,1,0,1,1,1,0,0,1,0,ISAIA,synthetic_corpus_v2,syn_ddfe4556f34e,synthetic
6.259387507337426,3.640184399153345,5.1074071529912795,3.1320889939191496,4.241034070473615,4.626457560907108,9.373504038623924,5.1656157781625485,2.4364897206700418,4.80802701846881,10.800478117790323,labo,industrie_automatisme,0,1,1,1,0,0,1,0,0,1,0,0,1,1,0,1,0,0,ICMP,synthetic_corpus_v2,syn_806339039730,synthetic
6.014400260057377,7.940051904547285,5.5349935333464035,3.5226745046381733,5.66755006293527,8.046566184684083,3.4307274059612034,2.8401950187453497,5.010261578310966,7.604877029951679,14.17842374109983,remote,gestion_projet_si,0,0,0,0,0,1,0,0,0,1,1,0,0,1,1,1,0,0,IGGLIA,synthetic_corpus_v2,syn_05f22f554d20,synthetic
5.225025040638069,2.3134437461256323,4.454498568998924,2.8965625618128583,2.115593581809018,4.663386172453534,6.071089931229446,8.505315508531044,3.1912598857365233,3.6216038167192157,10.770095075194256,atelier,agroalimentaire,0,1,0,0,0,0,1,0,0,0,0,1,0,1,0,0,0,1,IAA,synthetic_corpus_v2,syn_3d530b9ed443,synthetic
3.2545393836266165,0.38158667037686067,1.8845821320193972,2.99299329859617,3.467504198465508,5.211087890077822,2.048616395430112,6.391402472772841,7.359416328845439,4.528723297110079,13.333214228478937,bureau,tourisme_hotellerie,0,1,0,1,1,1,0,1,0,0,1,0,0,0,1,1,1,0,TEE,synthetic_corpus_v2,syn_76df12a86961,synthetic
6.529053578522792,8.834732050569368,6.943611894588951,2.62170547637825,2.63777797103361,8.252552556659664,2.538092517854027,0.25729179230088395,5.2751781156381785,4.074757643466047,14.819694922020457,startup,developpement_logiciel,1,1,0,0,0,1,0,0,1,0,0,1,1,0,0,0,1,0,IGGLIA,synthetic_corpus_v2,syn_682470c1d404,synthetic
5.644989943441101,3.867769818629658,4.760922590968161,2.9660450621827508,1.3758852354578215,7.245173660317526,2.474396293764128,3.541470460142751,6.09405199618942,7.04145043111001,15.924884756325214,startup,commerce_gestion,0,0,0,0,0,0,1,0,0,1,0,1,1,0,0,0,1,0,EMP,synthetic_corpus_v2,syn_bc364d04bb11,synthetic
6.943283564931864,2.7897511845049494,4.558253192460395,4.0291458676175935,6.334030328346501,3.5544994059973494,3.6620280547911137,7.344147323360022,4.110621941708849,2.3302673979761916,13.918133333566503,labo,agroalimentaire,0,1,0,0,0,1,0,1,0,1,1,1,0,1,1,1,0,0,IAA,synthetic_corpus_v2,syn_51d50692304c,synthetic
8.095463354473386,5.333810151834908,7.818299676888979,3.543946331561313,4.98538643057269,5.519383194746916,4.245062743835405,3.174285388029728,2.638993469940475,4.383745915960949,12.61037954477265,labo,data_science,1,1,0,0,0,0,1,1,0,1,1,1,1,0,1,0,0,0,TEE,synthetic_corpus_v2,syn_7fbefb391489,synthetic
6.476669509628756,3.7915954629065807,5.807881109877825,3.4031252429813392,1.7018720733634425,4.45939274224143,3.9540318254810964,8.421888693662574,5.809065013846625,2.66312746387167,12.536539762809408,terrain,agroalimentaire,0,1,0,1,0,1,0,1,0,0,0,0,0,1,1,1,0,0,IAA,synthetic_corpus_v2,syn_29ed557638a5,synthetic
6.6305665061045245,3.9234058751733376,5.8894556451275815,3.3846296254651835,2.3019423054019263,5.7074984439269,4.193155229995995,4.087733090201919,8.002524145635634,8.15380250580054,13.85732676846212,bureau,gestion_projet_si,0,1,0,0,0,1,0,0,1,1,1,0,1,0,0,1,1,1,IMTICIA,synthetic_corpus_v2,syn_797e00bf5e80,synthetic
3.833914683017409,3.618126986672281,3.8482251451567806,5.274769764053967,1.4255507253850295,5.671190911498863,4.638270150804572,5.982894538755666,7.118913951844968,2.3837408111598783,11.357629068830555,bureau,tourisme_hotellerie,0,1,0,0,1,1,0,1,0,1,0,1,1,0,0,1,1,0,EMP,synthetic_corpus_v2,syn_802913b15b46,synthetic
2.636343598752762,0.963506333071249,4.2429465956515005,5.221271108231432,1.1688713045667887,8.395923404241152,2.1943404978444923,4.430531937918044,9.507479182682356,5.250749684326716,13.762717519511277,bureau,commerce_gestion,0,1,0,0,1,0,0,0,1,1,1,1,0,1,0,0,0,1,TEH,synthetic_corpus_v2,syn_4141334ff386,synthetic
5.363548210419459,9.408954538153143,5.441360380586373,5.527123234089229,2.4797221280591444,7.570564920788093,4.833536568003171,3.95791246047629,5.803580631786566,5.665186159752434,13.46161714521468,startup,multimedia_ux,1,0,1,0,0,1,1,0,0,1,1,0,1,1,0,0,1,0,IGGLIA,synthetic_corpus_v2,syn_aa023b1d25a2,synthetic
6.002036539056755,5.131202867094549,3.7933731423269674,1.518900332884972,3.7452946439932644,3.1768359270986695,6.219002732365631,7.074194903809771,4.954810999232932,1.7633985194555863,12.217989760270125,atelier,chimie_procedes,1,0,1,1,0,1,1,0,0,0,0,1,0,1,0,0,1,1,ICMP,synthetic_corpus_v2,syn_a6a3ddaa80ac,synthetic
4.58316809367054,2.610017990105498,4.223301037213668,3.8685561305234386,2.2372181240484976,7.550205662462176,2.562447517921843,3.297419475625394,6.572309174910839,8.791470821809591,14.485125934768183,bureau,commerce_gestion,1,0,0,0,0,1,0,0,1,0,0,1,1,0,0,0,0,1,CAA,synthetic_corpus_v2,syn_f1ad63011147,synthetic
7.78041876226066,3.4105849033565385,5.034282170907864,1.5160803457480636,9.38181814727364,4.375537336203217,9.532765584269711,4.294122200041204,3.276855082483549,3.3315806011873397,15.419345806121632,bureau,recherche_appliquee,1,0,1,1,0,1,1,1,0,0,0,1,0,0,1,0,0,0,ESIIA,synthetic_corpus_v2,syn_8e963c29bdfb,synthetic
6.900484081600729,5.329307910448578,9.57846648841606,2.120070760899104,0.4279306945568764,6.621855418532733,5.0300708870024975,3.4374138059025707,4.4598554082153745,7.0113084111716955,14.483438343774864,labo,data_science,1,0,0,1,0,0,0,1,0,0,0,1,0,0,0,0,0,1,ISAIA,synthetic_corpus_v2,syn_db1882460bf0,synthetic
3.0525866543114373,3.5875054473480406,4.469924397040717,6.289356390445856,0.8664238008740062,7.411186431685105,3.005521574966178,4.228841600120517,5.483839064591718,6.1306217655058175,15.849482031488233,bureau,tourisme_hotellerie,0,1,1,1,0,0,1,0,1,1,1,1,0,0,0,1,0,0,TEH,synthetic_corpus_v2,syn_9991874b58d5,synthetic
7.3059081354773365,9.510593350219832,5.303357214235364,5.475211323367543,4.627233562624422,8.504193063083887,1.974425723624541,1.8576919729669163,3.6992731256669114,5.8687616697631055,14.853026619736683,remote,developpement_logiciel,1,1,0,0,0,1,0,1,0,1,0,0,1,1,0,1,1,0,IGGLIA,synthetic_corpus_v2,syn_571b64a4a590,synthetic
6.044931703856886,1.5007835702238894,5.4605217610600025,2.862032568013587,5.374284185568826,4.984818580578653,6.461639505529321,7.309545123046431,4.6887093745024915,4.8227317844426505,12.400029206673416,labo,chimie_procedes,1,1,0,1,0,0,1,0,0,0,0,1,1,1,0,1,0,0,ICMP,synthetic_corpus_v2,syn_a9bf17114650,synthetic
6.446619750457877,2.3241138606252596,3.5748721822052847,2.9981701998442385,1.3479237558093493,4.92170867161292,5.663810832823409,7.040091220471488,4.449061968521201,4.217862803552755,12.41378061332419,labo,agriculture_elevage,0,1,0,0,0,0,1,0,0,0,0,0,0,0,0,1,1,1,AEE,synthetic_corpus_v2,syn_8be77db6f371,synthetic
8.726678381003772,5.772400922139164,8.844797990905052,3.79154485685861,3.1209596669378565,2.889998053835357,4.170291107839134,2.7635086854936235,4.916879382798944,4.437714801929607,17.192302189391935,labo,data_science,0,1,1,0,0,0,0,1,0,0,1,0,1,0,0,0,1,1,ISAIA,synthetic_corpus_v2,syn_923c66506cf4,synthetic
8.21752299742436,3.168469386318087,4.792362670191666,6.214084449720784,2.207488765978885,1.934973960496543,7.653600694759237,2.9805865257922326,2.815062264448727,4.995970830511597,12.642968938728075,chantier,genie_civil_archi,1,0,0,0,0,0,1,1,0,0,1,1,1,0,1,0,0,1,GCA,synthetic_corpus_v2,syn_c30aca6c7f6c,synthetic
4.192448084002132,1.6502665380630832,5.003725001350546,5.804319911607614,1.2639867391660684,7.2525533720884905,0.22880650789363566,4.443540994023893,8.923457276852156,3.0135501816098587,9.693401750401373,remote,commerce_gestion,0,1,1,0,0,1,1,1,0,0,1,1,1,0,0,0,1,0,EMP,synthetic_corpus_v2,syn_4932eb6acf50,synthetic
6.328277677253245,4.4853341178232045,5.394637979958377,7.415499966346547,5.498234530696479,5.009703206821606,7.221019278735728,2.9390618811415434,3.327859973924201,3.165077935433086,13.0116446375399,bureau,genie_civil_archi,0,0,0,0,0,0,0,1,0,0,1,0,1,0,1,0,0,0,GCA,synthetic_corpus_v2,syn_72acd869cb37,synthetic
7.472725893959085,6.617320997616554,5.321429506641888,2.231173335092403,8.088937968326908,2.7370344779229603,7.9753014528920945,0.4537642024939865,2.3575780387963974,4.05026711040089,12.109732328181698,labo,electronique_embarque,0,0,0,1,0,0,1,1,0,0,0,1,0,1,0,0,0,1,ESIIA,synthetic_corpus_v2,syn_123f2e68873e,synthetic
7.856325873835356,8.286405147053719,4.7477257722695665,2.9783498395528794,2.215972150553257,8.348160584926173,3.4226921900801317,6.049616989828402,3.8640228478474787,3.155884943813841,13.201880553337483,bureau,genie_civil_archi,1,0,0,0,0,1,0,1,0,0,0,1,1,0,0,0,0,1,IGGLIA,synthetic_corpus_v2,syn_e70ef1ccb416,synthetic
2.0934516252313635,0.0,5.058338922554068,6.030850357728897,2.0588076612769424,6.154443867522766,4.443810783830892,7.468330942342875,7.274102205521144,3.4999465641676766,10.992057857368305,atelier,tourisme_hotellerie,1,0,0,0,1,1,0,0,1,0,1,0,0,1,0,1,1,1,TEE,synthetic_corpus_v2,syn_bb21b3fad440,synthetic
2.97182575129583,5.914375514683042,2.179275774323295,9.605811399433872,1.0016804024301305,3.571385824417044,4.000771379567704,1.7256372892263319,3.8192916211673404,4.13460569400512,12.66858462808429,remote,developpement_logiciel,0,1,0,1,0,1,1,0,1,0,1,0,0,1,0,1,0,0,IMTICIA,synthetic_corpus_v2,syn_776fe186430d,synthetic
8.020364038844638,2.9242057371325885,5.519465880455384,4.857534331866048,2.538483981768428,3.835056455532616,9.82938797506033,4.488715378038547,3.5916606576375796,2.560643121213616,12.259328658061708,labo,genie_civil_archi,0,1,1,1,1,0,1,0,1,0,0,0,1,0,1,0,0,0,GCA,synthetic_corpus_v2,syn_7ad0ccfe4ffd,synthetic
6.785839691642403,8.422789794566997,4.131978268859762,3.9884511991564437,3.673667115583487,7.885422019058197,3.8171297433101903,2.722721096570601,3.2124159636020657,8.048904661300794,14.18026588135054,bureau,developpement_logiciel,0,1,0,0,0,1,1,1,0,0,1,0,0,1,0,0,0,0,IGGLIA,synthetic_corpus_v2,syn_85846b0cfff1,synthetic
4.923471520611857,1.7930515231118467,4.300542555040257,3.9093757322621308,4.161941988428251,3.016065678131402,8.737270403083576,7.42733887460208,4.951728601202473,3.10580944279673,10.10128193201619,terrain,chimie_procedes,1,0,1,0,0,1,1,1,0,1,0,1,1,0,0,1,0,0,ICMP,synthetic_corpus_v2,syn_e3d4e756d115,synthetic
7.007188255598358,1.9647341139930354,5.932015673921951,5.867549019056105,2.3845356320515316,6.282208641109705,3.5881456145096378,5.916228542547968,9.003844257558296,4.755475203983345,13.318545712635188,bureau,tourisme_hotellerie,1,1,1,1,1,1,0,0,0,1,1,1,0,0,1,0,1,0,TEE,synthetic_corpus_v2,syn_3dcd4ef4ab4d,synthetic
7.2728903104035565,3.1962115952845696,3.5594439107571283,6.624744411035115,2.0794619446118707,4.666308257310209,7.567051420113582,2.3150265379054114,4.813525514467432,5.365214856374413,14.161340549059329,bureau,genie_civil_archi,1,0,0,0,1,0,0,0,0,0,0,0,1,0,1,1,0,0,GCA,synthetic_corpus_v2,syn_816387e86dd3,synthetic
3.7244095155379324,1.6856972699419834,4.438611317690191,8.000651978962035,3.418792197390821,6.618068872719699,3.76794327392328,5.479389089111307,6.547298933321261,4.302269278486898,13.897266171980363,terrain,tourisme_hotellerie,1,0,0,0,1,1,0,0,0,0,1,0,0,0,0,0,1,0,TEH,synthetic_corpus_v2,syn_10f936886503,synthetic
3.732120546196441,5.282530351826429,6.756603591943975,9.771672420681728,4.630744336006911,4.601849782569814,1.159362929239058,3.719953107482155,3.279156345628334,3.597063908766296,13.406079235279124,startup,chimie_procedes,0,1,0,1,1,1,0,0,1,0,1,0,1,0,0,1,1,1,IMTICIA,synthetic_corpus_v2,syn_a5f18e876799,synthetic
8.430013978816906,3.1221716097873906,4.255528647793516,4.874132657392965,2.527185926134684,3.757200367813195,9.518472252616753,1.8376645055472973,5.890576693629826,3.534717222950356,10.117400644525143,labo,genie_civil_archi,0,0,0,0,1,1,0,0,1,0,0,1,1,1,1,0,1,0,GCA,synthetic_corpus_v2,syn_29c2515d933b,synthetic
6.0258076110731205,1.4455470742776437,5.022282194858595,1.394702199981694,2.358012067422687,5.762160709855557,6.760685291214652,7.736154060942353,6.126344722381288,4.624759567581253,11.821709163179055,terrain,agriculture_elevage,0,0,0,0,0,0,1,1,0,1,0,1,0,0,1,0,0,1,AEE,synthetic_corpus_v2,syn_4165208d5e44,synthetic
6.414972687276071,3.0921856416510574,4.548060053967174,2.826301208981431,5.73311747586051,4.909499509224861,4.62070972454819,7.870431022505882,1.7648545404224936,2.637345407433463,15.520524911205388,terrain,chimie_procedes,0,0,0,0,0,0,1,0,0,0,1,1,1,1,1,0,0,0,ICMP,synthetic_corpus_v2,syn_059a31cfaef1,synthetic
4.896244732470673,6.478696446975783,6.424336787734722,8.223118183791676,4.495452222853065,5.422744703924622,2.1354267582300284,2.1627017561052457,3.9175447952178946,2.176687527275936,11.383298940657438,startup,multimedia_ux,1,1,0,0,1,0,1,0,1,0,0,0,0,0,1,0,0,1,IMTICIA,synthetic_corpus_v2,syn_25230710bfdf,synthetic
4.746419756471021,2.9806508176233644,5.219843174404522,1.557872220254208,5.405682134119068,6.954887726968517,4.675576114279565,9.523692235419634,4.4790589329961925,2.741383280412898,13.925782594036612,remote,agriculture_elevage,0,0,0,0,0,0,1,0,0,0,0,0,1,0,0,1,1,1,AEE,synthetic_corpus_v2,syn_763353b5fc2c,synthetic
6.726224910791698,3.5366640619254155,4.3806667212324495,2.945273829015208,6.228395110907101,3.874169751456006,8.438476187423563,4.103125550120998,3.539267768049168,1.9155272179690495,15.221939585840072,labo,industrie_automatisme,1,1,1,0,0,0,0,0,0,0,0,1,0,0,0,1,1,0,EMII,synthetic_corpus_v2,syn_a90809942b44,synthetic
3.7801180359839606,3.1555536791339938,3.9646690755533998,5.703589711803546,2.7222404684471613,8.819308870939672,2.5479838499004197,1.3605553565991362,6.019671455420584,10.0,11.157074888923272,remote,commerce_gestion,0,0,1,0,0,1,0,1,0,1,0,0,0,0,0,1,0,1,CAA,synthetic_corpus_v2,syn_f50024caf5d2,synthetic
3.3720702871768973,1.651701809763603,2.221527023806021,6.367850114573076,1.8225910505885357,8.471372993104705,3.4523750921124225,5.896228571829279,8.040713016460055,4.332840914830075,15.290338798815823,startup,commerce_gestion,0,0,0,1,1,0,0,0,0,0,1,0,1,0,0,0,1,0,TEH,synthetic_corpus_v2,syn_f4ad66957924,synthetic
4.342481887579625,4.4393858454322075,2.892049138184662,2.6682573201435527,6.166491777790224,1.302769034141686,6.661520690099953,1.6186491702176373,3.6269054986733664,3.5560858633856833,15.182340329702415,atelier,recherche_appliquee,1,0,0,1,1,0,1,1,1,0,0,1,0,0,0,0,1,0,ESIIA,synthetic_corpus_v2,syn_22e57c3a8514,synthetic
6.72739473414007,5.391365459630804,7.597149449076712,4.121435724861654,1.836759133216918,5.877893557925321,4.275054778464903,1.0978175330994193,5.480995870595626,6.710912467645788,12.601894542022336,chantier,recherche_appliquee,1,0,0,0,0,0,1,1,0,0,0,0,1,1,1,1,1,1,ISAIA,synthetic_corpus_v2,syn_b2241e63da47,synthetic
6.000997759820591,10.0,5.333366963155508,3.2544502275188645,4.385395412830529,6.5425677616448885,3.724543531232362,3.304573695330303,2.4207751001421633,4.0230394400615985,16.36766863595744,bureau,electronique_embarque,1,1,1,1,0,1,0,0,0,1,1,0,1,1,0,0,0,0,TEH,synthetic_corpus_v2,syn_efe6a8f91926,synthetic
7.757214127314528,6.044041951793082,4.218080409000907,2.1006679035885316,8.09492304999064,5.082570140044964,8.490910368728214,4.2026322806849095,3.659963942548049,2.889895054949164,13.295809822340049,atelier,electronique_embarque,1,0,0,1,1,1,0,0,0,0,1,1,1,1,0,0,0,0,EMII,synthetic_corpus_v2,syn_d8be0a8cd224,synthetic
5.401199048316879,4.953984110899487,4.090460414761166,8.273902373610774,3.1399817115950213,6.637804709770889,1.8513407893927933,2.010553043961486,7.5726002754053034,4.438903476684083,11.056768544052582,remote,developpement_logiciel,0,1,0,1,0,0,0,1,1,1,0,1,0,0,0,0,0,1,TEE,synthetic_corpus_v2,syn_6c5f11645990,synthetic
8.31854528431519,4.0032450632106755,6.071282217624132,3.628732336966482,0.6453139338721141,8.32193060423555,2.8449403570878276,3.0734802199018914,7.452778623864687,7.906004045231414,12.540391228023006,remote,multimedia_ux,0,0,1,0,0,1,0,1,0,1,0,0,0,0,0,1,1,1,FIC,synthetic_corpus_v2,syn_f3a4166f10ab,synthetic
8.000624466058966,5.147888601280885,5.5141145370283775,1.631422043330112,9.496877143077697,4.076855216142857,7.6964608259044605,2.3383977330338492,4.653135603587961,1.9761430493474377,14.516511957857718,bureau,electronique_embarque,1,1,0,1,0,1,1,1,0,0,0,1,1,0,1,0,0,1,ESIIA,synthetic_corpus_v2,syn_0f52dcb6ed81,synthetic
6.487232758022942,6.1288384076034985,6.112157820101361,3.2838370113872117,0.051033811685712305,7.0130891579570935,1.5236147984385373,2.350056330995739,4.9440383639609795,8.155565417065864,12.733376520483247,bureau,finance_compta,1,0,1,1,1,1,1,0,0,1,1,1,0,1,1,0,0,0,FIC,synthetic_corpus_v2,syn_1fb664a3b6b0,synthetic
5.796999972373957,5.1655595486135955,4.532399335463372,7.088279155370388,3.929706602498693,5.551390663647418,5.082388257719505,2.4738497879120747,4.1052042891263145,3.893345337403228,11.81097642983853,remote,multimedia_ux,0,1,0,0,1,0,0,0,1,0,1,0,0,0,0,1,1,0,IMTICIA,synthetic_corpus_v2,syn_19d6eb4f03e3,synthetic
9.787353792967028,6.151824377608953,8.38118689759894,3.0253475785740394,2.6888296097881175,7.368396268349267,3.0438519406672837,2.2361766935432996,5.6331459679552935,3.572774716786172,15.317247521316508,labo,recherche_appliquee,0,0,1,0,1,1,1,0,0,0,0,0,1,1,0,1,0,1,ISAIA,synthetic_corpus_v2,syn_b0508550bd7f,synthetic
8.18746751094737,7.748505102210908,7.841519944961121,2.5582102661199753,3.447385409534244,4.117305103388584,1.7244105057104373,2.7726323552086667,7.40512892779814,2.2734067529411024,15.30485906600154,labo,recherche_appliquee,1,0,1,0,1,1,1,0,0,1,0,0,0,1,0,0,0,0,ISAIA,synthetic_corpus_v2,syn_cc9954b15d8a,synthetic
3.910422608668076,1.2851260520332035,3.2297249685465657,3.7977009481852013,1.36949147897478,6.95496849798831,2.466396376320782,2.3265733082383937,9.763627798202636,10.0,13.644088697331664,bureau,droit_affaires,1,0,1,0,1,1,0,0,1,1,1,0,1,0,0,1,1,1,DTJA,synthetic_corpus_v2,syn_2b6def98aef4,synthetic
5.263689228430296,2.8637627341801295,5.210005024602846,3.4374561355812774,2.812584656266041,5.7443320315764534,7.964989689153251,8.481666082317878,4.646461441652459,0.9014505308354308,13.476063580468333,terrain,chimie_procedes,1,1,0,1,0,0,1,0,0,0,0,0,0,1,1,1,0,1,ICMP,synthetic_corpus_v2,syn_9ca8b3af9188,synthetic
8.280143460236086,5.605673975368878,4.419350913086735,2.9944112038813646,7.224851614141532,5.688717949691103,8.390153951488184,5.712395236101524,4.546326405738756,3.896235731000606,12.525367047859747,labo,industrie_automatisme,0,1,1,0,1,1,1,0,1,0,1,0,0,0,0,1,1,1,EMII,synthetic_corpus_v2,syn_ae95ababfecc,synthetic
5.4993943384170585,0.7895988884276037,4.449120521182958,4.144092261990224,2.626352914495204,2.5930930876741796,6.023562055106925,10.0,5.181095608791971,4.619263666000315,13.219303926734117,labo,agriculture_elevage,0,1,0,1,0,1,1,1,0,0,1,1,0,0,0,1,1,0,AEE,synthetic_corpus_v2,syn_669ffb983e31,synthetic
7.286983352797022,1.8824398919861214,6.167234630471564,2.843766187426711,2.99415269694543,8.7736187167427,2.7901752687356547,1.2606072323768822,6.991124290844826,7.061327057058898,11.172282512262298,remote,commerce_gestion,0,0,1,1,0,0,0,0,0,0,1,1,1,0,0,0,1,1,CAA,synthetic_corpus_v2,syn_9d3e2a214d32,synthetic
2.8820254075021934,5.900856969460862,5.612293333048557,8.956816625350148,2.821048396385985,4.045701379689487,2.386889769640896,1.4871864799035361,7.633719993180852,2.5904459869523935,12.692645188511037,atelier,finance_compta,0,1,1,1,1,0,0,0,1,0,1,0,0,0,0,1,0,1,IMTICIA,synthetic_corpus_v2,syn_58eb9d908d1e,synthetic
8.095067448882514,0.8349369163568494,4.548825551185033,1.609452717525503,2.3138587273539932,3.648789564528949,2.9013833732297294,9.828918250959191,6.61398291726809,2.6172893316043306,13.05110896055964,labo,recherche_appliquee,0,1,0,0,1,1,1,0,1,0,1,0,0,1,0,1,0,0,PIP,synthetic_corpus_v2,syn_063cb7e588b0,synthetic
10.0,3.922683629037499,5.781667066058763,2.8360348049268223,3.4351434529646534,6.712368813014039,1.7395646636477893,5.174716522948762,2.491132848710106,5.540427067807444,13.95565487109061,labo,developpement_logiciel,1,0,1,1,0,1,0,0,0,0,0,0,1,0,1,1,1,0,ISAIA,synthetic_corpus_v2,syn_52af2783b537,synthetic
6.597649072965051,8.663506891304488,4.894051982560211,3.495413320139626,3.2065081036794583,7.664368022444994,0.8644850868201033,3.3636655809379388,5.675699626847582,5.562879112750554,14.386030797707432,bureau,developpement_logiciel,1,1,0,1,0,0,0,0,1,0,0,0,1,0,1,0,0,1,IGGLIA,synthetic_corpus_v2,syn_705efb3fe676,synthetic
6.360625417505169,5.716261638983495,2.382058012559508,6.2899064348504785,1.9050038078481006,5.900859306067016,7.194327196273383,2.3330996207948553,4.358856916972692,7.051578885756754,15.051049896070973,bureau,genie_civil_archi,0,1,0,0,1,0,0,0,1,1,1,1,1,1,1,1,1,0,GCA,synthetic_corpus_v2,syn_feec0a8db95a,synthetic
6.693214343416917,5.420244668450887,5.948263192340547,3.922952443224031,10.0,5.758673194054679,7.584705965638557,0.5647364065352092,1.810198896106475,0.9254328131842233,12.34361177159648,labo,commerce_gestion,0,0,1,1,1,0,1,1,0,0,0,1,0,0,0,0,0,0,ESIIA,synthetic_corpus_v2,syn_4b1357c10cce,synthetic
4.452687190995914,8.122457698517795,5.425465952059748,8.869915580549513,2.488456122896195,7.548342774763282,1.7600367838028839,2.5217284870552357,6.578071638722874,4.01576457826371,11.312782407607205,bureau,developpement_logiciel,1,1,0,0,1,0,0,0,1,0,1,0,1,0,1,0,1,1,IMTICIA,synthetic_corpus_v2,syn_82d1e8722e67,synthetic
5.701939822037455,2.784288819547012,2.227909119672907,1.538830168573944,0.0,6.639819601221287,2.6607275556377963,2.134037506032926,8.81473384017536,10.0,11.624791850145096,bureau,droit_affaires,0,0,1,0,0,1,0,0,0,0,0,1,1,0,0,0,0,0,DTJA,synthetic_corpus_v2,syn_4f60d24a7fed,synthetic
9.012927248637832,6.63846462538532,2.370545025132921,1.719011972801534,7.775989958810364,2.8611642094055947,7.890217647922464,3.9590911938485336,5.678722452120194,4.763114060942983,12.22518740586142,atelier,electronique_embarque,1,1,1,1,1,0,0,1,0,0,0,1,0,0,1,1,0,1,ESIIA,synthetic_corpus_v2,syn_541c7791c604,synthetic
6.412704291867804,0.828222154384449,4.701530194640072,3.46044456446338,1.1949062558219503,4.797318702038444,3.4266149850767755,9.572558427772995,3.7654954014636917,2.706883955087937,14.306607518271822,terrain,agroalimentaire,1,1,0,1,1,0,1,0,0,0,0,1,1,1,0,1,1,0,IAA,synthetic_corpus_v2,syn_d43dd4c159ac,synthetic
5.105411029093222,2.4812502418127558,3.6731112117302698,4.157892384720802,1.9866658536779884,6.375567583061378,3.757214614439552,7.196970580489803,8.472055726684816,3.4367449755379464,13.09972013672936,bureau,tourisme_hotellerie,0,0,0,0,0,1,0,1,0,0,0,0,0,0,0,0,0,1,TEE,synthetic_corpus_v2,syn_3a938d78f285,synthetic
5.143671654999724,2.5763592055995495,6.76002375863043,3.123156761596728,0.40451696623388855,7.904971843749008,3.1098198963657127,2.322179259485577,7.245689663902674,5.028641444167605,15.684160793519194,bureau,gestion_projet_si,0,0,1,0,1,0,1,1,1,1,0,0,0,0,0,1,0,1,EMP,synthetic_corpus_v2,syn_315ad6ffc4fb,synthetic
5.830031943760477,5.066505057291755,4.744840203892862,2.1224168448488774,1.2378406783773594,8.564951218811135,1.1627853650768314,2.2465716341844875,7.420775166551396,8.621647669343606,12.655537399825894,atelier,droit_affaires,0,0,1,0,1,1,0,0,0,0,0,0,0,0,1,0,0,0,DTJA,synthetic_corpus_v2,syn_9ab889f34f58,synthetic
4.44734441889088,4.243183131655378,2.912643887039005,3.995339877569375,0.20408035930045787,5.5993539807374235,0.22705944417766633,0.0,8.301788978657592,7.7590163742074285,13.484324624957916,bureau,gestion_projet_si,0,1,0,0,0,1,0,0,1,1,0,0,1,0,1,0,0,1,DTJA,synthetic_corpus_v2,syn_682931fa964c,synthetic
4.009638736798464,4.17590061970977,3.708911716627098,5.320749325763333,2.643774390687778,7.6640634387932645,4.604838936883167,1.4039551878651846,9.070645567945974,4.221791350355077,12.313319172836277,startup,tourisme_hotellerie,0,1,0,0,0,1,0,0,0,1,1,0,0,1,1,0,0,0,TEH,synthetic_corpus_v2,syn_8af7338d7366,synthetic
9.801126550329002,5.34007994680733,8.363067990138454,2.064392700664751,4.28998083100962,5.622243473071009,3.6709168118085134,2.4944613854800513,3.336391886208018,4.598838952292476,16.244014958679475,bureau,recherche_appliquee,1,1,0,0,0,0,0,1,0,1,1,0,1,1,1,0,0,0,ISAIA,synthetic_corpus_v2,syn_cf416c8f021b,synthetic
9.502791577169942,7.0548731024497675,5.64332961641259,5.349979358376242,9.619512602779283,4.200556527215517,6.154268600950115,2.5874722591888215,4.867556142321138,1.7503052596933435,14.40125444251141,labo,recherche_appliquee,1,1,0,0,1,1,1,1,0,0,0,1,0,0,1,0,0,0,ESIIA,synthetic_corpus_v2,syn_e06e6d349806,synthetic
8.700975437172232,4.318954325726233,2.6291354682952983,7.754908183072468,4.152588910742155,6.080099601246394,9.128245703196738,5.093505389356664,3.6260966024992207,3.762959872861663,11.676493885336493,chantier,genie_civil_archi,0,1,1,1,1,1,0,1,1,1,0,0,1,0,1,1,0,0,GCA,synthetic_corpus_v2,syn_bcf8a245c973,synthetic
7.158342344025798,3.4482803662370136,4.579251535448594,5.444477941702097,3.4752245585283266,6.421248480162067,2.9198924066580623,3.6742893235991803,7.866682142043656,7.676121183289415,11.781547959322749,remote,commerce_gestion,0,0,0,0,1,1,0,1,0,0,1,1,0,1,0,0,0,1,CAA,synthetic_corpus_v2,syn_b266926ec8b6,synthetic
8.447733074264505,6.0510704367775245,4.734507958225186,2.7365086071705305,7.158261607086758,4.945531129462548,6.783577429313021,3.09553058164268,3.6895985736725767,2.746718191130438,14.50436938195575,chantier,electronique_embarque,0,0,0,0,1,0,1,1,0,1,0,0,1,1,0,0,0,0,ESIIA,synthetic_corpus_v2,syn_55276dffe4ab,synthetic
7.0281606861335755,3.5793654071355006,6.129251081838996,4.342932459308567,3.2336157939880597,6.0248993243564115,1.5685304088847498,2.4786906815025187,5.090337267000075,7.713605222602674,13.29770206684176,terrain,gestion_projet_si,0,0,0,1,0,1,0,1,0,0,0,0,0,0,1,0,0,1,EMP,synthetic_corpus_v2,syn_02e511d0d393,synthetic
3.959650117727179,8.286650581977437,7.988860086429742,4.097742464267521,3.081860944283159,7.413416400321686,2.189375068911679,2.7070734910013456,7.102439876797256,4.489598114891681,12.283219308675582,bureau,developpement_logiciel,0,1,0,0,0,0,0,1,0,0,1,0,0,0,0,0,0,0,IGGLIA,synthetic_corpus_v2,syn_ed51e02ace67,synthetic
6.365536671958113,1.6078660710101271,5.004586914119637,4.869531085225537,2.314848396183607,6.189200053146033,4.662198355237985,5.912280270786395,10.0,6.3634541070939985,12.009677542141352,bureau,tourisme_hotellerie,0,1,0,0,1,1,1,1,0,1,1,0,0,1,0,0,0,1,TEE,synthetic_corpus_v2,syn_eaca1ab56db6,synthetic
3.718379590041782,6.330314063475083,2.3243418780750393,9.511446949466064,2.5307101458059322,6.828664204685071,1.8331145256632835,3.1457134656403567,3.876867559567899,5.118826413691317,13.161047803707717,startup,developpement_logiciel,0,1,0,0,1,0,1,0,1,1,0,1,0,1,1,0,1,0,IMTICIA,synthetic_corpus_v2,syn_16e00789d680,synthetic
7.6728820657375865,9.691101479853854,3.414596120627926,1.8462174545350845,4.786175697798552,7.287490262344072,2.265772995201833,3.199210525403581,5.850212676537764,5.499453430230164,12.339936177557222,bureau,developpement_logiciel,0,1,1,1,0,1,0,1,0,1,0,1,0,1,0,0,0,1,IGGLIA,synthetic_corpus_v2,syn_4644fffebe36,synthetic
6.704128960987013,10.0,6.014067515068796,4.334115829228467,3.6386041780200165,6.8246880531573195,3.20717598634202,1.8706683739463452,4.659271386768168,3.156654841343941,10.90186381937754,bureau,agroalimentaire,1,0,0,0,0,0,0,1,1,1,0,0,0,0,0,1,1,0,IGGLIA,synthetic_corpus_v2,syn_0f77f9831348,synthetic
3.78670618598691,5.6646423481054855,5.522587981873266,9.748074153312466,2.9877334137245386,7.419829517558032,4.374821295127474,3.309621643401783,6.415489216804701,1.4525905952353413,11.100108238493636,bureau,developpement_logiciel,0,0,1,0,1,1,0,0,1,1,0,0,0,0,1,0,0,1,IMTICIA,synthetic_corpus_v2,syn_fee0321e460a,synthetic
4.315213820775217,9.63972495254525,2.9435003572625984,8.93226000034784,3.2477394766205414,6.464624351138569,2.5733158919458377,3.9874307590171414,5.600143907870568,2.908452282370342,12.627874582222434,startup,multimedia_ux,0,0,0,0,1,1,0,1,1,0,1,0,0,1,0,0,1,0,IMTICIA,synthetic_corpus_v2,syn_2ba38f12d893,synthetic
6.9636242387989675,9.923867783153247,3.1800892910227105,3.815585871668233,3.781202612730537,7.1157234356042105,1.4642588610237017,2.556620579611452,3.850276414549234,4.491174127413279,13.491777197143547,bureau,gestion_projet_si,1,1,0,0,1,1,0,1,0,1,0,0,0,1,0,0,0,1,IGGLIA,synthetic_corpus_v2,syn_b01cb7b3bf9f,synthetic
5.393162690596729,3.316861406217155,6.545928365452424,7.82859842059561,3.61606929731448,5.432668814568431,3.6975496875489684,5.297008797421546,3.432839096565308,3.810075939495839,12.928079938709308,startup,multimedia_ux,1,0,0,0,1,1,0,0,0,0,0,0,0,0,0,0,0,1,IMTICIA,synthetic_corpus_v2,syn_a45343f60f2f,synthetic
6.035459905298965,5.916295253190119,4.869150725996055,3.608121334509955,7.903133120234714,2.24234015949952,6.16354048274574,2.8832750908245126,4.557452612919103,2.2957844751006333,11.514933295295096,startup,recherche_appliquee,1,1,0,1,0,0,0,1,0,0,1,0,0,0,0,1,0,0,ESIIA,synthetic_corpus_v2,syn_ae99bad5ed73,synthetic
5.661763449188685,5.369896420711839,3.5847813199088168,2.285005609312264,8.556925813599065,5.287333885154007,8.061499549024465,4.220010499834072,5.300462444694716,4.64033545129995,15.336284769774174,terrain,gestion_projet_si,0,0,0,0,1,0,1,0,1,0,1,0,0,0,0,0,1,1,EMII,synthetic_corpus_v2,syn_e8c644e0d7a6,synthetic
7.629672222132561,6.860157657916632,5.105201177786549,2.671153667120713,8.622835863185255,2.862724477480892,9.451973774546971,3.657532586063058,4.24046834583575,3.1126715091305655,15.523490063157167,labo,industrie_automatisme,0,0,0,1,0,0,0,0,0,0,0,1,1,1,0,1,0,0,EMII,synthetic_corpus_v2,syn_95991792f652,synthetic
7.764488549099399,6.946044762070943,7.375557540771003,4.559505111457088,3.419130854427456,3.5294019883282335,3.9400495330280694,3.125504950695262,4.587882815445292,6.6592631633425645,12.40802660690354,labo,data_science,1,0,0,0,0,1,0,1,0,0,1,0,1,0,0,0,0,0,ISAIA,synthetic_corpus_v2,syn_4f4572fecd62,synthetic
7.551883936983202,5.308464063320065,6.262511461380656,4.744930789893541,1.996769207190375,5.157176308563171,3.2738434178858635,3.4134770028720864,6.925592377043797,4.04359914131176,13.229332927738103,remote,data_science,1,0,0,1,0,0,0,1,0,1,0,1,1,1,0,1,0,0,ISAIA,synthetic_corpus_v2,syn_8bc669b21d60,synthetic
4.962967238800182,9.270506554071275,4.318460129213829,4.2037560017261555,5.8308350965447495,6.221188149588817,3.690161678463,1.9862278774150677,3.2065404205977535,5.154049012148994,12.265659468715171,startup,developpement_logiciel,1,1,0,0,0,0,0,1,1,0,0,0,1,0,1,0,0,0,IGGLIA,synthetic_corpus_v2,syn_757830fe632d,synthetic
7.9249345831637505,8.203971497863078,4.230468524785298,3.54858225033618,3.300501359128074,6.673432256150756,2.8233937279732206,1.0781613793183928,4.114939307050133,5.206526117954229,12.102373113906292,labo,developpement_logiciel,1,1,0,1,1,1,1,0,0,1,0,0,1,1,0,1,0,0,IGGLIA,synthetic_corpus_v2,syn_751c6d93819e,synthetic
4.198401122413244,9.442121018013506,4.028356695536141,8.075560835872901,3.216131088736277,5.988192916752538,3.2961075016400363,3.65429883469126,4.324531578797325,3.226165348923087,14.13054182654581,bureau,multimedia_ux,1,1,0,0,0,1,0,1,1,1,1,0,0,0,0,0,1,0,IMTICIA,synthetic_corpus_v2,syn_da5f0f42ee8b,synthetic
4.320991460152456,2.0287257582338776,3.996191187461161,0.11325902405901056,4.931801732015414,6.932589410025827,3.1562312980333527,3.7935299648995002,6.706924063416837,7.460624129231958,15.386322727852292,bureau,droit_affaires,0,0,0,0,0,1,0,1,1,1,0,0,0,0,0,1,1,1,DTJA,synthetic_corpus_v2,syn_e7883e4208ac,synthetic
3.974017010277257,2.016424390742567,3.8573355299924086,5.959934305032961,3.340744229440759,6.06781587628357,3.5402636243247967,3.4176986688285695,8.03615929224871,4.421013909235316,12.030741293949244,bureau,commerce_gestion,0,1,0,1,1,1,0,0,1,0,1,0,0,0,0,0,0,1,TEH,synthetic_corpus_v2,syn_2872a7191e2a,synthetic
2.2073979587779724,3.22752354739909,3.2694015534598417,6.237040908690382,2.2561937819554343,6.645399330544182,4.517574073242068,7.7292371614031055,9.433867402170467,3.793695468951504,13.520130798144352,terrain,tourisme_hotellerie,0,1,0,0,1,1,1,0,1,0,1,1,1,1,0,1,1,0,TEE,synthetic_corpus_v2,syn_0d0c42669d63,synthetic
6.199870053399022,3.3814484234906246,5.017157755842364,10.0,4.537373070953005,5.822358463470291,5.818108125527541,3.195740451157038,6.187883567384004,4.633521648666277,14.699958127787907,terrain,genie_civil_archi,0,0,1,0,1,0,0,0,0,1,1,1,1,1,1,0,0,0,GCA,synthetic_corpus_v2,syn_3994c0ec601e,synthetic
5.117790601142513,3.1367651026122987,5.930779793944392,4.410814032534645,2.729169037940866,6.336518936768987,1.294328200154409,1.7633094905280324,7.521407518108025,8.437118902441103,13.473650102705772,remote,commerce_gestion,0,1,1,0,1,0,0,1,0,1,0,0,1,0,0,1,0,0,CAA,synthetic_corpus_v2,syn_8f0d07074a2b,synthetic
8.920480916610904,5.974603338235222,8.33254599267119,2.190504811321553,2.5551308525597567,5.808136175391265,2.551553734316312,0.793961653009911,4.670727025871567,3.525681264479635,15.10716795771912,remote,gestion_projet_si,1,0,1,0,0,0,0,1,0,1,1,0,1,0,0,0,0,0,ISAIA,synthetic_corpus_v2,syn_05eec7c8717d,synthetic
6.368902926408733,3.1404913730054655,2.9092096937993253,4.223638676219569,3.3607945555986616,6.02033548892713,6.806294627050501,8.40198771407037,5.30749263185771,4.417352315117297,12.577061829250834,terrain,agroalimentaire,0,0,1,0,1,0,0,1,0,0,0,1,0,1,0,1,1,1,IAA,synthetic_corpus_v2,syn_a2abad3f2fb5,synthetic
3.742101583771843,3.9637144863588287,5.323865016346724,2.5304069387583135,2.325247968877064,4.859088057809123,4.544224238153861,9.01927107449188,4.295785906317338,3.8234555281583735,13.103303337932765,atelier,multimedia_ux,1,1,0,0,1,0,1,0,1,1,0,0,1,1,0,1,0,1,IAA,synthetic_corpus_v2,syn_d4ebeff4c26d,synthetic
5.2406324063157586,1.0976941872904422,4.659872849311114,1.026800751687162,1.2064510906596604,6.634300180976113,3.09563034917844,8.33663657265018,4.95878396111482,5.680608909845063,14.780495162731707,terrain,agriculture_elevage,1,0,0,1,0,0,1,1,0,0,0,0,1,0,1,0,0,0,AEE,synthetic_corpus_v2,syn_add988152489,synthetic
8.16223210142242,1.2108845052842627,6.018699657634829,6.04266027154039,3.507630527594455,4.172032890940442,5.089879826952745,9.322120383907665,4.933817185252968,2.9134407319656215,13.750024412271292,bureau,pharmacie,1,1,0,0,0,1,0,0,0,1,0,1,1,1,0,1,1,0,PIP,synthetic_corpus_v2,syn_244dc8b6f105,synthetic
4.13750116840759,4.9355492673009165,5.484683152666341,4.156614888882735,4.548581913804743,3.9631056453724898,6.903516824082477,6.8980566170769935,4.973102490607578,2.5423034411672116,13.481403837468376,terrain,industrie_automatisme,0,0,0,0,0,0,0,0,1,0,0,0,1,1,1,0,0,1,ICMP,synthetic_corpus_v2,syn_2db8340d4813,synthetic
6.0609060138313255,1.5526959632304742,5.576138617207998,3.0617267232157013,3.757948481098004,6.705872197123426,4.200714585682835,8.723120971438108,4.773688187077321,2.7235199564676478,11.503761951841474,terrain,agroalimentaire,1,0,1,0,1,0,1,1,0,0,1,0,0,1,0,1,1,0,IAA,synthetic_corpus_v2,syn_d900e0b384ca,synthetic
6.315677666616367,3.267552559563598,6.422835802706538,3.0847591466408666,2.600544749953802,5.980674855536183,2.864753694827528,6.848834718051297,5.575993051100765,2.851840533222206,11.799938509663328,atelier,agroalimentaire,1,0,0,0,0,1,0,0,0,0,0,1,0,1,1,1,0,1,IAA,synthetic_corpus_v2,syn_616a930aa727,synthetic
10.0,5.125518163942913,8.839752054362,4.851264159363249,3.1795602262293112,4.883852436956941,4.430012099521214,5.456897878777699,4.566569634250017,2.749253355845725,12.351161035170628,labo,recherche_appliquee,1,1,1,0,1,0,0,0,0,1,1,1,1,1,0,1,1,0,ISAIA,synthetic_corpus_v2,syn_83a7d6ea76c4,synthetic
6.362313833937316,5.671997441973355,3.9758865488186728,5.029740963514103,2.8460644906372132,6.723286831856264,0.6212205061396019,6.144916406129177,7.392725621128977,5.467106633958556,13.140882539048926,startup,tourisme_hotellerie,1,1,0,0,1,1,0,1,0,0,1,0,0,1,1,1,0,0,TEE,synthetic_corpus_v2,syn_fd15c29dc977,synthetic
5.370293130178689,9.348911017017711,4.029429116155269,6.594878867771069,4.1827859086545915,6.861920789237776,5.226906359127481,4.615539671616791,4.982639538670504,4.754512732605244,11.742700459999762,bureau,developpement_logiciel,1,0,0,0,0,1,0,1,1,0,1,0,0,0,1,1,0,1,IGGLIA,synthetic_corpus_v2,syn_c1cfecbca287,synthetic
3.150217303269972,1.1999986233686333,3.566357926960385,6.93491433045163,3.7536456607240023,9.232500551411146,2.698139751116316,3.800127561825133,8.307425760631128,4.723751285943102,11.481397794623803,startup,tourisme_hotellerie,0,0,1,1,1,1,0,1,0,0,0,0,0,0,0,0,0,0,TEH,synthetic_corpus_v2,syn_27172076ae08,synthetic
5.593186755150854,3.1300511107072753,3.9789382937773103,4.589218105471683,3.2855327505914143,5.540896148093262,6.093060847512036,10.0,7.228113012748171,2.487666672698234,14.04816880697642,atelier,agroalimentaire,0,0,1,1,0,0,0,0,0,0,1,1,1,1,0,1,0,0,IAA,synthetic_corpus_v2,syn_8d72ff01d2d5,synthetic
5.710512485803034,7.907943269257545,5.2818355296878705,4.107077605036326,5.469754190282281,7.001554484769803,3.3845071335801653,3.2428330517439528,3.311811858618263,6.927374552754463,12.249885805348834,startup,gestion_projet_si,1,1,0,0,0,1,0,1,1,1,0,0,1,0,0,1,0,1,IGGLIA,synthetic_corpus_v2,syn_96a62da3de6d,synthetic
7.755145686117453,4.37613090613885,5.71598873915937,1.6590753378395464,1.3023391026521707,5.932241699922297,4.727211124477799,0.9699338072199433,7.384783298560015,7.263407680038614,15.116343926886232,bureau,finance_compta,0,0,0,0,0,1,1,0,0,1,0,1,0,0,0,0,0,0,FIC,synthetic_corpus_v2,syn_a4fec714a85c,synthetic
5.5423225834859995,8.64682150217314,2.856575931733881,4.752396057273268,3.074059563194145,7.231496337179002,2.3429518831201737,1.1772121005838254,3.8436582028186494,6.546295405743802,14.11358455581503,startup,developpement_logiciel,0,0,0,1,1,1,0,0,1,1,0,0,0,0,0,1,0,0,IGGLIA,synthetic_corpus_v2,syn_9e4abb2d4dc3,synthetic
5.074736329760464,2.6503841700830986,4.569319586223708,1.7687543264709944,2.343374328456422,4.683229903689011,6.6009497428456845,8.702491115250393,3.901049649040743,5.748911296442285,15.729155108817185,labo,agroalimentaire,0,1,0,1,0,0,1,0,0,0,1,1,1,0,0,1,1,0,IAA,synthetic_corpus_v2,syn_fd64f3661c97,synthetic
6.369018129036881,0.007996257108538796,4.147125225019182,2.7913586541666495,2.7672970905833294,7.072518214945757,4.487269883335245,8.147885690373835,4.0594024415569505,4.0773007267201145,15.46786486247894,labo,agroalimentaire,0,0,1,0,0,0,1,0,1,0,0,0,1,0,0,1,1,0,IAA,synthetic_corpus_v2,syn_f27b99e200e9,synthetic
4.429016726816385,2.449066781793455,3.510029633348303,4.484710759779768,4.66755060077574,9.58219777445376,2.321724167550203,2.6878169451561296,7.18340548144125,6.481944514553815,13.07986704395448,bureau,commerce_gestion,1,0,0,0,0,0,0,1,0,1,0,0,0,0,0,0,0,0,EMP,synthetic_corpus_v2,syn_bb38593ede7b,synthetic
7.55594099964609,2.7096718812241907,6.746631750832482,2.410421177241756,2.899041354850198,3.520833485154612,3.2918731324506165,7.982453635930125,6.496893755647376,3.7786845191549774,14.131565540542343,terrain,agriculture_elevage,1,0,0,1,0,0,1,0,0,0,1,0,0,0,1,1,1,0,AEE,synthetic_corpus_v2,syn_1438e5f256f5,synthetic
6.873524474010182,10.0,7.078668577587969,4.185958785694706,5.368590512983312,9.207007991693196,3.6851158610877284,1.7666968448032523,4.071102064857874,5.105499823746882,13.036088815182577,remote,developpement_logiciel,1,0,0,1,0,1,1,1,1,0,1,1,1,0,0,0,1,1,IGGLIA,synthetic_corpus_v2,syn_568f1ce86a71,synthetic
1.9857165385827522,5.841604424851192,3.3005344353104373,9.083488513676564,1.4573815887300297,6.293696811709418,2.625116018392812,3.3658534366363133,3.127556292358086,3.2610820942611585,13.548783617808565,startup,electronique_embarque,1,1,0,0,1,0,0,0,0,0,1,0,0,0,0,0,1,1,IMTICIA,synthetic_corpus_v2,syn_f6819016128b,synthetic
7.2642345838107545,8.180647931953803,3.0738201071753375,2.6996149921721,7.9098388997747495,3.2004050686695864,8.139451587689688,1.269569659447516,3.5943396145762008,4.7714902096347585,13.252537959000918,atelier,electronique_embarque,0,0,0,0,1,0,1,1,0,0,0,1,0,1,0,0,0,0,EMII,synthetic_corpus_v2,syn_ed702612a666,synthetic
6.856486966238565,8.052754616639627,4.70361306798137,4.665193757288773,2.1226922982694427,6.758243698113907,4.0216467057549465,1.4509635820088063,3.096381564600068,4.371050133910023,13.082103673389147,remote,gestion_projet_si,1,0,0,0,1,0,0,1,0,0,1,1,0,0,0,0,1,0,IGGLIA,synthetic_corpus_v2,syn_2c9ae690d021,synthetic
6.914591612169734,2.515217016583235,4.741065555267922,2.029021130018752,5.286381314457264,5.894571958405649,7.689902736688827,5.728092588396018,4.719201490958531,4.552173594899751,12.510516890875373,labo,chimie_procedes,0,0,0,0,1,0,1,0,1,0,0,0,1,0,0,1,1,1,ICMP,synthetic_corpus_v2,syn_d55b160a42a2,synthetic
6.306951018646178,6.9629896884156155,4.603681335269639,6.054033036017793,4.13561027804055,7.853165052926437,2.7022098876679563,1.91425239179831,5.6504234377313995,4.399880812469994,14.020214304174925,startup,multimedia_ux,0,1,1,1,1,1,0,0,0,0,0,0,0,0,0,0,0,0,IMTICIA,synthetic_corpus_v2,syn_9629c5839226,synthetic
7.508814918049422,4.058832700842521,5.666095141974312,3.131545467439403,8.363449066570523,5.1050622670859935,5.784187521686454,3.5508858139897113,4.998934138684869,1.985119418155913,13.011822830877893,terrain,electronique_embarque,0,0,0,1,0,1,0,0,0,1,0,0,0,1,0,0,0,1,EMII,synthetic_corpus_v2,syn_b87d5150aadf,synthetic
8.001825768735626,1.4107656222221743,5.916660282659143,3.604905552663326,2.065605287699633,3.5014349304967243,6.1056538526303745,8.799738417945203,5.468478150995722,2.6162936707828375,11.270611703393145,labo,industrie_automatisme,1,0,1,0,0,0,0,1,1,1,0,0,1,0,0,1,1,1,ICMP,synthetic_corpus_v2,syn_ddb98f627f47,synthetic
4.910411623081521,3.588106144322959,5.385637691211832,2.8237155965338228,4.008608635245238,6.310951170702923,6.200965495155868,8.50825465818414,2.9236669255548238,4.247862576028389,14.080682061286986,remote,pharmacie,0,1,0,0,0,0,0,1,1,0,0,0,0,1,0,1,0,0,PIP,synthetic_corpus_v2,syn_2174b156a07b,synthetic
3.583578908520714,6.178245175046284,6.141954412784244,7.568114138915146,2.8349542137500126,3.727345295374568,3.622412670816846,1.4747627487544175,5.453534576224943,4.580673061778782,11.478236573272582,remote,multimedia_ux,0,1,1,0,0,0,0,1,0,0,1,0,0,0,0,0,0,1,IMTICIA,synthetic_corpus_v2,syn_3ef226359ffe,synthetic
8.206243059463647,2.8744396473801554,5.223705397046303,3.1936023084773764,3.1906743579530397,3.4186301613106966,5.5390029474605464,10.0,3.6029993809500125,4.066307324162928,15.530016260219321,labo,recherche_appliquee,0,0,0,1,0,0,0,1,0,0,0,1,1,0,1,1,0,0,PIP,synthetic_corpus_v2,syn_29ccfd142c5c,synthetic
7.439762069858265,3.770840527235813,4.350411544055988,4.913979893299169,4.7726384848254035,3.070321841039844,7.491537568298772,7.567731885548258,4.532856937187893,3.303631964100011,11.11580065086117,terrain,industrie_automatisme,0,1,0,1,0,0,1,1,0,0,1,0,1,0,0,0,1,0,ICMP,synthetic_corpus_v2,syn_59fa6084be33,synthetic
9.967267053041871,7.378501491927535,9.558207906355966,3.9993533099977374,3.5136106942643552,5.799250287651691,5.408702798198899,2.180689992407401,4.329797698480982,5.589455237994998,14.164171099804886,labo,recherche_appliquee,1,0,1,0,0,0,0,1,1,1,0,0,0,0,1,0,0,0,ISAIA,synthetic_corpus_v2,syn_afa1eb8044ce,synthetic
7.724116096129844,4.048574700147409,5.51198654291966,7.083584640960103,1.007001572904696,4.079009982298623,8.846052152856547,2.355300116199671,2.937739062427408,3.6738733278493627,13.825913854900692,terrain,genie_civil_archi,0,0,0,1,1,1,1,0,0,0,0,1,0,1,0,0,0,1,GCA,synthetic_corpus_v2,syn_66f65702c56b,synthetic
6.134887997641336,7.028266600303082,3.265178406580617,5.271657796769778,6.341637420130217,4.872406904678414,9.112245898884835,4.037008216797929,2.7130046120960385,1.5748166246512396,12.301842125388657,atelier,gestion_projet_si,0,1,1,0,0,0,1,0,0,0,0,0,0,1,1,0,0,1,EMII,synthetic_corpus_v2,syn_04b8960199dc,synthetic
4.60798123695615,6.575434505113357,5.1061516202149795,9.439551241381757,3.8586026560184936,5.107207121002384,3.2588341151626006,0.9842460524095431,6.313405061640786,1.1033830002793348,10.237827279062895,remote,developpement_logiciel,1,1,0,0,1,0,0,0,0,0,1,0,1,0,0,0,0,0,IMTICIA,synthetic_corpus_v2,syn_ebd4a60008b0,synthetic
6.476283935214497,4.484024066882087,4.0418667477575605,6.423241327323226,2.809573694575098,4.697952193979909,10.0,3.1388197794281365,6.194462703672491,3.1652904975672103,11.344072896657448,terrain,genie_civil_archi,0,0,0,0,1,0,0,0,1,1,1,0,1,0,1,1,0,1,GCA,synthetic_corpus_v2,syn_4c0f038c4acd,synthetic
3.623754922011897,6.81808433810161,6.401121474584406,1.5780930205356964,8.839196914282622,4.599409753940095,6.8666328535392385,3.017912869673485,5.075757730449766,3.2195401256874683,13.829803246624973,atelier,developpement_logiciel,1,0,0,0,0,1,0,0,0,0,0,1,0,0,1,1,1,0,ESIIA,synthetic_corpus_v2,syn_b4ac7c9298bf,synthetic
8.539679598478122,4.849843662836426,8.903514477944123,2.8042326551892485,3.9688287765760686,6.620817917992329,4.22369913889921,1.8590817080837096,3.594413635232799,4.712756515764661,14.47879767245454,remote,recherche_appliquee,1,0,1,1,0,0,1,1,1,0,1,0,1,1,0,1,1,0,ISAIA,synthetic_corpus_v2,syn_19f42759e558,synthetic
4.640323932455799,3.373385557689552,1.3006494975047325,5.529895436540433,2.7397283793779756,7.893809140101222,3.367408737847489,2.8616727740944228,6.840383395778861,8.655870869799022,12.368590874482884,startup,commerce_gestion,0,0,0,1,0,1,0,0,0,1,0,0,0,0,1,0,1,1,CAA,synthetic_corpus_v2,syn_f23a60d8b9df,synthetic
9.001535281893196,5.190555013350507,5.97677937695764,3.817670343974501,9.081799671716043,3.9285082370685918,8.820005048331755,3.143782829176347,7.047676535918441,4.078410964309221,12.784163096988037,labo,electronique_embarque,1,0,0,0,0,1,1,0,0,1,0,1,1,1,1,1,1,1,ISAIA,synthetic_corpus_v2,syn_09ae006b3e39,synthetic
4.090775492572869,1.7703129952999466,5.660854554478278,3.446214984934958,3.5222707225187824,4.05262905442549,6.144744743031684,8.91459981617338,4.98244643176688,3.430917964480426,8.785396212675032,labo,agriculture_elevage,0,0,0,1,0,0,1,1,0,0,0,0,1,1,1,1,1,0,AEE,synthetic_corpus_v2,syn_6ace8e72e61c,synthetic
4.339506568127987,5.780877296471039,4.27947424269378,8.691469071256341,3.905052388835961,5.384257232971637,2.3888398257133066,1.4710881101259095,6.711627818187845,3.5466626785132442,12.942924265141423,startup,developpement_logiciel,0,0,0,0,0,1,1,0,1,0,1,1,1,0,0,1,0,0,IMTICIA,synthetic_corpus_v2,syn_a17ec8e9ebd5,synthetic
5.961072978882556,1.9341600204895368,0.24165627971710535,4.782188218530415,4.859254525937686,5.58065272472399,3.57786065323054,3.042022585131125,9.058662283023063,6.827342125182425,11.812989958994962,bureau,electronique_embarque,0,0,0,0,1,1,0,0,0,0,1,1,0,0,0,1,0,0,TEH,synthetic_corpus_v2,syn_72f11b311415,synthetic
4.751238278942639,2.4184567378582145,6.737785720986057,3.597562753762917,3.177074313136647,6.44015877395276,2.1931192060102496,9.307839233832478,7.530043921167039,3.5905109616573254,13.419331413282324,labo,agroalimentaire,0,0,1,0,0,0,1,0,0,0,0,0,0,1,1,1,1,0,IAA,synthetic_corpus_v2,syn_5e047d56bfea,synthetic
4.385148518264925,2.655793536307385,5.249206082398551,8.621651685086988,0.7154799068094804,5.517480334083835,4.938916637428474,3.9309843890569978,9.468671761345396,4.153788744430048,10.910383838442037,bureau,commerce_gestion,0,0,0,0,0,0,0,0,0,1,0,1,0,0,0,0,1,1,TEH,synthetic_corpus_v2,syn_bf77ba719ecf,synthetic
4.775401060548354,4.460603146754815,6.465882187062068,1.9534886397356281,2.894896852994032,3.116046170926131,3.5157090644197657,7.4517137651852465,3.775590454453316,3.173174972551462,11.333721251551234,labo,agriculture_elevage,1,0,0,1,1,0,1,0,0,0,0,1,0,0,1,1,1,1,AEE,synthetic_corpus_v2,syn_fb25008bab84,synthetic
6.355034145190119,5.80769960762924,6.192733121058633,2.8150731994372293,8.50895220347461,3.037449578421104,8.693680242755681,3.965822664624416,4.262232000255115,4.712756679462954,12.184341835864524,atelier,developpement_logiciel,1,0,0,1,0,1,1,1,0,1,0,1,1,0,1,1,0,1,ESIIA,synthetic_corpus_v2,syn_75523ff3299c,synthetic
8.198312490023506,2.354749900619011,5.051604243722169,4.999839238762577,3.488581952585318,4.775032714463113,7.680854823425207,3.429977757501078,2.4508030085267136,4.743222858122137,12.530101746920701,chantier,genie_civil_archi,0,0,0,0,1,0,1,0,0,0,0,1,0,0,1,0,1,0,GCA,synthetic_corpus_v2,syn_10fdb34e8f90,synthetic
4.708005090101718,4.455386256202141,4.424960250440483,1.9306670100874244,8.994107058089828,3.5835595592419436,8.360347634084391,3.1004998905697896,5.033377309342482,2.366369941556266,12.669442344556087,terrain,recherche_appliquee,0,0,0,1,0,0,0,1,1,1,1,0,0,1,1,0,0,0,ESIIA,synthetic_corpus_v2,syn_376482e48f16,synthetic
7.364572365873293,0.5689379552941038,6.93248384808639,2.693025969769602,3.442262448479822,6.774343891544035,4.276960959000667,9.218700905891058,3.271719003914976,2.7309289937295222,13.656468192185654,terrain,agroalimentaire,0,0,0,0,0,1,1,1,0,0,0,0,1,1,0,1,1,1,IAA,synthetic_corpus_v2,syn_47feb1da313b,synthetic
6.545154243235945,1.3989348459416584,4.352558944944746,4.270914765916697,2.0784938791018956,6.624470097972425,3.0344138249980577,2.442943725898542,9.273366746206976,8.713993596131086,14.705946617752245,startup,commerce_gestion,1,0,0,0,0,1,0,0,0,1,0,0,0,0,0,1,0,0,CAA,synthetic_corpus_v2,syn_72bbe63a7104,synthetic
4.524483976631975,6.203969091109028,6.055165148007397,8.612893491573551,5.017801547112187,6.381952332312807,2.471251737461792,1.1462130401202524,5.794179518237316,4.709565712986227,10.397670290205994,remote,developpement_logiciel,1,1,0,1,1,1,1,0,1,0,1,1,1,0,1,0,0,0,IMTICIA,synthetic_corpus_v2,syn_7df16cfa92ee,synthetic
3.3114119014923427,2.007096091265972,1.979423535654921,5.527619574486575,1.2140780827963953,7.018380667098707,3.2294657648105694,6.144400814356404,5.962895982069291,5.345845535200249,13.266177502130132,bureau,tourisme_hotellerie,0,0,1,0,0,0,0,1,0,0,1,0,0,1,0,1,1,0,TEE,synthetic_corpus_v2,syn_4ffed6e9953f,synthetic
7.733690373197881,8.958871235222219,8.303350812294855,3.8553996304988396,3.5687172731947223,7.934225469354848,4.217922883041216,1.6895563909750582,4.449744424835737,5.925394521749782,15.88541204604159,terrain,developpement_logiciel,1,1,0,0,0,0,1,0,1,1,0,0,0,1,0,0,1,0,IGGLIA,synthetic_corpus_v2,syn_271b88767822,synthetic
6.68096804590823,2.180545798484992,3.44856937048553,3.6812784853551412,2.3937005021180804,8.919878432637587,2.87887567598353,1.6069068993538358,7.570388066265754,7.873933078095297,14.790107372893635,labo,commerce_gestion,0,0,0,1,0,1,0,0,0,1,0,1,0,0,1,0,0,1,CAA,synthetic_corpus_v2,syn_a069e6050068,synthetic
3.283259803888735,3.6220190712450178,2.5483562131986206,2.9426288294358387,1.2048049958435945,8.836895235957321,1.9356257877911067,1.9310230326994364,8.262117652673993,7.964364602422628,12.233674484709391,bureau,droit_affaires,0,0,0,0,0,1,0,0,0,0,0,1,0,0,0,0,0,1,DTJA,synthetic_corpus_v2,syn_5c27b91b3d58,synthetic
6.5293382238578195,9.074706982994988,6.4265831476971185,5.792761959696964,3.6987725215655125,7.238617084944538,2.8150608452173005,4.423074664904934,3.790452625644888,7.222431853667002,13.004956947332381,remote,gestion_projet_si,0,0,0,1,1,1,0,1,1,0,0,1,0,1,1,0,1,1,IGGLIA,synthetic_corpus_v2,syn_9b35907c1cc9,synthetic
4.676254946497156,3.5979275820940924,6.971277261159987,3.844221680425742,1.439513460370085,8.290111567682828,1.923214304029031,2.8473921001645106,3.9701167057177305,8.115133783750158,12.737113925028899,bureau,commerce_gestion,1,1,0,0,0,1,1,0,1,1,0,1,0,0,0,0,0,1,EMP,synthetic_corpus_v2,syn_aa42902ec8b1,synthetic
5.653769688188016,3.7026254773697014,3.831679646993524,5.1465638269347345,4.99393113237953,4.932332364955759,5.101467218523033,8.355190753635538,3.8566383421085204,4.583751573086917,10.784609103218182,terrain,agroalimentaire,0,0,0,0,0,1,1,1,1,1,1,1,0,1,1,1,1,0,IAA,synthetic_corpus_v2,syn_70288a801fd8,synthetic
5.515003862680355,8.292612388635513,3.9778109634044148,3.5930283142504393,4.158761369436441,8.199824026329479,2.868149007764864,1.5905022865220078,5.894729071440401,5.456099885441954,14.233390273212933,startup,developpement_logiciel,1,1,0,1,1,1,0,1,1,1,0,0,1,1,0,0,0,0,IGGLIA,synthetic_corpus_v2,syn_e90e15a8ad7b,synthetic
7.401367906772034,2.771417485683224,4.326725820839919,6.566359476170127,4.601302070245388,5.356443734765137,8.097560449445227,3.890710922066419,6.070320801561879,2.399328961318842,12.002515143362835,bureau,genie_civil_archi,0,1,0,1,0,1,0,1,0,0,1,0,0,0,1,0,0,0,GCA,synthetic_corpus_v2,syn_62df9c844aff,synthetic
5.494911387106247,5.313511787003664,5.771473855223266,8.750031293793302,2.0642231123895356,7.351693397625695,3.7315004169074144,2.9722399007223954,7.252130534883641,3.5390688533191716,13.80305464520783,bureau,multimedia_ux,1,0,0,1,0,0,0,0,1,1,1,1,1,0,0,0,0,0,IMTICIA,synthetic_corpus_v2,syn_ce7e68a9bf94,synthetic
8.092837985328426,3.294151524706894,7.425372536260981,2.253025018818808,3.5597763844493935,6.5079664329441265,1.7014368858295053,1.3207699740794414,5.918769871798684,8.608438141104877,11.605619898273773,remote,finance_compta,1,0,1,0,1,1,1,0,0,1,0,0,0,1,1,0,0,0,FIC,synthetic_corpus_v2,syn_5a0e309ca1a2,synthetic
5.129329332827723,6.330402681410997,5.533675373366409,3.904139151203342,1.5609754485312912,9.96722738317115,4.98819494211032,1.2044286645018636,6.074026468379516,5.2748308982398475,14.586178741816628,remote,developpement_logiciel,0,0,1,0,0,1,1,1,0,0,0,0,0,1,1,0,0,0,IGGLIA,synthetic_corpus_v2,syn_f444c164e625,synthetic
3.860545803931484,0.8795442731035805,3.9049600261087702,4.894926813800139,3.968860569303877,6.34760674876283,3.9592496511286015,5.840799426794872,8.92341736545813,3.9916760108616915,12.745635017152505,terrain,tourisme_hotellerie,1,0,0,0,0,1,1,0,0,1,0,1,0,1,1,0,1,0,TEE,synthetic_corpus_v2,syn_5ef6d69f8d49,synthetic
5.71921798712313,1.8878488570947727,4.332459103332074,1.8972396254152608,2.7163373440172958,5.160473633950094,2.0500240872072704,7.871563854535076,3.915890850971039,1.6604004129689962,15.660792410466748,labo,recherche_appliquee,0,0,0,0,0,0,0,1,0,0,1,0,1,0,1,1,1,1,GCA,synthetic_corpus_v2,syn_6c1e13f248d2,synthetic
8.741356427610285,5.623693309487328,6.630025922632228,5.606323374619203,6.985329973888177,2.9052678053565315,7.304711708419996,2.228077295105447,5.325324939288811,4.32242949940283,12.263024918420845,labo,recherche_appliquee,1,0,0,0,1,0,0,1,1,0,0,1,1,1,1,0,0,0,ESIIA,synthetic_corpus_v2,syn_ca74b347738f,synthetic
7.741417690544167,4.297963190043981,9.43251339405518,6.084547245635339,3.626088432383542,4.591311145455208,4.259821409783055,3.1785358532269083,4.446748476860469,3.4142495704580402,15.472658905307563,bureau,recherche_appliquee,1,0,1,0,0,0,1,1,0,1,1,0,1,0,0,1,0,0,ISAIA,synthetic_corpus_v2,syn_d20903b6c5b0,synthetic
6.417362618067635,2.0450214278556995,5.719064998415711,4.2869861515380405,2.5489379610431118,9.633207997649569,2.706495940834927,3.88740084231689,5.658926708105627,6.9605311187747,12.254141947659134,startup,commerce_gestion,0,0,0,0,1,0,0,0,0,0,0,1,0,0,0,0,1,1,CAA,synthetic_corpus_v2,syn_81db7862a2a9,synthetic
4.563702899066091,2.8765242779344575,2.9031914694460714,4.1621303487676995,2.169193408913912,5.039800775102812,2.0187918722995204,0.7554233510809045,5.611279699343362,8.304459874974983,12.424376239969007,bureau,droit_affaires,0,1,0,0,1,1,0,0,0,0,1,0,1,0,0,0,0,1,DTJA,synthetic_corpus_v2,syn_7d31ccb760de,synthetic
5.260139049386096,2.5086375656538094,7.819552797427002,2.822623394989367,5.411226449503468,4.433537234658668,5.993318677690617,6.164495865724155,3.390123367873968,4.313124746349517,10.970849107386115,atelier,chimie_procedes,0,0,0,0,0,0,1,0,1,1,0,1,1,0,0,1,0,1,ICMP,synthetic_corpus_v2,syn_e0a1236a77a1,synthetic
7.568559355289807,8.088951301391562,4.376689889391023,2.493420362563344,10.0,3.3126215972836976,4.06902146886989,4.680247507163553,5.161944782012659,3.9195578384000243,13.50463279869351,bureau,recherche_appliquee,1,1,1,1,0,0,1,1,1,1,0,1,0,0,0,0,1,0,ESIIA,synthetic_corpus_v2,syn_6e5cde68e770,synthetic
6.265974887036048,7.832800590405149,4.114980016858702,4.6069540758273755,3.9529824110029756,8.149822417248556,2.2726420563599197,0.05511274052312354,1.7284843236796377,5.432669907143527,12.84698481003783,startup,developpement_logiciel,1,0,0,0,1,1,0,1,0,1,0,1,1,1,1,0,0,1,IGGLIA,synthetic_corpus_v2,syn_4e5113c79f8a,synthetic
4.579134022594335,3.2360663521572723,5.374455189664658,4.1210673345557485,3.9031907148641722,8.06035942500813,1.313726519123296,4.896164672431444,9.144317943236041,5.957136830635243,11.059731397069177,terrain,commerce_gestion,0,0,1,0,0,1,0,0,1,0,0,0,0,0,0,0,0,0,TEH,synthetic_corpus_v2,syn_3a22a998b53d,synthetic
6.274584022420841,5.933639571643463,5.487230670041342,2.103160102106662,1.7898669556867186,4.716697007397754,6.494304304497599,8.516792973784032,2.255750099165513,4.567647361742745,12.319455759496922,terrain,industrie_automatisme,1,0,0,1,1,0,0,0,0,0,0,0,0,1,0,1,1,0,ICMP,synthetic_corpus_v2,syn_f38f7ebb0c8c,synthetic
7.848846882345774,3.0486630034887283,5.6305829843182655,2.0566290809476877,2.420808283146697,3.64628513178389,4.843292918100784,8.71914830865915,6.570562703912057,4.1855429322234645,14.433513308430953,bureau,pharmacie,1,0,0,1,0,1,0,0,0,0,0,0,1,0,0,0,0,1,PIP,synthetic_corpus_v2,syn_12320ef3fccd,synthetic
7.721925057582065,4.427545026173497,2.2953588471129986,6.9020436113928785,1.1585928258855875,5.363553831060807,6.493113677746243,1.9750399605153393,3.885478449795763,3.5879968213787863,13.194400016089533,bureau,genie_civil_archi,0,1,0,1,0,0,1,1,0,0,0,1,1,1,0,1,0,1,GCA,synthetic_corpus_v2,syn_947f9a949b82,synthetic
4.495608820854911,1.1142156420462592,2.3668006375701367,4.416746158227982,0.9551734923864048,6.035246479364542,4.998418728972912,4.877072441579826,8.20382423882869,3.9365686561162336,13.457733537948963,bureau,tourisme_hotellerie,1,0,0,1,0,0,0,0,0,0,0,0,0,0,1,1,0,0,TEE,synthetic_corpus_v2,syn_35b564bf1cd8,synthetic
6.8400038771856675,9.12991954694398,4.010130427296572,1.1970546511428801,2.91388643769341,6.9898216139880445,3.8955080111036495,0.0,5.082631979028359,5.805632793939121,14.602792989230998,bureau,developpement_logiciel,1,1,0,0,1,1,0,0,0,1,0,0,0,1,0,1,1,0,IGGLIA,synthetic_corpus_v2,syn_7fbcb9d9ff4b,synthetic
5.514422605898013,9.839492456936858,6.001417827589386,4.013365391121353,1.5835271059241915,6.8027373216048135,2.873760960525648,2.8069045048032324,3.9256144093100467,4.558387780007596,9.770220257144496,startup,developpement_logiciel,1,1,1,0,0,0,0,0,1,0,1,1,1,0,0,0,0,1,IGGLIA,synthetic_corpus_v2,syn_b0fbe75d1a7a,synthetic
4.52962986778425,2.8593926206332623,2.9367445319351284,3.691855851061168,0.7007203641953617,2.4260835878031903,2.8080705389708838,7.067549273769467,9.764786574884473,4.046841112422713,12.244615798367953,bureau,pharmacie,1,0,0,0,0,0,0,1,0,0,0,0,0,0,1,0,0,0,TEE,synthetic_corpus_v2,syn_e51236b9960d,synthetic
5.080420397909535,0.7436581664608783,4.402859794310846,4.0278612912546325,0.39537783906671065,5.930220600780059,2.0415993799243726,7.424650820451839,8.067497910418172,5.1120326006162085,12.41895100335238,terrain,droit_affaires,0,0,1,0,0,0,0,0,0,0,0,1,0,0,1,0,1,1,TEE,synthetic_corpus_v2,syn_9ec7d57e8b57,synthetic
6.1850433680749255,5.315579470729441,6.961208758260044,4.350127393734219,3.0712191434236544,4.308401091725769,3.897119913563878,1.6139853400015318,4.219155706436593,6.457589670664701,12.969232397217763,bureau,data_science,1,0,0,0,0,0,0,0,0,1,1,0,1,0,0,0,0,0,ISAIA,synthetic_corpus_v2,syn_04348d5a0765,synthetic
10.0,5.38347488726163,9.362316589791167,1.6854491973053682,2.5551147979851137,5.714214686361751,3.2578563838738277,3.0460542522619227,4.771461493605297,4.69263874017298,10.691978333952445,bureau,recherche_appliquee,0,0,1,0,0,0,0,1,1,0,0,0,1,1,1,0,0,0,ISAIA,synthetic_corpus_v2,syn_f61a479ab284,synthetic
5.68208584494093,2.7392166568279768,6.063933379297924,2.5143311796931265,4.137176469076828,2.959564265780555,5.367564495316088,7.8695123985093,3.4211479397680424,5.695221361173278,11.139406961090899,labo,chimie_procedes,0,0,0,1,0,0,0,0,0,0,1,0,1,1,0,0,1,0,ICMP,synthetic_corpus_v2,syn_8c545094b0ee,synthetic
8.90510453299573,6.035749288922417,2.2097056704258886,2.54808202988359,7.52188066858724,3.535012265736275,9.311088725793736,3.659933314186255,4.459920074612832,3.8717096536664077,15.003193691944194,atelier,industrie_automatisme,0,0,0,1,0,0,0,0,1,0,0,1,0,0,0,0,1,0,EMII,synthetic_corpus_v2,syn_a66d55d56072,synthetic
7.126303613226554,6.7979320386449205,4.862065140672806,3.3169786599295676,8.999757928522664,4.9156335110310385,7.302260233398119,0.0,3.4585426567594553,2.7273666211092173,11.948183264965085,atelier,recherche_appliquee,1,1,1,1,0,0,1,1,0,1,0,1,0,0,0,1,1,0,ESIIA,synthetic_corpus_v2,syn_315131a07c05,synthetic
6.637090575587577,2.506541597582002,4.742299869044768,1.0729072837076792,4.604231374220231,4.325845864392558,4.291301776057711,9.393515512506465,4.759205766906879,4.46922596529393,13.216669272676,labo,recherche_appliquee,0,0,1,0,0,0,0,1,0,0,0,1,1,0,1,0,0,0,PIP,synthetic_corpus_v2,syn_d9253f6e9779,synthetic
4.786074893988417,6.221966103702211,3.9535132155904007,10.0,3.9920577563403317,3.74171771457841,0.9692775348708627,3.4300904468539075,7.2485646644618935,2.3476219225944845,11.801064688917647,startup,multimedia_ux,0,0,0,0,1,0,0,1,1,1,1,1,1,0,0,0,0,0,IMTICIA,synthetic_corpus_v2,syn_1a91b41c58b6,synthetic
8.333254408152017,2.5477728982270493,8.604103798573377,3.6638238473282083,0.8101171375632852,7.499283457181509,1.5206401170938568,2.1608644732466615,6.446434703220574,7.6866450774885235,14.013612111929826,remote,finance_compta,1,0,0,0,1,0,1,1,0,0,0,0,1,1,0,1,0,0,FIC,synthetic_corpus_v2,syn_60b2be498f49,synthetic
4.318868536523272,6.895324452521821,6.682960014803626,2.15700436821758,3.9072872015574296,6.796269012069696,4.792207537149131,2.4702262267079695,3.0503706625444695,5.697016073121413,12.91944685484884,remote,developpement_logiciel,1,1,1,0,1,1,0,1,0,0,0,0,1,0,1,1,0,0,IGGLIA,synthetic_corpus_v2,syn_db61c14647fd,synthetic
6.134503063947296,8.583717633787346,3.9977855672181626,5.444907960487257,1.4887134410879277,8.428713437554519,5.154014091920931,0.5013794828292906,5.615949936958509,6.725536296027466,14.14751173706289,remote,developpement_logiciel,0,1,0,1,0,0,0,1,0,0,0,0,1,1,1,0,0,1,IGGLIA,synthetic_corpus_v2,syn_fb28f3b8dc7c,synthetic
6.557578890102087,3.6366822115247626,8.366528902865406,2.233703070485126,3.158265757862818,9.210193087967243,1.560698452069622,3.4692376496013404,8.479028378477862,7.046221418045775,13.2918856836521,remote,finance_compta,0,0,1,1,0,1,1,1,0,0,0,1,0,0,0,1,0,0,FIC,synthetic_corpus_v2,syn_bb69219dd157,synthetic
8.942698362165453,7.434322101543287,8.56732696924477,2.0408063680023565,2.8897428962138845,4.611465908645323,4.183877841054553,1.5997592018649767,3.2572691105987395,5.901396722819507,14.138240862832124,bureau,recherche_appliquee,0,0,1,0,0,0,1,1,0,0,1,0,0,0,0,0,0,0,ISAIA,synthetic_corpus_v2,syn_5580ce5f5e38,synthetic
8.325149476304977,5.381922728755751,7.2560078946846085,4.1506474980261885,3.4287281250749766,10.0,3.063000669113775,2.120838672338057,7.4698255503229785,6.996771021916273,15.231650167658726,bureau,finance_compta,0,0,1,0,1,0,0,0,0,0,0,0,0,0,0,0,1,1,FIC,synthetic_corpus_v2,syn_8695b47083b8,synthetic
6.240042941713389,9.548209500934075,5.3288831869616455,4.391756652867946,3.371691625676983,6.114588890819313,2.8017480863482906,4.4162625237396735,4.941704357687914,5.259427889358193,13.645892012499823,bureau,gestion_projet_si,0,0,0,0,0,1,0,0,0,0,1,1,1,0,1,0,1,1,IGGLIA,synthetic_corpus_v2,syn_0a02c4ada718,synthetic
2.511403307943547,1.2135575281340412,3.742618127805937,4.614161669564933,1.4337460411332237,3.8980849988282444,2.20592264878222,5.8647969948421705,8.251451270351017,5.3897109960203355,12.154935358134441,bureau,tourisme_hotellerie,0,0,0,1,0,1,1,0,0,0,0,0,0,0,1,1,0,0,TEE,synthetic_corpus_v2,syn_cb8667e1bb1f,synthetic
3.5413620459257062,2.338972480854634,5.5358167416359,2.3267022363214345,2.294193187337063,5.825191342629778,2.038386343108159,2.338671606996522,6.967811825426399,8.584962253579027,11.592137764117794,bureau,droit_affaires,0,0,0,0,1,1,1,1,1,1,1,1,0,0,1,0,1,1,DTJA,synthetic_corpus_v2,syn_66e2e9f257a0,synthetic
6.885869610586145,2.983053077150973,5.489744754678565,2.644424995372511,5.163020100748539,5.197733640863168,4.681633137545515,9.80451916986723,6.234162378756872,2.0583730882862556,15.602429082433398,bureau,agriculture_elevage,0,0,0,0,0,1,1,0,0,1,0,1,0,1,0,1,0,0,PIP,synthetic_corpus_v2,syn_c16bec060b85,synthetic
5.664556499052918,5.323646472874687,7.145146483604016,2.935186889491966,9.88303457315886,4.882239883295091,8.061606651816172,1.6681450715073591,3.7707824018115175,5.022932027956006,11.974918973478312,labo,electronique_embarque,1,1,0,1,1,0,0,1,0,0,0,1,1,0,0,0,0,0,ESIIA,synthetic_corpus_v2,syn_705d39b4d93d,synthetic
6.111203233585966,4.959023850536528,8.423285520638794,2.529697924161365,2.8150709430359946,3.7028841548678235,4.7160270197842316,4.1667735663017655,5.277024649679342,4.672937115057221,15.208055805566111,labo,recherche_appliquee,1,0,0,1,0,0,0,1,0,1,0,0,1,1,1,0,1,1,ISAIA,synthetic_corpus_v2,syn_4f6a1c7055b9,synthetic
6.941500160777708,5.779781301778978,4.062958553311113,3.8186270305791314,6.584908101771704,4.562341552134749,8.161999115983471,2.647279976590569,5.026623166363558,2.221058297577388,12.796814079188952,terrain,industrie_automatisme,1,0,1,1,1,1,0,0,1,0,1,0,1,0,0,1,0,0,EMII,synthetic_corpus_v2,syn_01a08589091d,synthetic
4.168059582904744,5.4462237776687825,5.551261805801694,2.598817365278516,2.177588909163193,7.632303514547262,0.6205653188182918,2.306764897481357,6.839068401866545,8.335074009275944,11.076830072198224,remote,commerce_gestion,1,1,0,1,1,0,1,1,1,1,0,0,0,0,0,0,1,1,CAA,synthetic_corpus_v2,syn_e87eb3c68322,synthetic
10.0,7.2810417451338125,8.244775431844634,4.136702818132386,0.2456479137501799,2.4465794899994147,5.309810559183533,2.8347620961944036,6.023245630465238,5.8166336257071105,11.69763889779343,atelier,gestion_projet_si,1,1,1,0,0,1,0,0,1,0,0,0,1,0,0,0,1,1,ISAIA,synthetic_corpus_v2,syn_c097cb37de95,synthetic
8.677060199849414,7.37605876341661,4.552791513277977,4.982130009535741,4.1868737652286185,6.528351312844831,2.4259086400532297,2.842055713189817,4.336938334700111,5.69292162999159,14.360647680768663,startup,developpement_logiciel,0,1,0,1,1,0,0,1,1,0,0,0,0,0,0,0,0,1,IGGLIA,synthetic_corpus_v2,syn_865191f74e91,synthetic
5.29153538111753,6.775645377557194,5.286210232119577,3.43797257211862,7.557815515770857,4.770417925453552,9.539758600608907,3.262492762115107,7.230137834402749,2.239228931548466,15.468025956753756,terrain,electronique_embarque,1,0,1,0,1,1,1,1,0,0,0,1,0,1,0,0,0,0,EMII,synthetic_corpus_v2,syn_a35f847dae73,synthetic
5.607773720317239,7.879356197797096,2.8053952201451313,6.598685387725828,2.503045156727216,6.672896003804499,4.910053174811739,1.5842433955866848,6.633278183374194,3.9963675575614843,10.75485074299398,remote,developpement_logiciel,0,0,0,0,1,0,0,1,0,0,1,0,0,1,0,0,1,0,IMTICIA,synthetic_corpus_v2,syn_ffcd2cf1cea4,synthetic
6.619146508302676,6.271399787106327,3.6016030337970806,3.8782808913676745,7.008504584645363,2.9499975820076463,6.819974690092686,5.59027755505761,2.739765852107567,4.1369243467992,14.013282617589507,terrain,industrie_automatisme,0,0,1,0,0,0,1,0,0,0,0,1,0,1,0,0,0,0,EMII,synthetic_corpus_v2,syn_bedd0068ba55,synthetic
4.537646858758313,6.788161127721613,4.447258070757809,3.387145917837879,8.812702426545792,4.845271533401036,6.212553105731045,2.518692517127642,6.4955703023819575,3.285868630975601,15.22944370594772,remote,recherche_appliquee,1,0,1,1,0,0,1,1,0,0,1,1,0,1,1,0,0,0,ESIIA,synthetic_corpus_v2,syn_775413ea6681,synthetic
3.656599936013114,4.689931185039834,5.403974270785834,7.493131368446464,0.6239219828794833,5.649554222547307,3.975703283172841,3.2589856816991825,4.817660889859992,2.7802258286181876,13.120383699533564,bureau,developpement_logiciel,1,0,1,0,1,0,0,0,0,1,1,0,0,0,0,1,0,0,IMTICIA,synthetic_corpus_v2,syn_23f4de99293e,synthetic
8.264401356942557,3.7111083313410274,4.696935273946771,4.051422159558837,0.6439659861137952,7.14353788378692,3.2855169592509568,2.1249440250675233,6.232103310140162,7.940770708345025,12.61595471750173,bureau,gestion_projet_si,0,1,0,0,1,1,0,1,0,0,0,0,0,0,1,1,0,1,EMP,synthetic_corpus_v2,syn_efea2d424383,synthetic
7.164504408771771,5.4438905622523315,4.524740169101638,1.9520138420900142,7.545868000950239,5.784914332839457,9.315074246358543,2.7700838346045282,3.708591221910702,5.110591763552447,11.697841115159276,terrain,electronique_embarque,0,0,1,0,0,1,1,0,0,0,0,0,0,0,1,1,0,0,EMII,synthetic_corpus_v2,syn_4cb03bfef528,synthetic
8.290597294882597,4.796787863167197,7.839889949175659,3.4136845604994206,4.640046568553651,5.139292537224101,2.5088960366799924,5.111404148436096,3.7627348663343385,3.5258378749718036,14.70336641248001,bureau,data_science,1,0,1,0,0,0,0,0,1,1,0,1,0,0,0,1,1,0,ISAIA,synthetic_corpus_v2,syn_b91fc7771370,synthetic
5.426198780395833,3.103967385077464,4.327441193582967,2.15258240037169,4.395585862022216,7.0432174816168445,1.3470907115542712,2.1495997825610726,6.467984240347486,7.332321388823915,13.574604278939203,bureau,commerce_gestion,0,0,1,1,0,1,0,0,0,1,1,0,1,0,0,0,1,1,CAA,synthetic_corpus_v2,syn_1354171b4bda,synthetic
5.512321956527834,1.4160230616860405,4.556894013752533,2.3223321310750444,2.7346038007369478,3.6136314166837162,4.188120836619236,9.003912354129469,4.4138182039551666,3.276561524841008,11.579725174620709,terrain,electronique_embarque,1,1,0,0,0,0,0,0,0,0,1,0,1,1,0,0,0,0,IAA,synthetic_corpus_v2,syn_540e4846d1db,synthetic
7.412416540354522,5.124384804785223,4.679358751736875,3.883029756006594,7.671665935366863,6.39861692341246,8.05046609819027,4.265562222042638,3.820371228242846,3.937653804391352,12.039078157843136,terrain,electronique_embarque,0,1,0,1,0,0,0,1,0,0,1,1,1,0,0,0,0,0,EMII,synthetic_corpus_v2,syn_f1bfef1cc161,synthetic
3.916467196212179,0.46673413974030664,2.524976087556115,4.841474423239162,1.3642789153541908,8.172490363691342,2.690937127862896,4.204274683995442,7.79306238077085,8.241879100298766,13.121744634817302,remote,commerce_gestion,0,1,1,0,0,0,0,1,1,1,1,0,1,0,1,0,1,1,CAA,synthetic_corpus_v2,syn_0b6d6f8da540,synthetic
3.461563563733296,1.7777820016276422,4.23215677692822,4.993163454338332,3.40504997540757,6.921586552939737,1.9464791917532434,2.111196738599455,7.463492266999716,5.248779968546366,13.240245320776495,bureau,commerce_gestion,1,0,0,0,1,1,0,0,1,1,0,0,0,1,0,0,0,1,TEH,synthetic_corpus_v2,syn_3ec04c892e84,synthetic
7.788470735973383,2.9886481134172174,3.2989171988151957,6.270590679946363,3.259182449516869,6.246751782866144,7.789649817398783,1.5552248116662502,3.2603737922108884,2.5310584554028694,12.814746590433748,bureau,genie_civil_archi,0,0,0,0,1,0,0,0,0,1,1,1,1,0,1,0,0,1,GCA,synthetic_corpus_v2,syn_84138454e8dd,synthetic
5.727643858452416,2.7888003445748346,6.947200160219404,2.096855200696342,3.1920780899405363,4.000897738618973,6.260933698648051,10.0,4.359936555750262,2.310370691184602,12.863881639008373,labo,electronique_embarque,0,0,0,1,0,0,1,0,0,1,1,1,1,0,1,1,0,0,PIP,synthetic_corpus_v2,syn_5562bed386be,synthetic
7.7654678505566,2.715620857903667,6.387686827416987,2.4733486838134855,5.078748661943979,4.884318221337896,3.5986378907715775,7.049831175378176,6.164469192205334,5.298856015149374,11.58958386737572,atelier,agroalimentaire,0,0,1,1,0,0,1,1,0,0,0,1,1,1,0,1,1,1,IAA,synthetic_corpus_v2,syn_ddd1ce58d9d1,synthetic
5.398635536178416,9.466449047764483,6.366143764671711,3.4302438427482285,3.1453226500132527,5.895492833698826,1.972743279631806,2.9950676334583766,3.9800184607014257,4.595642072359173,14.49822526863018,startup,developpement_logiciel,1,1,0,1,0,1,0,0,1,0,0,0,0,0,0,0,1,1,IGGLIA,synthetic_corpus_v2,syn_82e4f2eeb3d8,synthetic
5.164153636723935,3.8159285871665163,7.309558320358473,4.76321457124511,3.571224421016902,3.8523771719100415,7.0261729131902015,9.211828537541319,4.245805817441097,4.458240671566684,14.043173538903734,atelier,industrie_automatisme,0,1,0,1,1,0,0,0,0,0,1,1,1,1,0,1,1,1,ICMP,synthetic_corpus_v2,syn_93890f1b233e,synthetic
5.648733293988765,1.3306017171254152,7.116161767104067,5.930136037280379,1.93766061844833,6.473338965022013,3.169209191113876,2.895308039937753,6.690573919411485,10.0,11.681235884166913,bureau,finance_compta,0,1,1,0,1,1,1,1,1,0,0,0,0,0,0,1,0,1,FIC,synthetic_corpus_v2,syn_cd2be09cf248,synthetic
1.5537849516386983,3.1175278141503586,3.45254186546225,4.762705056868528,1.0032862693740996,7.0997426030969955,2.8696143275900083,3.519675469752978,10.0,5.5444224338020325,10.312049371003791,terrain,commerce_gestion,0,1,0,1,0,1,1,0,0,0,1,0,1,1,0,0,1,1,TEH,synthetic_corpus_v2,syn_6e132e6d5259,synthetic
9.041801820269121,4.343527662371901,5.654402249865454,1.7502862904417147,2.735774834264127,6.2006126599780425,5.902981144936646,8.10069974404342,5.086847691216226,1.7875027338689093,12.651889086338736,atelier,agroalimentaire,1,0,0,0,0,0,0,0,1,0,1,0,1,1,1,1,0,1,ICMP,synthetic_corpus_v2,syn_58bf950064d0,synthetic
4.580185507098534,8.35234940765016,4.569399774372787,5.516069428861936,3.001730378161825,8.887763701436793,3.408115122003124,1.6759530626571122,5.864013004255063,4.020222799711729,13.439859044943342,remote,developpement_logiciel,1,1,0,0,0,1,0,0,1,1,0,0,0,0,1,0,0,1,IGGLIA,synthetic_corpus_v2,syn_c4e5d2da2c5d,synthetic
3.2202769292522273,2.538887230694611,6.7179426574299335,5.951673009562015,1.0902557461577667,7.345121981727613,0.0,1.9021592837116084,7.587541199877379,8.97323247676572,10.405573646759933,startup,commerce_gestion,0,0,0,0,0,1,0,1,1,1,1,0,1,0,1,1,0,1,CAA,synthetic_corpus_v2,syn_5c59e2bb8666,synthetic
9.179103472302309,7.943160254856217,4.085650438475021,4.385620501656767,8.489359761875201,3.640430067336618,6.256835035000789,3.6566037963021722,4.754245152345612,3.265814192776148,11.194560289378472,bureau,electronique_embarque,1,0,1,1,0,0,0,1,0,1,0,0,0,1,0,0,1,1,ESIIA,synthetic_corpus_v2,syn_5b773cb42fd1,synthetic
4.468283656144926,1.1116514758573846,2.390209553594224,2.055945400996922,1.1455311552300775,6.725062097366548,1.830788594079913,4.156209715809294,7.834051558094303,6.768912612970118,12.453626488131988,chantier,droit_affaires,0,0,0,0,0,1,0,0,0,1,0,1,0,1,1,1,1,1,DTJA,synthetic_corpus_v2,syn_3a5bbbad5f30,synthetic
8.172954057400824,2.6753914778079633,5.577777759342758,5.276575747224564,4.301021442190503,3.9770611811741903,8.78229859747732,2.4068371282726346,4.613877503710941,3.188688847939769,11.69470896902209,terrain,genie_civil_archi,0,0,0,0,0,1,0,0,0,1,1,1,1,1,0,1,1,0,GCA,synthetic_corpus_v2,syn_db1433846d2f,synthetic
4.45500593883523,2.99394920641845,3.096025243334105,3.0879028023066595,1.7225205620720674,4.955324266567363,2.4535124564854955,1.3055884759404899,6.540517697254085,10.0,11.598967413349516,bureau,droit_affaires,0,0,1,0,1,1,0,1,0,1,1,0,1,0,1,0,0,0,DTJA,synthetic_corpus_v2,syn_40e970ee9789,synthetic
4.716116356967799,2.3292952936005435,4.175042913714171,2.4816723816209927,2.0799247472623614,6.098979204672505,4.535757790301408,10.0,3.8530383704636004,2.7526359068834623,10.513442336491837,labo,agriculture_elevage,0,0,1,0,0,1,1,1,0,0,0,0,0,1,1,1,0,0,AEE,synthetic_corpus_v2,syn_6bca811d9163,synthetic
5.687922775151756,2.8308392152442314,5.194850840135821,2.785432879035684,4.079093548155094,8.638194471405924,4.1614870869077585,2.759377273389747,8.183474520315247,8.096342672878581,12.577810783162214,remote,commerce_gestion,1,0,0,0,0,1,1,0,0,1,0,0,1,0,1,0,0,1,EMP,synthetic_corpus_v2,syn_37db906caf72,synthetic
6.121125548682741,3.1227524289869857,7.182354097795138,4.080834141625248,1.3889691034660365,8.605858571374688,3.677552463214993,0.38858591111791085,7.148634768946936,7.1409723412217305,12.452418986128414,bureau,commerce_gestion,0,0,0,1,0,1,0,0,0,0,0,1,0,0,0,0,1,1,EMP,synthetic_corpus_v2,syn_e2f9e91f0ace,synthetic
5.228781026593331,2.377162742503873,2.156286658443558,2.091412592643502,2.33346043774022,7.77566715741485,0.7595881678135443,2.577602042622199,6.84020255296572,10.0,13.911859227659837,bureau,droit_affaires,1,0,0,0,0,1,1,0,0,1,0,0,1,0,0,0,0,1,DTJA,synthetic_corpus_v2,syn_3a41b7c703f9,synthetic
6.606199975405724,1.575123146940415,3.709575391821024,1.2491569065443633,1.1656031462294836,5.412231576663741,2.808347167462851,7.312350782935253,3.5390375181401383,3.010628862694618,12.631879650343903,terrain,agriculture_elevage,1,1,1,1,1,0,1,0,0,0,0,0,0,0,1,1,0,1,AEE,synthetic_corpus_v2,syn_bb0f8a767424,synthetic
5.887693033626447,1.5545540569055394,4.472650459260821,0.009343960706960086,2.277718659768587,6.010664787221363,3.994438300599505,6.367894892447848,4.4305724573105145,3.2578203405346504,14.852858962198884,labo,agriculture_elevage,1,1,0,1,0,0,1,0,0,1,1,0,0,1,1,0,1,0,AEE,synthetic_corpus_v2,syn_198417f3e92c,synthetic
7.348987326524111,7.856392469965434,4.9304329622317455,3.1737570053686173,2.672159599124162,7.238052142358395,1.3066105129491752,2.919043296622101,3.1418221109477,3.9671625371967862,12.358249296227019,startup,developpement_logiciel,1,0,1,0,1,0,0,1,1,0,0,0,0,0,1,0,0,0,IGGLIA,synthetic_corpus_v2,syn_6933c7e49109,synthetic
5.964085620915643,4.4793954305635815,5.009888896570169,4.083157987044353,2.2210336083167364,6.213313843822436,2.0631756849942957,5.278352723036204,7.051199849236426,6.922997508254692,12.442708515050159,remote,developpement_logiciel,1,1,1,1,1,1,0,1,0,1,1,0,0,0,0,0,1,0,CAA,synthetic_corpus_v2,syn_23747cecd16c,synthetic
6.67773651941465,6.358426469997728,4.346995687716804,7.899507035337327,4.392084136678045,4.855481781060615,3.779774433231558,2.980716473174605,6.082199647719967,4.59502566964496,14.812334842545821,remote,developpement_logiciel,1,0,1,1,1,1,0,0,1,0,1,1,0,1,1,0,0,0,IMTICIA,synthetic_corpus_v2,syn_e3353b649616,synthetic
6.684440738905128,2.481657993795751,8.114311743414191,3.2269743839425122,0.8214894877146233,3.481561522189428,5.336942945374872,6.62423700973262,4.718547687043373,3.0979112120338255,15.36260463170752,labo,agriculture_elevage,0,0,0,1,0,1,1,0,0,0,1,0,0,0,0,1,1,0,AEE,synthetic_corpus_v2,syn_339af158eab1,synthetic
6.079033121923512,3.7228744816448733,5.0757019951360185,3.3500952800409105,1.8751416446141607,7.539793796666002,2.3570502729312945,4.327069294639954,8.681808388123109,7.852769503767811,10.555479438451492,bureau,gestion_projet_si,0,1,1,0,0,1,0,1,1,1,0,0,0,0,0,0,0,1,EMP,synthetic_corpus_v2,syn_5802d72ae7dc,synthetic
5.768554910391442,4.907335014924232,5.3905570259934965,0.6002116250507206,3.834381352958547,4.880255358722798,6.495587260993285,5.519759206789029,2.314831371807367,2.6723444333621242,13.509607641100658,terrain,chimie_procedes,0,0,0,1,0,0,1,0,1,0,1,0,1,0,1,0,0,1,ICMP,synthetic_corpus_v2,syn_7fe48d07acd7,synthetic
7.203126759277118,6.612785817853763,4.922203814830194,5.370226187299426,8.244264480011104,3.494300441711379,8.918937018951008,2.6932116345537147,5.687262908002464,2.4956192590064292,13.259521161865178,bureau,recherche_appliquee,1,0,0,1,0,1,0,0,0,0,0,1,0,0,1,1,0,0,ESIIA,synthetic_corpus_v2,syn_ebb66d84aa06,synthetic
10.0,5.636048651473212,8.886149208907868,2.5563464465296972,2.7319196552880847,3.7704184414014392,2.960387342395527,1.0186634231379819,4.1580906111860045,3.6169625631472284,17.273140690155095,labo,recherche_appliquee,0,0,1,1,1,1,0,0,0,0,0,1,0,1,0,0,1,0,ISAIA,synthetic_corpus_v2,syn_dab0c5e1b4b5,synthetic
7.08192884986072,3.349354183104102,8.840878335078184,6.025423007791012,2.3323893436633982,8.89856556424608,4.794746959876411,3.074707810330434,4.979575918045546,8.31766501652792,13.433207605004295,chantier,finance_compta,0,0,1,0,0,1,1,0,0,0,0,1,0,1,1,1,0,1,FIC,synthetic_corpus_v2,syn_72fa666ac53b,synthetic
3.115388243034099,8.895145469412023,3.101445224549969,6.993238880126535,3.0960288813863226,5.42044931912567,5.62114342173232,1.716290988434102,7.1017270383751665,4.113666581674182,11.172964116952055,startup,developpement_logiciel,0,1,0,1,1,1,0,0,1,1,1,0,0,0,0,0,1,0,FIC,synthetic_corpus_v2,syn_993a7e916091,synthetic
5.966911908190116,9.581784850037907,5.883850791351684,3.3401262622014043,4.834462118397333,9.182055698998088,1.816385182517799,2.9409535355349297,4.314294707085034,5.569008300799557,13.010958170303297,startup,developpement_logiciel,1,1,1,0,1,0,0,1,0,0,0,1,0,0,0,1,0,1,IGGLIA,synthetic_corpus_v2,syn_ff4fc51375cb,synthetic
6.106804984297488,5.726004637470512,5.468522295871216,1.7213235291863376,2.801944695568521,6.690652120031672,5.804263376502863,7.896308905374136,6.144567457613977,4.258476917357593,14.907116865059457,remote,recherche_appliquee,0,0,0,0,0,0,1,0,0,0,0,0,1,1,1,1,0,0,PIP,synthetic_corpus_v2,syn_af84a407a3f0,synthetic
6.482627361710813,1.2497915156245931,6.28520461986621,2.505923885603084,2.7810163952940856,5.458922605439642,3.269352732324326,7.848542372037572,4.969017092127151,3.378618170084768,12.223533185070677,labo,agroalimentaire,0,0,0,1,0,1,0,1,0,1,0,0,0,1,0,0,0,0,IAA,synthetic_corpus_v2,syn_fb0633101977,synthetic
8.253433974091298,7.2206223737661155,5.7355325573881775,1.736789323630973,8.693109491209608,2.2919456914519607,7.020854446501393,4.435853630094673,4.611078925706508,3.330278906813877,12.923377488616458,atelier,recherche_appliquee,1,0,1,1,0,1,1,1,0,0,1,1,1,1,0,0,1,1,ESIIA,synthetic_corpus_v2,syn_3e31ecfe1719,synthetic
8.96535295093627,4.898347935901719,9.493812491942546,3.914023721886217,1.4909350172888092,6.627253142847661,3.86815380786522,2.7951411810574753,5.324588959024853,5.7338110809846325,12.447379108811434,remote,recherche_appliquee,1,0,0,0,0,0,0,1,1,0,1,0,1,1,1,0,1,1,ISAIA,synthetic_corpus_v2,syn_b15b46c0ae00,synthetic
4.527168594055669,2.85970499515126,3.7299088525095483,5.733543847801963,3.2401009002608427,8.39855051766797,3.1345116724975557,2.4084742847275846,8.167188970735209,5.822487807394415,13.714835173047954,terrain,commerce_gestion,0,0,0,0,1,0,0,1,1,1,1,0,1,0,0,1,1,0,TEH,synthetic_corpus_v2,syn_8ea2ec7be187,synthetic
6.3357661348909105,4.51940136545608,8.235729272569369,2.607630490199542,1.8488512149298546,8.425399432792144,1.7444853680302232,1.2632172345934243,5.716282245340873,8.592320678518544,14.50370022959699,remote,finance_compta,0,1,1,0,0,0,0,0,0,1,0,0,0,0,0,1,0,0,FIC,synthetic_corpus_v2,syn_2805ead094f6,synthetic
5.883753780635102,3.5736010324593837,4.904751882299708,1.741553632897196,2.6075242636282647,9.195798662787865,4.425935821543259,2.8730610868187894,6.589370395318403,8.334089076415152,12.72838876659905,remote,commerce_gestion,0,1,1,1,1,1,0,1,0,1,0,1,0,1,0,1,1,1,EMP,synthetic_corpus_v2,syn_32151293e172,synthetic
7.7666127480898375,8.659845310871217,8.388263790835282,3.7914274019454974,4.51526565994865,3.8824853780863275,3.7853605340551044,5.202788135672092,5.0489324366912705,5.453846532777929,13.44088373190703,labo,recherche_appliquee,1,0,1,0,0,1,1,1,0,1,1,1,1,0,0,0,0,1,IGGLIA,synthetic_corpus_v2,syn_9fe89fe2c97a,synthetic
6.836245328466235,5.682808957681674,9.965337002457469,3.8810291917742874,1.8112343051500637,6.2416127079509325,3.600725106030984,3.550099944331107,3.56167279480567,5.686396580276233,13.505676408951736,remote,data_science,0,0,1,1,0,1,0,1,1,1,0,0,0,0,0,0,0,0,ISAIA,synthetic_corpus_v2,syn_563f8e9058a3,synthetic
6.523835135428811,8.015696552407453,6.774970663410239,4.937043478619937,3.411862105553121,5.924893942843116,3.1849438046158967,5.5626127516023285,4.787453767036426,6.742717912338568,14.085778501766406,bureau,developpement_logiciel,1,1,0,0,0,1,0,1,0,0,0,0,0,1,0,1,0,0,IGGLIA,synthetic_corpus_v2,syn_19e22ac826ec,synthetic
3.26741475125071,2.1910580395241417,3.106238374735396,1.1046005686146878,0.0,5.583834904829811,4.383580057448542,0.5113306162303879,7.789561142406277,8.917653837682138,15.906674336277248,bureau,droit_affaires,0,0,0,0,0,1,0,0,1,1,0,0,0,1,0,0,0,1,DTJA,synthetic_corpus_v2,syn_88761cef9829,synthetic
6.065786213696632,8.53552510793502,5.193534260633823,4.504985335278024,3.720832239978255,6.626325120189129,4.172251993542686,1.3693769895465544,3.105748884926786,5.095995025792062,13.934019121259976,startup,developpement_logiciel,1,1,0,0,1,1,1,1,1,0,0,0,1,0,0,0,0,1,IGGLIA,synthetic_corpus_v2,syn_57094fb65441,synthetic
5.947197491767861,8.19543737691023,7.15410527673278,5.371593430861601,4.280137198151812,6.897527303480915,5.10814466299703,1.9129907064879756,3.100665108999544,4.161211840176746,14.54568819951037,remote,gestion_projet_si,1,1,1,1,0,1,1,1,1,1,0,0,1,1,0,1,1,0,PIP,synthetic_corpus_v2,syn_5f83a78906a2,synthetic
4.064654378174916,2.9391356196492717,3.2966718679051503,2.4131531950795564,0.6543305214730868,8.01040365066795,0.0,1.9947131573132444,7.994040816534962,9.092503348452746,12.684797944043261,bureau,droit_affaires,0,0,0,1,1,1,0,0,0,1,0,1,0,0,1,1,0,0,DTJA,synthetic_corpus_v2,syn_ae9ed9dde65e,synthetic
0.29342047931708315,1.7053885969460139,5.276451645538343,3.3243536478879188,1.1585136652565726,4.037054739963631,1.2316482794189372,5.8895475813093805,8.846082855582132,4.510473578206115,10.41337720121452,atelier,tourisme_hotellerie,0,0,0,0,0,1,0,1,0,0,0,0,0,0,0,1,0,0,TEE,synthetic_corpus_v2,syn_fc030a66e6dd,synthetic
3.2477970997876264,3.4900398117276152,5.686199335047828,1.9614855076068685,2.674126754136598,7.997829834548215,0.027493406675957344,2.9544830789965673,7.124672956732319,10.0,13.181086595685901,bureau,droit_affaires,0,0,0,0,0,0,1,0,1,1,0,0,1,0,0,0,1,0,DTJA,synthetic_corpus_v2,syn_52423f1d8daa,synthetic
8.320720858880836,3.2728629911788603,3.5467006795924636,6.00979211911852,2.6403807200759433,7.252168053971139,7.231504119723766,5.136285979153873,4.424331365384971,3.387253609074899,11.82702954205916,chantier,genie_civil_archi,0,0,1,0,1,0,0,0,0,0,0,0,1,0,1,0,1,0,GCA,synthetic_corpus_v2,syn_9b19feb3de3c,synthetic
7.571961296194147,3.417728453357355,4.506214099076823,5.477264604978341,2.412371579473275,5.876932363820239,7.215994412694,2.995688841925848,3.8164743864441855,3.070227281614975,12.508467915263804,chantier,genie_civil_archi,0,0,0,0,1,0,1,1,0,0,0,1,1,0,1,0,0,1,GCA,synthetic_corpus_v2,syn_1c9b5079ff07,synthetic
6.941864026699905,1.5866246779496505,5.76034758212331,1.7601920951485504,4.211974814498674,5.960455322496851,7.104087986564685,7.583191350182299,3.5531273120052016,4.82822429504405,11.95074546611383,labo,industrie_automatisme,1,0,0,0,0,0,1,1,0,0,0,0,1,1,0,0,0,0,ICMP,synthetic_corpus_v2,syn_7804a665af66,synthetic
9.687738171197973,7.141548361200602,7.173476496376779,2.9959691311781533,2.5306695228845517,6.251291078857549,4.122342730786944,2.960608684844368,4.3789351845870845,5.745197523581124,12.461936185329481,labo,data_science,1,1,0,1,0,0,0,1,1,0,0,0,1,0,1,0,1,0,ISAIA,synthetic_corpus_v2,syn_3df513ff8746,synthetic
7.189170666603919,4.052851755922649,5.843332000641913,5.497939397245961,4.566112257467938,5.833105955421279,9.24277889686536,4.153115434311456,4.014633283129242,6.132427529127523,14.93404023806389,chantier,genie_civil_archi,1,0,1,1,1,0,0,0,0,0,0,0,1,1,1,0,0,0,GCA,synthetic_corpus_v2,syn_f18239d59072,synthetic
7.800593116657108,3.476962944250319,4.556095835261331,1.4135965686239482,5.008991924289296,5.343047496281459,6.291974439734842,9.270163858346647,5.089770096448773,4.605329186850723,12.968926250829227,remote,chimie_procedes,0,0,1,0,1,1,1,0,0,1,0,1,0,0,0,1,0,0,ICMP,synthetic_corpus_v2,syn_059650b406a4,synthetic
6.580124300676137,3.717087872875369,7.462806023135421,2.813807692972032,0.5050431511041387,8.543146552933502,2.2666190915183106,2.2347393077931073,6.9037927477593755,4.633022752212668,11.30623953208751,startup,gestion_projet_si,1,0,1,0,0,1,0,0,1,1,1,0,1,0,1,0,0,1,EMP,synthetic_corpus_v2,syn_f480fab1f0df,synthetic
7.149617946708384,0.8670773215159886,4.618943012146453,4.857767859758587,2.7172272592602678,4.779255446482417,3.4966280270287484,9.650041809744001,5.724538928562154,6.24342879194202,15.2102889752791,bureau,recherche_appliquee,0,0,0,1,1,1,1,1,0,0,0,0,1,0,0,0,0,0,PIP,synthetic_corpus_v2,syn_7669c1ecf87d,synthetic
4.337351885246484,3.7840524937281907,5.187125120842576,6.5417701786697195,0.7815913077144279,7.633024864425975,3.403394787140903,2.4649365324511607,8.051973604401594,6.096509474372409,10.376765026486144,terrain,commerce_gestion,0,0,0,0,0,1,0,0,1,0,1,0,0,0,0,0,0,0,TEH,synthetic_corpus_v2,syn_ddb53a8ca988,synthetic
8.240736265072975,6.800620365588531,5.503669406439901,2.75181969601552,3.349144997347848,8.102902198625623,1.6926281776260335,1.844468821935501,4.270678278575318,5.222386883601229,11.17425034605248,remote,gestion_projet_si,1,0,1,0,0,0,0,1,1,1,0,0,1,0,0,0,0,0,IGGLIA,synthetic_corpus_v2,syn_fbade7c2b5d0,synthetic
8.499274195854456,6.187354428810061,3.8201910652120388,1.462207937125705,6.50942484952299,5.367857622799931,9.14396500722801,2.763177092374134,3.722842095873731,2.628181072341072,11.364088463739343,terrain,electronique_embarque,0,1,0,0,1,0,1,1,0,0,0,1,0,1,1,0,0,0,EMII,synthetic_corpus_v2,syn_cd896ec03ee4,synthetic
4.783656386426985,6.573446946125015,4.770067598139347,4.702139940250774,7.144695066116412,2.8666690498980714,5.666044341816933,1.298167458268303,4.195491009465724,1.1736157726773406,17.856112719184242,labo,recherche_appliquee,0,1,1,1,1,0,1,1,0,0,1,0,0,0,0,1,1,0,ESIIA,synthetic_corpus_v2,syn_50a1c9892d3f,synthetic
9.744502964256501,6.590092735786041,7.971329415149737,4.810979785372192,2.9970675907311795,5.288019261828773,1.6780035899457575,3.4547216845381103,4.5517399461889685,4.3613366140794465,13.119628624028902,bureau,data_science,1,0,1,0,1,0,0,1,1,0,1,0,1,0,0,1,0,1,ISAIA,synthetic_corpus_v2,syn_de78d6ea4e82,synthetic
7.976181034651612,3.931791731896562,8.844374614444925,2.7269700161902386,2.6129431732475865,6.167962160549497,4.528896279436967,2.976321712764822,6.841995361032531,3.0755659226310144,14.0747810250711,bureau,data_science,0,0,1,0,0,0,0,0,1,1,0,1,1,1,0,0,0,1,ISAIA,synthetic_corpus_v2,syn_97658bfeda4f,synthetic
5.455000209945693,4.889894213341004,4.071566911485717,3.658985126834512,9.02406614215965,2.042586761102454,7.8525416550121045,2.6900122257145345,3.9294984033216998,3.706323190471506,13.340895238850937,labo,recherche_appliquee,1,0,0,1,0,1,1,0,1,0,1,1,0,0,0,0,1,0,ESIIA,synthetic_corpus_v2,syn_654c572b37fe,synthetic
6.922692177713648,2.1759046908263295,5.075170570147533,2.8601224654554627,3.004094548666495,7.293199261978269,5.495005209204384,9.74339965925099,4.252904936222835,2.135419912052755,14.607874112189503,terrain,agroalimentaire,1,0,0,0,1,0,1,0,0,0,0,0,0,1,0,1,1,0,IAA,synthetic_corpus_v2,syn_9e955b1a2e93,synthetic
6.880775729129069,5.882278081924619,4.370885403243728,6.21778660869337,1.6648636511215031,4.333628372302781,7.470818504730652,4.314850684100339,4.141247949926714,3.568762612524811,14.147625667250043,terrain,genie_civil_archi,0,1,0,1,0,0,1,0,0,0,0,0,1,0,1,0,1,1,GCA,synthetic_corpus_v2,syn_3b069e35f65f,synthetic
7.682563327687731,2.9456258494292102,5.430593054905319,0.3929327082268941,1.4738815206835707,5.109664660437599,8.652897276133993,8.327454686116534,4.741213131069507,4.009721406975584,16.36560862072591,bureau,pharmacie,0,1,0,0,0,0,1,0,0,1,0,1,0,1,1,1,0,0,PIP,synthetic_corpus_v2,syn_1496a76e7d1a,synthetic
7.208928522633832,9.166038815186177,4.765954085767554,6.504181793203927,2.600056625539528,7.453082969607875,0.9326551482500434,1.7642303370357966,5.454348183040281,4.882859002110806,15.129045784711604,bureau,developpement_logiciel,1,1,0,0,1,0,0,1,0,0,0,0,0,0,0,0,0,0,ISAIA,synthetic_corpus_v2,syn_44952a7163d4,synthetic
6.485133989214373,7.930952834850155,4.95202795517042,4.257979534919648,4.0543479026083755,6.7878861942216835,2.922781871334085,2.81823777212285,4.889766476455895,3.877604858485613,11.589731057326293,remote,gestion_projet_si,1,1,0,0,0,1,0,1,1,0,0,0,1,1,1,0,1,0,IGGLIA,synthetic_corpus_v2,syn_0ceac644595b,synthetic
9.284996643524618,4.240694608203048,5.06374279721383,3.0458797043945913,7.467980835095557,5.444892729499425,9.086116460521632,4.046272145847338,4.651186126401866,3.4446636206240475,11.884073695640343,atelier,electronique_embarque,0,0,1,1,0,0,1,0,0,0,0,0,0,1,1,1,0,0,EMII,synthetic_corpus_v2,syn_614daddc4168,synthetic
8.3237062402546,7.0543522121811115,6.112570876930061,2.9612947098569045,3.698420182381426,7.077905477489136,2.2427251702777733,2.9005036000747593,3.044234055780807,5.863449933099863,14.60106243503305,bureau,gestion_projet_si,1,0,1,0,0,1,0,1,0,0,0,0,1,0,0,0,0,1,IGGLIA,synthetic_corpus_v2,syn_4226ce1bd626,synthetic
4.6700829119918135,6.946325655722778,3.6947876182373647,7.75982562356114,1.1540804870596362,6.553936505859025,4.27097786249433,0.23510412380319634,5.430921149038375,2.7709562675112878,13.270796623440228,startup,data_science,1,1,1,1,0,0,0,0,0,1,1,1,0,1,0,1,0,0,IMTICIA,synthetic_corpus_v2,syn_3c469b93b4f8,synthetic
3.3421057712033733,2.738003817105104,4.298912415462169,6.305157272169446,0.8103366867484203,4.724581880672744,2.783336817503416,4.747946637514162,6.913634971051427,7.404651485558229,11.985644712301244,startup,commerce_gestion,0,0,0,1,1,0,0,0,1,1,0,1,1,0,0,1,1,0,TEH,synthetic_corpus_v2,syn_0c5ee0b64ad3,synthetic
5.2492694319418245,6.2971196787051635,6.015855517265861,9.39242512691998,3.714360756433915,5.414985961932243,3.8017970523609566,1.9847631913788744,6.275383088649873,4.991884477772203,13.887882441106646,startup,developpement_logiciel,0,1,1,0,1,0,0,1,1,0,1,0,0,1,0,0,0,1,IMTICIA,synthetic_corpus_v2,syn_c300fcc34eb8,synthetic
7.5740650261427955,4.6167878212252145,5.402409081449658,0.004537466331046236,8.188794193071168,2.1307442343602534,6.6267998928019445,2.3634940099379302,3.8715884236884843,2.7716646686080435,16.37812202217793,labo,recherche_appliquee,1,0,1,1,1,1,1,1,0,0,1,0,1,0,0,1,1,1,ESIIA,synthetic_corpus_v2,syn_10e3b6ffb39f,synthetic
6.136992071507812,2.337188912019994,4.230848947346822,4.700317878188282,3.893500792168595,8.414820282684593,4.147217691690414,2.8990070810451325,5.63997195831573,9.321375179994819,14.465304377351709,remote,commerce_gestion,0,0,0,0,1,1,0,0,1,1,0,0,0,0,1,0,0,1,CAA,synthetic_corpus_v2,syn_ad10f1c56193,synthetic
7.557096487137278,3.3761033065509056,3.9704279334094097,7.162425584892622,5.232582373674638,6.589116830148329,9.090615845799396,2.8412386020652054,6.4717788720259986,4.513207055748335,11.435969070434965,bureau,genie_civil_archi,0,0,0,0,1,1,0,0,0,0,0,1,1,0,0,0,0,1,GCA,synthetic_corpus_v2,syn_e4b802ee3244,synthetic
6.762056258976575,2.656712081008113,6.225094728530155,5.2558459290796185,0.0,8.553837496187544,0.0,0.6645160943666419,7.085125147082061,7.843520641431502,12.120687288532,bureau,commerce_gestion,0,0,1,0,0,0,0,0,0,1,1,0,0,0,0,1,0,1,CAA,synthetic_corpus_v2,syn_82441de0b6ff,synthetic
7.034895420419103,6.083341675751666,4.464783339977361,0.9583086828244558,6.15348129993917,4.351189660581195,9.173165938556908,3.6914991034034554,4.268114923425937,3.04707908255303,12.85899302502218,labo,developpement_logiciel,0,0,0,1,0,0,1,0,0,0,0,1,0,0,0,1,1,0,EMII,synthetic_corpus_v2,syn_cd38e62ba072,synthetic
6.896527039289138,4.585652472055099,3.4925982162981275,1.498674711792928,0.9961208849247147,5.246851261367664,2.2940859308117934,6.812984499953604,5.1294021021988705,2.9126482218470944,12.277584920746634,labo,agriculture_elevage,0,0,0,0,0,0,1,1,0,1,0,1,0,1,0,1,0,0,ESIIA,synthetic_corpus_v2,syn_84776d97314f,synthetic
7.879499512820424,4.49923861757798,6.289281929862334,1.9206561366220398,9.709440127779349,5.449845418487945,7.0219490167444825,3.644413264052481,3.5086442520673886,2.078520864355855,13.515573791976946,bureau,recherche_appliquee,1,0,1,0,1,1,1,1,0,0,1,1,1,0,0,1,1,0,ESIIA,synthetic_corpus_v2,syn_ba6da95ee6d8,synthetic
7.084927868437482,3.4513223155068915,4.292790688472455,3.898614682738729,3.40861893406122,2.723855089340298,8.638125098602746,6.412588493603227,3.6355372301697324,4.651802326583697,11.9919125211742,labo,industrie_automatisme,1,1,0,0,0,0,1,0,1,0,0,1,1,1,0,1,0,0,ICMP,synthetic_corpus_v2,syn_d879602c60d6,synthetic
7.783319288410113,5.504644209458072,7.236330379494273,2.3895833211849813,0.8614327924634471,7.503053632113864,3.968093155318159,2.6286143799022277,4.256695513394514,7.324203442858022,17.00900375522897,bureau,finance_compta,0,0,1,0,1,1,0,0,1,1,0,1,0,0,1,1,0,0,FIC,synthetic_corpus_v2,syn_db473dbca5ef,synthetic
5.6675232727780385,1.543069491419955,5.49559737104688,3.1047351329364226,2.6240565140043812,5.672607853300237,4.533355734539979,8.964435773260632,4.735055591835564,3.080765422434481,13.832076351672946,labo,genie_civil_archi,0,0,1,0,0,1,0,0,0,1,1,0,1,0,0,0,0,1,DTJA,synthetic_corpus_v2,syn_4ef652121a71,synthetic
7.731702231802112,7.537900404026196,4.382048836292015,3.215881114868045,6.642495182001901,7.348047926393111,10.0,5.081160842088693,6.519019377636431,1.9424856162897464,11.096061623635032,labo,industrie_automatisme,0,0,1,0,0,0,1,0,1,0,1,1,0,0,0,1,0,1,EMII,synthetic_corpus_v2,syn_bb4188947db9,synthetic
4.493799542851415,3.2981221885391587,5.470259009145993,3.707712999505947,3.355723420193333,9.302214763347978,1.0356818508420236,1.7794795068232876,4.439732362049451,9.617833978841432,11.770104902484027,remote,commerce_gestion,0,0,0,1,1,1,0,0,0,0,0,1,1,0,0,0,1,1,CAA,synthetic_corpus_v2,syn_20210206b2da,synthetic
4.888407138717243,10.0,7.277420367660936,3.6341294847808774,3.4153782221160496,6.599334213884229,3.121808174598772,2.474948189167204,5.384912833371766,2.945597160329269,14.067934446400486,bureau,gestion_projet_si,1,1,1,0,0,1,1,0,1,0,0,0,0,1,0,0,0,0,IGGLIA,synthetic_corpus_v2,syn_1512cd089712,synthetic
7.2421785335504065,6.934711841018081,5.98332923855534,2.8061409253570377,8.677569461548496,4.142919652988748,5.787062639174399,1.7316380009347165,5.182636508727864,5.343351046514503,13.092722701052358,terrain,electronique_embarque,1,0,1,1,1,0,0,1,1,1,1,1,0,0,0,1,0,1,ESIIA,synthetic_corpus_v2,syn_2fa082cdc4f2,synthetic
7.595191055243329,9.732580316366091,5.607320324822557,4.110245586008222,3.475822507775586,7.8830502337396275,4.139676716769069,0.5169970845759497,3.938107384837569,3.4728352867524084,12.683230022918767,remote,developpement_logiciel,0,1,1,0,0,0,0,1,0,0,0,0,1,1,0,0,1,1,IGGLIA,synthetic_corpus_v2,syn_fca34c386e22,synthetic
5.157802575005076,1.3471273179594256,4.095414740973734,4.491853624983857,1.6709574834814325,4.372271887948813,2.951162784164052,0.11619456556974783,7.431728561640112,10.0,11.247551868482397,bureau,droit_affaires,0,0,0,0,0,0,0,0,1,0,0,1,0,0,0,1,0,0,DTJA,synthetic_corpus_v2,syn_c827b160eb06,synthetic
8.401168430830987,7.230382558592464,10.0,2.360499033992728,3.022484153464056,4.998298485478889,2.241473299512581,2.74552795238622,4.765275155358001,4.257762000409651,17.060360896871224,labo,data_science,1,1,1,0,1,0,0,1,0,1,1,0,1,0,0,0,1,1,ISAIA,synthetic_corpus_v2,syn_b8855f95fa9f,synthetic
4.9504432021269205,1.0366841130547744,3.8397261392324924,3.080578651494739,1.2031501789982875,7.492017994049654,1.1925026308974913,2.148798097144373,8.5784478866438,10.0,13.13445668682775,bureau,droit_affaires,1,0,1,0,0,1,1,0,1,1,0,0,0,0,0,0,1,0,AEE,synthetic_corpus_v2,syn_c021473b29b2,synthetic
5.189989471458136,7.694156863536163,6.6926354141685875,4.39300169332166,4.177477070871241,8.308299856515804,4.49790899992365,2.010102029318237,3.1674775396120154,4.137816346426515,12.841388950496476,bureau,developpement_logiciel,0,1,0,0,0,1,0,1,1,0,1,1,0,0,0,1,0,1,IGGLIA,synthetic_corpus_v2,syn_f2c012887e26,synthetic
3.798451735834835,1.7492416567101512,2.397199246435027,2.7078287345800067,1.209458198041728,4.678726378255619,6.10727614935513,10.0,2.3351697656745425,1.3149813052916328,12.543802549529318,atelier,agriculture_elevage,0,0,1,0,0,0,0,0,0,1,1,1,1,1,0,0,0,1,AEE,synthetic_corpus_v2,syn_f0d7c0250908,synthetic
6.014735782850546,0.631711373938973,5.183721300982947,2.7045847007238,4.785564442043702,5.812730495024726,4.55475582887515,8.976244241182494,4.580983641999953,1.5675153971068965,12.333386430540177,startup,pharmacie,0,1,1,1,0,0,0,0,1,1,0,0,1,1,1,1,1,0,AEE,synthetic_corpus_v2,syn_660186d385d2,synthetic
6.893961137741445,8.362294842771988,4.9062927884223635,2.593897332215472,3.694954003314812,7.7366950489508355,1.687703432985133,4.783902015810862,2.7286125595987087,4.13942940193157,13.809126799775733,bureau,developpement_logiciel,1,1,0,0,0,0,0,1,0,0,1,0,0,0,0,1,0,0,IGGLIA,synthetic_corpus_v2,syn_1eacd1f9a33d,synthetic
8.64943316863994,7.198247079926054,7.198632238294111,3.4095436319247643,5.14287019022918,4.669807464384977,4.151003642658507,3.678301508183848,4.8195664287094155,5.6629889309610375,15.01362915182915,startup,electronique_embarque,1,0,0,0,0,1,0,1,0,0,1,1,0,1,1,1,1,0,IGGLIA,synthetic_corpus_v2,syn_e117eed91adb,synthetic
6.610031043909483,9.019757527896129,5.496569295868399,5.719343727994903,2.914069954592571,7.206966971332687,3.009648596180454,2.129634149597922,4.297995401131945,4.3204290527938625,15.175176352512945,remote,droit_affaires,1,1,0,1,0,1,0,1,0,0,0,0,1,0,0,1,0,1,IGGLIA,synthetic_corpus_v2,syn_a985ef2bf946,synthetic
6.277439256258516,0.4367680475165252,1.2642023890920204,3.9622594191693494,2.9346580537739357,5.619159065470358,3.48438517412035,8.712456129972884,5.75547043361531,3.728548275929734,11.697802518664682,labo,agriculture_elevage,0,0,1,0,0,1,1,0,0,0,1,0,0,0,0,0,1,0,AEE,synthetic_corpus_v2,syn_f1d403eb3880,synthetic
5.569277228614828,7.726759771244093,3.2141790818891924,6.419876704223618,4.704397070297345,7.051475060421679,4.215035335723731,1.4980150802065368,5.641283987110804,3.9767849886584887,13.831598143102669,bureau,multimedia_ux,0,1,1,1,0,0,0,1,1,0,1,1,0,1,0,1,0,0,IMTICIA,synthetic_corpus_v2,syn_e7c27d8e8b49,synthetic
7.991198762697859,2.257506275815872,4.507292963511176,3.106980213325121,2.1914795474574946,6.0382711024780225,1.331266688712544,3.9049041486359988,10.0,5.341270616646447,14.083049297362324,bureau,commerce_gestion,1,0,1,0,0,0,0,0,0,1,0,0,0,0,0,0,0,1,CAA,synthetic_corpus_v2,syn_7633b63387af,synthetic
5.514145762468752,3.032978391020816,2.9167073026525783,2.083358164761638,3.612764666627312,5.563449623236624,6.823059001879238,9.029979481069928,3.4559474357760553,2.2947766863047834,15.708953607347022,atelier,industrie_automatisme,0,0,1,0,0,0,1,0,0,0,0,0,1,1,0,0,1,0,ICMP,synthetic_corpus_v2,syn_501436a0bda1,synthetic
6.547826107311779,2.121058725026414,2.280796182690276,4.032788823001558,3.251447215227589,4.450635779513206,3.8967921595158366,9.575375162578988,5.022572319982776,4.344303063614698,10.72743166544699,labo,agroalimentaire,0,1,0,0,1,1,0,0,1,0,1,0,1,1,1,1,0,0,IAA,synthetic_corpus_v2,syn_50be2b4ce006,synthetic
8.309032466172434,3.373215212375374,5.095877091478802,7.69412344226488,3.265041014201065,5.1672808444820575,6.606185920032307,1.9530883310822515,6.903963506180952,5.19409824258529,13.694913090840394,chantier,genie_civil_archi,0,0,0,1,0,1,1,0,0,0,0,0,1,1,1,0,1,0,GCA,synthetic_corpus_v2,syn_5443d7bfe168,synthetic
7.925272083999841,1.109580963349603,5.284205523789527,5.173014448809454,2.1818855569574342,8.72569977115214,8.573766824647842,3.146289191593514,4.204853110164911,5.4689183654589195,11.329420622042715,bureau,genie_civil_archi,0,1,0,0,1,0,1,0,0,0,0,0,0,0,0,0,0,0,GCA,synthetic_corpus_v2,syn_9395a8a414c6,synthetic
3.818014871751744,3.115577363325629,5.054866489216459,4.9898213950353485,1.5955109958601028,9.082885082288907,2.2035848724208593,6.245992625235987,10.0,5.815519548283038,9.920003523884134,startup,commerce_gestion,1,1,1,0,0,0,0,1,0,0,0,1,0,0,0,0,1,0,TEH,synthetic_corpus_v2,syn_30aa1f4e253d,synthetic
9.133267422416159,7.136894518382278,5.566055614507218,2.4998443714160263,8.840289144216396,4.2391594233791485,7.994114773326007,1.1228283155882406,6.896549513779924,3.0207184396499533,11.49579085030605,labo,electronique_embarque,1,0,0,1,1,0,1,1,0,1,0,1,1,0,0,1,0,1,ESIIA,synthetic_corpus_v2,syn_9b65d67f5dd8,synthetic
6.638675926922732,2.365670739236138,3.370708345754373,2.9091219758040503,0.7614404911650754,4.49561533943049,2.613146961997912,8.593078619960513,5.816906059026578,4.631730566476068,9.956265756021565,terrain,agriculture_elevage,0,0,0,1,0,0,0,0,1,0,0,1,1,1,1,1,0,0,AEE,synthetic_corpus_v2,syn_9e3466d58114,synthetic
8.195542653731684,7.199667346955668,5.4024523049872775,3.837663857145855,5.265025129732971,8.590055795647004,2.2227591973035525,3.50265903207341,4.144429883256458,5.334807785010452,11.55710096644272,startup,gestion_projet_si,1,1,0,0,0,0,0,1,0,0,0,0,1,1,0,0,1,0,IGGLIA,synthetic_corpus_v2,syn_8184ed8307d8,synthetic
6.252495257048357,5.362283758598791,5.169025386326969,5.308028161959104,3.6927936629026954,5.66929470293197,7.248325567456957,1.458627590367418,4.151084013576921,3.2285529409748923,13.404997399317388,chantier,genie_civil_archi,0,1,0,0,0,0,0,0,0,1,0,0,0,1,1,1,0,1,GCA,synthetic_corpus_v2,syn_2c8a5ba2146f,synthetic
7.153411180177484,2.6245216284826496,6.061451652912797,4.789122234790462,0.5758890170068214,4.781235106544736,5.679047658523263,8.706452014164897,5.921953072084246,3.1795069564333085,12.907601097821138,labo,chimie_procedes,1,0,1,0,0,0,0,0,1,1,0,0,1,1,1,1,0,0,PIP,synthetic_corpus_v2,syn_eebaa52ea112,synthetic
7.586010573124763,4.847953483043611,7.802596026632987,5.091095097034248,2.354100745931799,7.326335583168667,4.137180567615384,0.883929330566479,5.032775587730748,8.593598221271472,11.964327225020781,remote,pharmacie,0,0,1,0,1,0,1,0,0,1,0,1,0,1,0,0,1,0,FIC,synthetic_corpus_v2,syn_3a42d6e3d978,synthetic
6.249498482426891,3.869569717046385,6.18123916654463,4.273483959397369,2.5143924302158833,8.165220391979727,4.160377355633844,2.5532476111414413,4.215290073480054,8.540891485717824,13.040960871047965,atelier,finance_compta,0,1,0,0,0,1,0,0,0,1,0,0,0,0,1,1,1,0,FIC,synthetic_corpus_v2,syn_042b54b18e98,synthetic
4.754019058562571,6.442443480336148,6.349802047210275,6.972804416123639,2.2965140016404177,7.014098418706941,2.3298435818552976,3.3186274386294277,5.381182633113325,3.1275591013232935,13.282083185806558,bureau,developpement_logiciel,1,1,0,1,1,1,0,1,1,0,0,0,0,0,1,1,1,0,IMTICIA,synthetic_corpus_v2,syn_8b1a654fd363,synthetic
7.7622272862317825,4.541087434349516,4.719413614315103,3.4395534708379456,8.113241985649262,6.573694184315653,8.39653731710969,2.622826618899278,3.730360181416367,1.2165149705926974,14.391476466667138,terrain,industrie_automatisme,0,0,0,1,1,1,1,0,0,0,1,1,0,1,1,1,1,1,EMII,synthetic_corpus_v2,syn_e035a286b03c,synthetic
7.401210664335477,4.415874947200495,4.220186743860541,3.1556166082936685,8.973088613345963,4.9200914223520895,6.469314760823628,3.9479487417837396,1.6907455199912453,3.21527635819954,15.501138405444658,labo,industrie_automatisme,1,0,0,0,0,0,0,0,0,1,1,1,0,1,1,1,0,0,EMII,synthetic_corpus_v2,syn_0dc7170f6514,synthetic
7.6787302819775896,2.6974589567648812,5.791245506567465,8.415907483481897,4.698757068754143,6.4668610880745385,10.0,2.1616808874913245,3.7367403883915875,2.3314822848379553,12.645780637558879,bureau,genie_civil_archi,1,0,1,0,1,1,0,1,0,1,0,1,0,0,1,0,0,1,GCA,synthetic_corpus_v2,syn_eb16778b0f8e,synthetic
7.2820408114728545,1.7461270558997732,4.810951241025109,2.1144331419025097,3.5454943513141206,4.067836479180252,7.223527338940298,7.640338416855107,4.6205738477632305,1.1189014313032897,15.250147083490434,terrain,chimie_procedes,1,1,1,0,0,0,0,1,1,0,0,0,1,0,0,0,1,0,ICMP,synthetic_corpus_v2,syn_901624f97a16,synthetic
8.72015941761003,6.0441467774617585,7.351578399631087,5.784767344601709,3.7846344717084466,6.111139899534608,5.412411437940943,2.7448303287507394,5.4913754196377695,6.120231249293295,16.138932060173417,labo,recherche_appliquee,0,0,1,0,0,0,0,1,1,0,1,1,1,0,0,1,1,1,ICMP,synthetic_corpus_v2,syn_fbdcc539dbca,synthetic
6.406062237902949,6.847287886328558,9.192043379925533,2.6676680108293387,3.9741349099516974,4.32723133333767,2.8119391453406166,3.504101063771339,2.4084306399124076,4.742329679682549,11.452839349756479,remote,recherche_appliquee,0,1,0,0,0,0,1,0,0,1,0,0,0,0,0,1,0,0,ISAIA,synthetic_corpus_v2,syn_76a9d499b09e,synthetic
4.708768549429766,6.693772000438887,4.234438148288346,8.119852571159743,2.9525308064898135,4.893706856080925,3.3617962161716153,4.041748464328613,9.030201604929806,4.698732114458329,13.509238231361774,startup,developpement_logiciel,1,0,0,0,1,0,0,0,0,0,1,0,0,1,0,0,0,1,IMTICIA,synthetic_corpus_v2,syn_421adac463da,synthetic
8.423341410832988,5.029535581586747,3.7151253272769527,3.8743741725356218,6.336057462372726,3.9768944720346733,8.35531322384329,4.521135779424731,2.3093546130547384,4.272493265092965,14.158142384559927,labo,industrie_automatisme,0,0,0,1,1,1,0,1,1,0,0,0,0,1,0,0,0,0,EMII,synthetic_corpus_v2,syn_4fbe5efa5300,synthetic
7.438786778047232,7.665450132037287,6.004002634404191,4.146233488209226,8.941054387316862,4.179845587976659,6.695961766267013,0.12238938532978993,4.159529105120294,1.529985299713913,13.16057484579994,labo,recherche_appliquee,1,0,0,0,0,0,0,1,0,1,1,1,0,1,0,0,0,0,ESIIA,synthetic_corpus_v2,syn_13be800225d7,synthetic
5.699293618663185,3.4363573375628063,5.609151054879931,3.282394558711875,2.1134700980522734,5.512155387381348,5.724667538664333,8.870698878731707,6.244319785745371,3.0716087313003415,15.3259755677362,labo,recherche_appliquee,0,1,1,1,1,0,1,0,0,0,0,1,1,0,0,1,1,1,PIP,synthetic_corpus_v2,syn_c888a10db484,synthetic
6.95469522945678,3.327173815033194,6.61533354155395,4.101933756113462,1.962971972425236,8.74438784570924,0.2266813656139517,1.7469822721318513,8.267797585274995,9.250157096280759,12.619198197467759,remote,gestion_projet_si,1,0,1,1,0,1,1,0,0,1,1,1,1,0,0,0,1,1,EMP,synthetic_corpus_v2,syn_1e3ff638a590,synthetic
5.639614845044629,6.3299658607870715,2.593843802628164,3.633169831581937,10.0,3.292073888184639,7.121366731219904,1.6562465208420427,5.7884737452376935,3.7720365993968157,12.554842616289339,bureau,tourisme_hotellerie,0,0,0,1,1,0,1,1,0,0,0,1,0,0,0,0,0,0,ESIIA,synthetic_corpus_v2,syn_f317046f459d,synthetic
6.454968580467889,2.975920916101389,5.11629388888433,3.0799261972564267,0.5093029425027538,8.475587916470435,3.0917830671033864,3.825212586425608,6.551066617665695,9.280008608155907,11.285913755244026,remote,finance_compta,1,0,0,0,1,1,0,0,0,1,0,1,1,0,0,1,1,1,FIC,synthetic_corpus_v2,syn_a714a3160e5e,synthetic
5.992856046347129,1.0206288876346323,4.3348654813487775,3.16780363595753,3.460027293001081,5.802590741726075,6.1749778858542985,8.5276258065836,2.937112715745049,3.410849170763327,10.070003049545468,terrain,agriculture_elevage,0,0,0,0,1,0,1,0,0,1,1,0,0,0,1,1,0,0,AEE,synthetic_corpus_v2,syn_7b45615e1ee3,synthetic
4.629132143617135,5.567194752876088,4.298055799027301,6.882451540239932,3.142658076762315,5.734217300510908,4.245975003816489,2.662366533296688,4.775731025104677,0.0,10.803914733236708,bureau,multimedia_ux,1,1,0,0,0,0,0,1,1,0,1,0,0,0,1,1,0,1,IMTICIA,synthetic_corpus_v2,syn_e70bd38073f0,synthetic
8.43757076239057,6.197098403805961,3.4101268581196633,1.5220611436604532,7.7214738113061765,2.728294896830761,5.618400744814268,2.7242022731505573,4.405259936413105,2.7301116143691315,15.104022199287332,bureau,recherche_appliquee,1,0,1,1,0,0,0,1,0,1,0,1,1,0,0,0,1,0,ESIIA,synthetic_corpus_v2,syn_fadaf2c8a3eb,synthetic
6.509428797909747,9.734396479069892,6.199264101245596,4.913556768230147,4.114658228308476,7.0499957294381295,3.039602522200086,3.344874280662865,3.7568010472480045,5.217727774196058,14.267110591804823,remote,gestion_projet_si,0,1,1,0,0,1,0,0,0,1,0,0,0,0,1,1,0,1,IGGLIA,synthetic_corpus_v2,syn_04c64898dc47,synthetic
4.513184128308909,9.877083158032816,7.671254501891646,3.3066836751433093,3.8858632815849012,8.478421841001191,5.3759212276420785,2.350323098524715,3.662784578421533,5.571571794138385,15.490144219305831,bureau,developpement_logiciel,0,0,0,0,1,1,0,1,0,0,1,0,1,0,0,0,1,0,IGGLIA,synthetic_corpus_v2,syn_df25d81aa857,synthetic
6.618340199379186,3.7260142407020993,3.7459870652220015,2.4612856925136235,1.8063731704347767,5.1165239271744145,6.091121019852174,8.046153211934488,4.84508359927199,3.3781666509668056,16.01223231312098,terrain,agroalimentaire,0,0,0,0,0,0,1,1,1,0,0,0,0,1,0,1,1,0,ESIIA,synthetic_corpus_v2,syn_678c6a3df76e,synthetic
4.798575880952193,2.1121340264857387,3.382516431084602,5.890362192443098,2.286873988484353,9.97118805686479,3.4299081842909875,4.113194609060079,7.8259745404092085,4.282134730918973,10.245113301529948,startup,commerce_gestion,0,1,0,0,0,0,0,0,1,0,0,0,0,0,1,1,1,0,AEE,synthetic_corpus_v2,syn_685e203b03f3,synthetic
6.419986805601167,8.94234201517107,5.027864259063975,6.111569681668984,5.440634990074065,7.8460418968922285,5.725287377166904,4.256943097986189,4.152253852086719,5.580045632344151,13.427732471971245,startup,developpement_logiciel,1,1,1,0,1,0,0,0,1,0,0,0,0,0,0,0,0,0,IGGLIA,synthetic_corpus_v2,syn_96ebffb7b8ef,synthetic
4.497210734287158,0.5252818516571816,4.309576334501229,0.383859796222942,1.414589594867464,7.88542146671139,3.4025038302336528,3.8368532451599644,6.944345625909753,8.512887108804891,11.961600211831492,bureau,droit_affaires,0,0,1,0,0,1,0,0,0,1,1,1,0,0,0,0,0,1,DTJA,synthetic_corpus_v2,syn_725089d22e0c,synthetic
5.273842564447901,7.6300644904903265,3.7045297680746625,6.469013194167077,5.508339358956029,6.349310098811271,3.5592135075871205,1.7840901270776839,4.311163472072587,5.4778227278069425,13.786318956909048,remote,developpement_logiciel,0,0,1,0,0,0,0,1,0,1,0,0,0,0,0,1,1,0,IGGLIA,synthetic_corpus_v2,syn_c972abc8cea7,synthetic
6.545752180586494,2.190742115792805,5.0433121187637795,5.18144584627693,1.9623767067436517,8.791776180653716,4.8415353916448005,2.7030847987065063,5.54393355317405,9.521191932924326,13.105314982343575,bureau,commerce_gestion,1,0,0,0,1,1,0,0,0,1,0,1,0,0,0,1,1,0,EMP,synthetic_corpus_v2,syn_f6d45675111c,synthetic
4.303358285341945,4.1189952238269125,4.012416748605361,0.22361541318138078,0.628343374873959,6.133599188412651,1.1722963211788942,0.4937029648493081,6.81550805661014,9.731819763726179,16.9405312231448,bureau,droit_affaires,0,0,0,0,1,1,0,0,0,1,0,1,0,0,1,0,0,1,DTJA,synthetic_corpus_v2,syn_b16fe3800c45,synthetic
10.0,5.9263626408331405,8.131929925750699,3.828891404728031,3.56763863457491,4.528140679155049,4.338415054365058,3.1209355710520157,6.46933430070782,4.542267080030415,14.605230762026043,atelier,data_science,1,0,0,0,0,0,0,0,0,1,1,0,1,0,0,0,0,0,ISAIA,synthetic_corpus_v2,syn_285a445c1b96,synthetic
5.473842109513602,8.689743998348671,6.628689870575842,4.058586965833535,3.4217563032988094,9.205880692951519,3.712393057496412,2.190724415068423,2.601401401554308,5.029727937118237,14.548748206428318,bureau,gestion_projet_si,1,1,0,0,0,0,0,0,0,0,0,0,0,1,0,0,0,0,IGGLIA,synthetic_corpus_v2,syn_6f108c5f8418,synthetic
5.435675043051009,2.61837657509261,4.79866113243477,2.662882166700307,2.606748967098638,6.023265962557313,3.122735211331681,0.6699835319406664,7.113703033736414,9.279198388034086,11.437647644962196,startup,chimie_procedes,0,1,0,0,0,1,0,1,0,1,0,0,0,0,0,0,1,1,EMP,synthetic_corpus_v2,syn_0a60bf0f0dc0,synthetic
4.202302251681527,1.9167914218510997,4.794888035917387,5.219593430907063,0.9581095639389143,7.415654318414399,0.5111492229387147,2.4062619474781775,7.255921592250902,2.624370554863984,13.044453499513082,bureau,tourisme_hotellerie,0,1,0,0,1,0,0,1,0,0,0,0,0,0,0,1,0,1,TEH,synthetic_corpus_v2,syn_25cc787742c4,synthetic
5.452501161875414,5.62376929823619,2.6953431612439562,7.5095520059719565,2.699029472973653,5.699057847016623,2.853136275647632,2.6486666868779403,6.3987031367518385,4.303589445093286,11.806163105083133,startup,developpement_logiciel,1,1,1,0,1,1,0,0,1,1,1,1,0,0,1,0,1,0,IMTICIA,synthetic_corpus_v2,syn_f5e7d6077989,synthetic
7.621342419520803,5.15936190065388,5.699641481661363,2.7684711435783793,7.211256135986573,4.636407341636621,7.887979197469253,3.2032803008015494,5.3451437095632155,5.215623486321964,13.145401951421537,labo,electronique_embarque,1,0,0,0,0,0,1,1,0,0,1,1,0,0,0,0,0,1,ESIIA,synthetic_corpus_v2,syn_74c9757ee99b,synthetic
8.402743844682812,7.162610966414384,4.056047573677905,2.1286399301431307,9.253947010671428,4.223800016702432,9.803380764870171,3.280067910456848,4.679439969440381,4.9114305993578355,12.109883164408721,bureau,electronique_embarque,1,0,0,1,0,1,1,0,1,0,0,0,0,0,1,0,0,0,ESIIA,synthetic_corpus_v2,syn_6b0e8de5b3c5,synthetic
7.3466348220292845,4.4595045497918875,4.370192049700371,4.979110428149173,0.3987090532397186,8.610818848138688,2.5133041099827573,0.48898735571219154,4.903935424523096,9.453877987557762,12.459346314036207,remote,commerce_gestion,0,0,0,0,1,0,0,0,0,0,0,0,1,1,0,1,0,1,CAA,synthetic_corpus_v2,syn_e64bc99e1e3b,synthetic
5.875376662985625,2.2213589642225546,2.6570861377663437,4.275990986475681,0.9087862392297195,8.44059670308592,1.5090262731836899,3.592604379423384,4.278984713931893,8.963268602492901,12.155834848079905,remote,commerce_gestion,0,0,0,1,0,0,0,1,0,0,1,1,0,0,0,1,0,1,EMP,synthetic_corpus_v2,syn_2f178e0c950d,synthetic
5.005548847397156,4.140188041988207,3.4648226278314906,4.5129955222928615,5.407635034570234,3.662646163405527,2.560709520427318,8.003356660579955,4.507186375287093,3.0634024971312996,12.372319074005965,terrain,agroalimentaire,0,0,1,0,0,0,1,0,0,0,1,1,0,1,0,1,0,0,IAA,synthetic_corpus_v2,syn_b5ec595ccfd6,synthetic
6.47738567229137,0.7499563047916886,4.952407306252544,4.452925506562131,0.0,5.62096108235513,3.49443108641814,2.083110214713438,8.676659266829182,8.966353484722662,14.017907436382652,bureau,droit_affaires,0,1,1,0,1,0,0,1,0,0,0,0,0,0,1,0,0,1,DTJA,synthetic_corpus_v2,syn_605694ae06f0,synthetic
7.417579202621217,3.6239348884626814,5.319280342650878,3.5289485293274563,3.841624998960286,2.4572855605560857,4.351767157914771,9.999638877151325,2.5982295863893508,2.045616474385252,16.197438001113568,labo,recherche_appliquee,1,0,0,0,1,0,1,1,0,1,1,0,0,0,1,1,0,1,PIP,synthetic_corpus_v2,syn_041c7ac6324f,synthetic
5.748416142426583,6.701180975063477,4.204425030884544,2.452523121932015,4.5808733793601615,6.366375172403787,4.431198691314994,7.840759830613862,4.426207031201627,3.8066656579284635,12.918286577073014,atelier,agroalimentaire,1,0,0,0,0,1,0,1,1,0,1,1,1,1,0,1,0,1,IAA,synthetic_corpus_v2,syn_fbf16bc7fb0b,synthetic
4.706149436646676,5.605951418957897,4.963576341906074,9.2300180263129,2.9056475728706364,5.822694374274244,3.590497765948977,3.5994007734444793,4.941346041116642,2.6366042729358785,11.887842910867882,remote,developpement_logiciel,0,0,0,0,0,1,0,1,1,0,1,1,0,1,1,1,0,1,IMTICIA,synthetic_corpus_v2,syn_50b580167f78,synthetic
5.564354430313751,1.064630495172014,2.903659225918518,6.014078536328432,2.110398338170099,9.231644294951412,3.2358911877017205,2.439968578989904,8.575480811451406,7.8094290057472096,9.235865743477351,startup,commerce_gestion,0,0,0,0,0,1,1,0,0,1,0,0,1,0,0,0,0,0,CAA,synthetic_corpus_v2,syn_b363f7932bf5,synthetic
9.165122396618976,7.346867862682906,10.0,3.707732251361439,2.751897375126323,5.484504787189231,5.47169411414453,4.210928694583718,4.377455165287401,3.325732787959056,14.325448228087808,remote,data_science,0,0,0,0,0,0,0,0,1,1,0,1,0,0,0,0,0,0,ISAIA,synthetic_corpus_v2,syn_b8d1c1148a6e,synthetic
7.795060368830343,6.4188545590823,8.975281946295814,0.7895349786389692,2.61203866143987,3.9658306330612523,4.129630760376097,3.793231280824131,4.239636566366207,2.9567251187663905,15.973884759180413,atelier,recherche_appliquee,1,0,1,0,0,0,1,1,0,1,0,0,0,1,0,0,0,1,ISAIA,synthetic_corpus_v2,syn_13db4121e580,synthetic
2.5700177584973067,2.825805051775267,4.2033274110025465,3.4050816773086323,0.0,6.385347099453002,3.8778456924380023,7.149455421014635,9.709117757494207,5.11996283354085,12.268237035435714,bureau,tourisme_hotellerie,0,0,0,1,0,1,0,0,0,1,0,0,0,0,1,0,0,1,TEE,synthetic_corpus_v2,syn_398322acc1a3,synthetic
5.427805640735766,1.5740693349369548,7.168045211258987,2.404296916419173,2.7526192406011774,9.861068328535975,4.040692848110178,3.6483068436747232,4.90551274839103,9.754869044725194,12.818634046995202,terrain,finance_compta,1,0,0,1,0,0,1,0,1,1,1,0,1,0,1,0,0,1,FIC,synthetic_corpus_v2,syn_2ddd4c0692ec,synthetic
2.9603177665125786,1.1863349985898293,4.742842989120094,4.1452334344654265,1.8497472265873383,5.216196135356206,3.4985733035401765,3.479058772900375,8.756025885633603,4.473477191763314,11.4308438470481,chantier,commerce_gestion,1,0,0,0,1,1,1,1,0,0,0,0,0,0,1,0,1,1,TEH,synthetic_corpus_v2,syn_ddb692d48dfe,synthetic
7.100690812152336,4.54971144887412,6.5963462165974285,3.2768665498162384,8.125526925388144,5.480010054550477,9.01471122756301,2.465640665933104,3.758696871437644,3.7757808997713957,14.331337790598885,labo,electronique_embarque,0,1,1,1,0,0,1,0,0,0,0,1,0,1,0,1,0,1,EMII,synthetic_corpus_v2,syn_e05d9c2eeda0,synthetic
4.633840583378806,3.091118149966424,6.113622456736769,3.160084257124216,2.279261514399492,7.763010488820791,0.0,2.0372458410109764,7.124531483706903,7.972434480493311,12.033719681141061,remote,commerce_gestion,1,0,0,0,0,1,1,0,0,1,0,0,0,0,1,0,0,0,CAA,synthetic_corpus_v2,syn_1fd939977c5b,synthetic
9.182445331138481,4.915657329521703,4.9758383869677445,5.3508147904736525,2.2762510632373445,4.151145213419259,7.653917887581564,4.596185979791638,4.794768422812774,4.688310593813042,13.164131290047063,terrain,genie_civil_archi,0,0,0,0,1,1,1,0,0,0,1,1,0,0,1,1,1,1,GCA,synthetic_corpus_v2,syn_f175a67525e2,synthetic
7.823598385893995,9.491432504531835,4.898711497199903,3.9053356510732224,3.8385243318593396,8.361336119843818,3.0476166366652326,2.847507556733963,6.213838289854103,4.823845101524998,13.708237405465086,labo,developpement_logiciel,0,1,1,0,1,0,1,1,1,0,1,0,0,0,1,0,1,0,IGGLIA,synthetic_corpus_v2,syn_8baa78882427,synthetic
5.810896450667542,4.871008122483814,3.3126792155043523,7.09208543371815,3.559716717128814,7.787682584303828,3.2077564315560934,2.371142700470764,6.644336895044172,3.4093654689261865,11.994212196190412,bureau,developpement_logiciel,0,0,0,0,1,0,0,1,0,0,0,0,1,0,0,0,1,1,IMTICIA,synthetic_corpus_v2,syn_90ea8b13d4d7,synthetic
6.585367678852162,4.851904754595286,5.434280733639734,6.556337601108184,3.221145395902024,5.1117354303367195,9.316414651001068,0.3417399205717726,4.052610963502788,4.186926607845758,14.759709656157302,chantier,genie_civil_archi,0,0,0,0,1,0,0,0,1,1,1,0,1,1,1,0,0,0,GCA,synthetic_corpus_v2,syn_7e84332ae97c,synthetic
7.132028617378561,6.577136884812461,4.512445027812977,2.1140639710240374,3.7553835254148797,7.8049251933363335,2.946607558755577,2.7495387169287793,3.0062343531401856,6.412078369839215,14.755156201018792,bureau,developpement_logiciel,0,0,1,1,1,0,0,1,0,0,1,0,0,0,1,0,0,0,EMP,synthetic_corpus_v2,syn_2853424ce85e,synthetic
5.647456794595792,4.384432324984567,3.205879461905403,5.38842569842387,4.021377019228453,5.523690972088201,3.0331758919379186,7.60676250809718,9.061888273542046,4.977410073845241,12.90968704841446,bureau,tourisme_hotellerie,0,0,1,1,1,1,0,0,0,0,1,1,0,1,1,1,1,0,TEE,synthetic_corpus_v2,syn_5eb7f7898f81,synthetic
7.339349848686825,8.684908383613223,6.887332944485476,3.9098736382377104,9.013022065835083,2.9705282370488373,5.8900387077837175,1.9636781661826903,5.837472470413961,5.14344414642383,10.58631602227723,labo,electronique_embarque,1,0,0,0,0,0,1,1,0,0,0,0,0,1,1,1,0,1,ESIIA,synthetic_corpus_v2,syn_d5ca168cae1d,synthetic
8.124447684713553,5.741450547786356,5.165094022816675,2.9128555127299736,6.797857881149492,5.721053222864866,9.236686655709164,3.082099582448837,3.6665528420768774,3.1421793593666223,15.042019228584332,bureau,electronique_embarque,0,0,0,1,1,1,1,0,1,0,0,1,0,1,0,0,0,1,ESIIA,synthetic_corpus_v2,syn_5c589712396e,synthetic
5.688178846797572,4.87318166782574,3.4435587095859224,2.729213430976059,2.7793754081865822,6.6790641710209036,6.603284930444741,10.0,2.8697899394714774,3.710217560656235,10.748851199113084,labo,agroalimentaire,1,1,0,0,0,0,1,1,0,0,1,0,0,0,0,0,0,0,IAA,synthetic_corpus_v2,syn_bbe7ad074918,synthetic
6.8139575825609535,8.442050655651263,5.677455737569125,5.145325383827016,2.6497370254517563,9.284906322601593,4.4160542310880455,2.094480340833092,4.220246481544895,5.136155409079612,12.857090778149507,chantier,genie_civil_archi,1,1,0,1,0,0,1,1,0,1,0,0,1,1,0,0,0,0,IGGLIA,synthetic_corpus_v2,syn_a1005f568b52,synthetic
8.372146155375955,3.2503880112872023,7.442544570300001,2.037942671592825,4.0557122288325935,6.193989550395426,4.129437978412398,9.09214402805643,3.22574680227937,4.50209864099897,16.499848633745525,bureau,recherche_appliquee,0,0,1,0,0,0,1,1,0,1,1,1,1,0,0,1,0,0,PIP,synthetic_corpus_v2,syn_e5ad427de5c1,synthetic
4.081057535742771,3.020461194987149,3.912196625133952,1.128392911839102,3.141711742349838,7.3793364616628825,1.7710206139227942,1.0912506738435952,7.150244394029799,7.264676874015654,11.314593197217988,bureau,droit_affaires,0,0,0,0,1,1,1,0,0,1,0,0,0,1,1,0,0,0,ICMP,synthetic_corpus_v2,syn_d6b3204ebd5a,synthetic
7.9949055645521865,7.217635199089932,3.810593287633148,3.2820470051564525,1.3583720211965056,5.656118146046231,3.213526476274475,2.5715844673434534,4.183202432958489,5.604322354842947,12.798486525377783,bureau,multimedia_ux,1,0,1,0,0,1,0,0,0,1,0,0,0,0,0,0,0,0,IGGLIA,synthetic_corpus_v2,syn_40eef57cb6de,synthetic
5.123877150496046,4.254960478814484,6.469502351030123,2.3011073468083993,0.0,8.385105157135005,5.372225231814078,1.8139607082991407,5.942084751295492,10.0,17.05491337321823,chantier,finance_compta,1,0,0,0,0,1,0,0,0,1,1,0,0,1,0,1,0,0,FIC,synthetic_corpus_v2,syn_2d7400bb2e7c,synthetic
4.398044524395132,4.161304120031524,7.566429947150057,5.01932086488856,2.329044840595849,8.411401967549368,1.7470176033200544,0.25106145344065744,7.6602667360784595,6.220955568806473,12.461828811064725,remote,developpement_logiciel,0,0,0,0,1,1,1,1,1,0,1,0,0,0,0,0,0,1,EMP,synthetic_corpus_v2,syn_74d7d0903f54,synthetic
4.05436645076562,1.776158834729204,4.128025726744014,3.3765295518759775,1.1556682836837866,9.409803151410891,1.2115249573366476,2.3124737807005786,8.14687838319978,9.732206757002348,13.319577317902173,bureau,droit_affaires,0,0,0,0,0,1,0,0,0,1,0,0,0,0,1,0,0,1,DTJA,synthetic_corpus_v2,syn_20c75a823e16,synthetic
4.467152571729247,4.235025706870559,4.42631735903755,1.9025186960117584,2.361187501438336,5.01210169281079,3.4757522386264137,9.64195557621332,4.065739889141739,2.5049086622951213,13.415748020302976,labo,agriculture_elevage,1,1,1,1,0,0,1,0,0,0,0,0,0,0,0,1,1,1,AEE,synthetic_corpus_v2,syn_30674e618db3,synthetic
6.440696759046304,0.8306035762698638,5.68189098220434,2.8644006429820488,0.0,5.6405503690171415,1.712697402139657,1.380963758691908,7.1367786499112205,7.2221514769130355,12.947014677150214,bureau,droit_affaires,1,1,0,0,0,0,0,1,0,1,0,1,0,0,0,0,1,0,DTJA,synthetic_corpus_v2,syn_ec7f7e907e71,synthetic
5.275607539673933,3.658267258271602,4.2834557209082265,2.68899459674648,2.8406214458608403,8.474548070204504,0.44208952798304324,2.990123103160835,7.379172103584338,5.899584806935987,8.911084719509704,remote,commerce_gestion,0,0,0,0,1,1,0,1,0,1,0,1,0,0,0,0,0,1,TEH,synthetic_corpus_v2,syn_cf7f34233f59,synthetic
10.0,6.44230287958403,9.612507718256552,3.5104044301544617,1.4742621826769582,4.112173853693774,3.213875921811323,2.2179177110826767,6.070613176887581,4.2267339022967505,11.911289938542474,bureau,recherche_appliquee,1,1,1,1,1,1,0,0,0,1,0,0,0,0,1,1,0,0,ISAIA,synthetic_corpus_v2,syn_160e81e7cf97,synthetic
6.019357812393094,4.303618599059403,6.12815476324674,3.367861552158227,2.7742078603621825,6.430398889742338,2.164059022260186,4.299715675853561,7.533117456756074,8.947764082069458,13.141826804778036,labo,finance_compta,0,1,1,1,0,0,0,0,1,1,0,0,0,0,0,0,1,0,FIC,synthetic_corpus_v2,syn_db8b5ef32bd0,synthetic
5.948309235833193,1.8760140245868624,6.694842295950826,4.232045047136553,2.8359333512660485,7.732509272387037,3.1797342872132726,6.317731836147952,6.792364809812319,8.975854956428032,12.076784101209492,terrain,tourisme_hotellerie,1,1,0,0,0,0,0,0,0,1,1,1,0,0,1,0,1,0,TEE,synthetic_corpus_v2,syn_8fbb88d3e564,synthetic
6.37032583393393,3.3546263367491553,6.213404038061086,5.15015661835327,2.4296384032134544,8.37989476606962,0.03044945128361176,5.1067635856292135,4.235940459723368,8.800105094982,13.094305798292137,startup,commerce_gestion,0,0,0,0,0,1,0,0,1,1,1,1,0,1,0,0,0,1,CAA,synthetic_corpus_v2,syn_7bd758332416,synthetic
7.499023504339134,3.7096195750572063,7.589131831858888,3.7341206120566413,2.759367815428385,9.395260882507861,0.5727702012910358,3.4430171347423473,5.737704318451426,7.929539146187782,10.599576480417543,remote,finance_compta,0,0,1,0,1,0,0,0,0,0,0,1,0,0,0,0,0,0,FIC,synthetic_corpus_v2,syn_65fa1ff10fb8,synthetic
7.1238754528411965,2.678925973743411,2.9906694985029154,3.4309004751083925,4.9220761276464255,5.36656430887396,5.808588778360226,7.220840510290462,2.043251610850055,6.003234052773352,11.007079627620074,labo,recherche_appliquee,0,0,0,1,1,0,1,0,0,1,1,0,1,1,1,1,0,0,ICMP,synthetic_corpus_v2,syn_512efb4c37df,synthetic
4.693461049523213,0.18514176110045177,4.308643477133778,2.3430037133550043,2.2595061638440934,3.7584080377944646,3.1360776670185984,2.012732898224928,7.4379788025883435,9.627772174916297,13.668028387165629,bureau,droit_affaires,0,0,0,0,0,0,0,0,0,1,1,0,0,0,1,0,1,1,DTJA,synthetic_corpus_v2,syn_425e91a0b20b,synthetic
3.059692170970541,2.331647365400656,1.684810297550189,5.591777778485348,2.9360095153244274,6.279205723586402,3.264961707351131,2.6930343648612896,10.0,4.214313351306599,12.141125841919981,terrain,tourisme_hotellerie,0,0,0,0,1,0,1,1,0,1,1,1,0,0,0,0,1,0,TEH,synthetic_corpus_v2,syn_55478a290c38,synthetic
6.264911310469101,6.980015759826675,7.342505515985451,2.7274714137452665,8.473027682536332,3.5056469493940297,8.133297888745954,2.462286702811397,4.9779348961572945,4.4670011189064045,12.425130383495945,labo,recherche_appliquee,0,0,0,1,0,0,1,1,0,1,0,1,0,0,0,1,0,1,IGGLIA,synthetic_corpus_v2,syn_0d3649485165,synthetic
4.360203488705001,6.594325968157652,5.348174610696484,8.472626607014858,3.841903627455281,5.5506637100163525,3.0577279389368934,3.1003690793179577,4.56944099172984,5.7641946192906595,12.616261292293858,atelier,multimedia_ux,0,1,0,0,1,0,0,0,1,0,0,0,0,0,0,0,1,0,IMTICIA,synthetic_corpus_v2,syn_4609193fefbc,synthetic
6.882255795536904,3.504507315095108,3.4787621660331958,4.910034860365442,2.7991094216705843,10.0,1.7699153176586986,2.86237068496633,5.843605974411155,5.6329637124425975,9.643061028719966,bureau,commerce_gestion,1,1,1,0,0,1,0,1,0,0,1,0,1,1,1,0,1,1,CAA,synthetic_corpus_v2,syn_90a01a45c788,synthetic
9.505543223294321,4.488389446274889,6.757912014622393,5.634288916031114,2.8596903057178737,4.859742444374011,9.669066204298431,0.4491913780430301,5.168462571679062,4.191319086180502,14.567362178559918,chantier,genie_civil_archi,0,0,0,0,1,1,1,0,0,0,0,0,1,0,0,0,0,0,GCA,synthetic_corpus_v2,syn_3c05929a7b1f,synthetic
6.541524454180959,4.1735482070912155,4.419300548448861,2.0104789373272682,2.5228093910915037,8.158684166963878,2.5320194042226496,1.9238516170682396,8.964320337685765,7.503292497629173,15.31252153598941,remote,commerce_gestion,0,0,0,1,0,1,0,1,0,1,0,1,1,0,0,0,1,1,CAA,synthetic_corpus_v2,syn_1e1b7ba194cb,synthetic
6.854184287720052,8.692572027000532,5.213625528540095,3.5106682877543367,3.7148786993005736,7.6148642471892725,3.996348601405817,1.582997175811627,5.269615456460529,3.1774280601341944,14.524105298030657,remote,developpement_logiciel,1,0,0,0,0,1,1,1,1,0,1,1,1,0,0,1,0,0,IGGLIA,synthetic_corpus_v2,syn_779b52c599eb,synthetic
7.170239560516466,4.1636586205113995,5.65634642787532,2.982243501836228,8.579973068148204,5.482013208246546,6.699385141009232,3.753008869423896,6.0803288695439495,2.7858298157751147,13.521728308512664,terrain,data_science,0,0,0,0,0,0,0,0,0,0,0,1,1,1,0,0,0,1,EMII,synthetic_corpus_v2,syn_652898a2e99a,synthetic
4.926982608158673,1.6695207847731057,5.188559825235821,2.9206608939845946,2.371492225421317,9.723096101997061,4.380742125466392,2.3685075231268353,10.0,8.740136029750214,12.691656342381707,startup,commerce_gestion,0,1,1,0,0,1,1,1,0,1,1,0,1,1,0,0,0,1,CAA,synthetic_corpus_v2,syn_218aa3a12153,synthetic
4.900909759580977,2.167255603363436,5.72435122110821,4.990783199536198,0.0,7.6008538514319355,3.0233807277921367,2.7275159859079383,6.805879443313748,7.770945163368741,13.078375297487176,remote,commerce_gestion,0,0,0,1,0,0,0,1,0,0,1,0,1,0,0,1,0,1,CAA,synthetic_corpus_v2,syn_0af4ab6b91e3,synthetic
5.67209476873647,3.8179757324775134,7.823831759553843,3.607177716404561,3.4106772801369534,8.791377441374559,0.5405061843747003,2.0411658070396093,7.194438163108549,6.542084389280508,13.602877173023444,remote,finance_compta,0,0,1,1,0,1,0,0,0,1,0,1,1,0,1,1,0,0,FIC,synthetic_corpus_v2,syn_bc208ea9a203,synthetic
2.913016053461271,3.1017298155939166,4.116866103393709,3.3443451333707035,1.2073630223781981,7.048457092878123,3.9812899287405923,1.5660005210483472,7.241320771922217,8.16495597085621,11.405410735480991,bureau,droit_affaires,0,0,1,0,1,1,0,1,0,1,0,1,0,0,0,1,0,1,DTJA,synthetic_corpus_v2,syn_e0adbbd4c88c,synthetic
5.943473172190991,2.578536029043614,5.663873806653019,3.0608945748299443,1.8360310015387107,7.176491828659641,1.527736296190214,1.8556447775798883,6.74127854129762,8.097361567929129,12.114580259147294,startup,commerce_gestion,0,0,1,0,0,1,0,0,1,1,0,0,1,1,1,0,0,1,EMP,synthetic_corpus_v2,syn_b2d607eae1b4,synthetic
4.927212856059527,5.345910025881333,4.992031423182768,0.12557884591902413,3.0041526095382745,5.931572344100461,4.980994752397246,9.44405100508828,4.154958192662742,4.721364056170305,12.982553669824112,terrain,agroalimentaire,0,0,1,1,0,0,0,1,1,1,1,1,1,1,0,1,0,1,IAA,synthetic_corpus_v2,syn_fe578cea5b89,synthetic
6.767852518554813,2.6885596448692373,6.019188609539209,5.77950088934548,2.1274779906049557,9.189153135541615,2.639820717630045,1.518782366774789,6.243982220061973,6.6927911814049335,14.272519876488163,startup,gestion_projet_si,1,0,0,0,0,0,0,1,0,1,1,0,0,0,1,0,0,0,EMP,synthetic_corpus_v2,syn_dda71b24dffc,synthetic
2.844773501366918,1.6567289795070848,4.760287063669844,4.998571481242416,3.5740637687445806,10.0,2.567310737246252,2.4998239448324244,5.223845164755347,6.758746135732525,13.662776750351322,bureau,commerce_gestion,0,0,0,1,0,1,0,0,1,0,0,1,0,0,0,0,1,1,CAA,synthetic_corpus_v2,syn_a4d52148e7e6,synthetic
7.352577150971264,1.7530914846618781,5.291752671475738,3.1362004548165223,1.5940305479476626,7.522265104728838,2.903090193614683,2.91729438087869,5.396746081201846,7.105128389713513,13.289940333253707,bureau,gestion_projet_si,1,1,0,0,1,0,0,0,1,1,1,0,0,0,0,0,1,1,EMP,synthetic_corpus_v2,syn_025c4e6375f7,synthetic
4.617799827863109,5.909017729463107,3.5633506709807756,5.411976037079462,5.800527495539088,7.832204729636765,3.2871683081720082,3.8754545775439917,3.1820270457489253,5.365396785247158,13.966242378280988,startup,gestion_projet_si,1,0,0,0,0,0,0,1,0,0,1,0,0,1,0,1,0,0,IGGLIA,synthetic_corpus_v2,syn_49f715d33579,synthetic
4.989755414568325,5.378611170597566,4.0568143732528235,8.739496175764462,2.492173192606689,5.10370488265479,3.7741230501757226,2.259361057593661,6.381488803941057,3.2292790774865003,9.487240121904348,remote,developpement_logiciel,0,1,0,1,1,1,0,1,1,1,0,1,0,0,0,1,0,0,IMTICIA,synthetic_corpus_v2,syn_6cac132ead13,synthetic
7.854238354733212,5.296456964641799,3.7472531958412048,9.333971112357503,5.732122206403536,5.905221028736843,8.184148651116647,3.520583020918764,5.753455216948987,4.302628057876557,12.480206070256578,terrain,genie_civil_archi,0,0,1,0,1,0,0,0,1,0,1,0,0,0,0,0,1,0,GCA,synthetic_corpus_v2,syn_5965714f8dca,synthetic
5.880184662534001,3.0265205729517035,3.322894214245818,1.7037769760666317,3.357189870633144,1.9984019635390378,3.3461754294533734,9.611732323915986,3.054530265460321,6.728716583437597,12.470489944031405,labo,agriculture_elevage,0,0,0,0,1,1,1,0,1,1,0,1,0,1,0,0,1,0,PIP,synthetic_corpus_v2,syn_05b102ad23ad,synthetic
8.652031531871147,3.5842950009639654,6.291397074354521,4.210060122573336,1.6838083190767064,7.796881463826006,3.2028941418168433,0.8958880467663082,4.319287990375877,7.2809997831768865,13.056472720075433,bureau,finance_compta,1,1,0,0,0,0,0,0,1,0,0,0,1,0,1,0,1,1,TEE,synthetic_corpus_v2,syn_a52d146be6bb,synthetic
6.737883257922993,10.0,4.5598847479692255,2.065312825796315,2.3466646562599207,6.951789723521712,4.60000813823542,4.009852703173296,3.5583772500650004,4.271024677026681,12.83852804339357,bureau,gestion_projet_si,0,0,0,0,0,1,0,1,0,1,0,0,1,1,1,1,1,0,IGGLIA,synthetic_corpus_v2,syn_bf22702b91ee,synthetic
5.261230094035661,4.49126769808027,5.395878820656315,3.456611444227215,1.6025027717722113,5.803622815460871,1.5147683942559538,2.6178341114309744,7.219546021152208,7.9628590601161475,13.808340852159658,startup,gestion_projet_si,0,0,0,0,0,0,1,0,1,0,0,0,1,0,1,0,1,1,EMP,synthetic_corpus_v2,syn_249f944cce06,synthetic
5.683783672971176,8.784376734012433,4.7801296340382455,9.207610724886164,2.4456655183744203,6.1619430000668824,1.7217353704759726,1.7212060092985226,7.529540107762878,4.540825616318458,14.551967542777259,remote,developpement_logiciel,0,1,1,0,1,0,0,1,1,0,1,1,0,0,0,1,0,1,IMTICIA,synthetic_corpus_v2,syn_35a07ff70d4c,synthetic
3.710649664195264,1.8276895999583507,3.0934651881191804,3.3850901038995107,0.6658986936468895,4.485078409950722,1.4366162004871286,3.1247441293389295,9.65333773492489,10.0,12.84112080092682,bureau,electronique_embarque,0,1,1,1,1,1,1,1,1,1,0,0,1,0,0,1,0,1,DTJA,synthetic_corpus_v2,syn_c2f200455a8f,synthetic
7.093067066809511,5.156867106087557,3.350085735626645,2.5987276322792208,1.5267341441095306,5.077344971732733,4.864772197550683,9.16404391114809,4.003343559152784,2.756168736121917,11.219443861737307,labo,agriculture_elevage,1,0,1,0,0,0,1,0,1,0,1,0,0,1,1,0,0,0,AEE,synthetic_corpus_v2,syn_9227e569ddb7,synthetic
6.719728667768703,6.360087546459534,4.864645853955897,4.671117782363273,2.267584932860443,6.583585308784702,0.5186976437600825,0.31463968187780234,6.614199205029107,6.14166894525061,12.947722351220227,labo,gestion_projet_si,0,0,0,1,1,0,0,0,0,0,0,0,0,0,0,1,0,0,EMP,synthetic_corpus_v2,syn_51873368d2ef,synthetic
4.892432582667116,1.1876072840767136,6.953621544701103,2.7271773572246025,2.1566718794372552,7.885707463552748,3.233490655155702,2.9123806880404883,6.049997315580615,8.024250951900362,12.266132200214166,remote,commerce_gestion,0,0,0,0,0,0,0,1,0,0,1,0,0,0,0,1,1,1,EMP,synthetic_corpus_v2,syn_09a159ca9cde,synthetic
7.832151279930368,6.2078016512977054,9.246422084597125,4.436841485252213,1.9627841297994169,2.7426814500542784,5.88594777562706,4.484638789712901,3.9643134195442524,5.416260826746867,14.4230735342125,labo,recherche_appliquee,1,0,0,0,0,1,0,0,1,1,0,0,1,0,1,0,0,0,ISAIA,synthetic_corpus_v2,syn_78dcd81292fd,synthetic
6.0833059791402615,2.1626936659485736,6.026709299289816,2.9290997666876217,4.95459057094964,3.8523971763822678,6.911964712974324,8.402315640056885,3.0281236010160124,4.70439569901753,13.647098759543713,atelier,chimie_procedes,0,0,0,0,1,0,0,1,0,1,1,1,1,1,0,0,0,0,ICMP,synthetic_corpus_v2,syn_bf1897fbd35f,synthetic
6.2548357304475735,3.6383874113155494,5.679595588117275,1.6437736041810245,1.3890963222686783,2.942157233859389,1.3711532155412889,6.995455994186295,3.7033272034662668,3.735607559604039,13.741047940265242,labo,agriculture_elevage,0,0,0,0,1,1,1,0,1,0,0,1,0,1,0,1,0,1,AEE,synthetic_corpus_v2,syn_ba370dadc474,synthetic
7.91073755578409,1.5874664088285457,6.500144221740259,2.7109513246474197,0.7275346343725205,6.95935129485146,0.633937830869123,0.9022127135655429,9.966696108404282,9.551294120137053,14.392415034698884,bureau,droit_affaires,0,0,1,0,1,0,0,1,0,1,0,1,0,0,0,0,1,1,DTJA,synthetic_corpus_v2,syn_87f83f57163c,synthetic
6.150888833150448,2.0168224772850545,4.496477586979756,7.296146771902596,3.1132770235671927,8.125745740464625,7.774295156597797,2.303763369687095,6.075534981770852,4.3959643433135085,15.013550149760004,terrain,genie_civil_archi,0,1,0,0,0,0,0,1,1,1,1,0,1,0,1,0,0,0,GCA,synthetic_corpus_v2,syn_8c0b4aa9ec2c,synthetic
7.199374821521991,4.331481796455812,4.9403384721794765,3.2023024565310845,9.322327348414705,5.946196922709745,6.982897699604774,1.7606841931232557,0.6511986755677381,3.232842239196177,11.8506286893262,terrain,electronique_embarque,1,1,1,0,1,0,0,0,1,0,0,1,0,1,0,0,0,0,EMII,synthetic_corpus_v2,syn_052e7531859f,synthetic
5.598823604813496,8.822290580138176,9.00519380754688,3.989139629835559,3.2984931648523146,10.0,3.7373927812863976,1.746405928187429,2.518577656778784,6.302154629187898,11.71677114513384,bureau,gestion_projet_si,0,1,0,0,1,1,0,1,0,0,1,0,0,1,0,0,0,0,IGGLIA,synthetic_corpus_v2,syn_3ce909f709a5,synthetic
8.905162471569794,6.111693377944825,5.6995347867056925,0.632261067591033,7.731889184377751,5.376779295967937,8.540446750879665,3.3030594531855213,3.023628671335679,3.2722132827047905,12.41056814739825,atelier,recherche_appliquee,0,0,0,0,1,1,1,1,1,0,1,1,0,1,0,1,1,0,ESIIA,synthetic_corpus_v2,syn_e769d98157d3,synthetic
7.916970279209523,5.116168056514367,3.7242808182892633,1.8365490793605774,10.0,2.730685455999163,7.403582972970158,3.902579996829556,2.7532114830705785,0.8316585047757048,16.24537662219776,atelier,recherche_appliquee,1,1,1,1,1,0,1,1,1,0,0,1,0,0,0,0,0,0,ESIIA,synthetic_corpus_v2,syn_91d5a03c9188,synthetic
6.9569244758927375,4.739655575569908,3.8643123831008905,4.486642344292786,7.6527957840680605,5.428245016220479,9.120813455314567,4.808822335298236,3.2280398671211503,3.6868431769406977,12.671560225190055,atelier,industrie_automatisme,1,1,0,1,0,0,1,0,1,0,0,1,0,1,0,1,0,0,EMII,synthetic_corpus_v2,syn_0b98ede0ce0c,synthetic
3.724974717948206,2.9287234571932217,4.095879790613658,4.3672459201362415,3.048134299252113,7.3288893192298,3.885433665195124,8.158266862158591,10.0,4.282774721679796,12.520467108652506,terrain,tourisme_hotellerie,0,1,0,0,1,1,0,0,1,0,1,0,0,1,0,0,1,1,TEE,synthetic_corpus_v2,syn_8a0a4ad59b2a,synthetic
6.692670357671883,4.160829794100735,3.4016744217506183,8.080920828265212,1.9665435876136517,6.724564416937833,8.018812573930838,1.7136723908550495,3.424551530654713,4.418051036103394,11.237108497658364,labo,genie_civil_archi,0,1,0,0,1,0,0,0,1,0,1,0,1,0,1,0,0,0,GCA,synthetic_corpus_v2,syn_398911a118ab,synthetic
4.449935611074755,4.453072285841843,4.196398808905966,9.142483985653936,3.528777221805055,4.208836547154527,2.9122597334865747,3.1093381872546577,7.652687053145108,3.0010468329261792,15.115778998660062,startup,multimedia_ux,0,1,0,0,0,0,1,1,0,0,1,0,0,0,0,0,0,1,IMTICIA,synthetic_corpus_v2,syn_7c6c010a1901,synthetic
6.465451629896634,8.684736016799466,5.547750971965306,4.983987305241844,4.699342922941931,7.464118113252595,3.0425260281678357,1.2164693293052435,4.70541942664835,4.390320555931403,10.793830426530345,bureau,gestion_projet_si,1,0,1,1,1,1,1,1,0,0,0,0,0,1,0,0,0,0,IGGLIA,synthetic_corpus_v2,syn_32413f3013eb,synthetic
9.196450422348201,6.327446196861462,10.0,5.6543489139114165,4.273467807121263,5.73404920244581,4.827082434822842,4.207023093660812,6.527772515231495,3.466284237289446,15.68167161149562,remote,recherche_appliquee,0,0,1,0,0,1,0,1,1,1,0,0,1,1,1,1,0,0,TEH,synthetic_corpus_v2,syn_bb1366c32aa5,synthetic
6.749061423770199,4.520630623638332,3.422148919090186,3.0146148555759935,1.0259737625097964,5.494373359694124,4.402497891375448,10.0,5.870201465681166,5.941371524005381,12.572413629030391,terrain,agroalimentaire,0,0,1,0,1,0,1,0,0,0,0,0,0,1,0,1,0,0,IAA,synthetic_corpus_v2,syn_ed2df420993a,synthetic
7.471690129329011,5.466173851402266,7.011818599040251,1.817136537136002,8.078547269714582,5.441679734471992,9.844412210627873,1.7628425183843615,4.548316164624186,2.5028103512564983,12.97901608626367,labo,industrie_automatisme,1,1,0,1,0,1,0,1,0,0,1,0,0,1,0,1,1,0,EMII,synthetic_corpus_v2,syn_0ddccad33df9,synthetic
6.320135566902429,2.15282068020284,5.629468651919689,4.077567984646902,3.0506477779121197,4.80714068418047,6.9165735451281725,8.98903931214268,3.5563103553372852,2.1244368093651125,13.558865107908908,atelier,agroalimentaire,0,0,1,1,1,0,1,0,1,0,0,1,0,1,0,1,0,0,IAA,synthetic_corpus_v2,syn_e0af4f474b15,synthetic
5.227701219130199,3.4522095393669456,5.9134382108735,3.6345566386211705,2.358144424267032,7.249344146967466,6.396591249517874,8.81658872110973,3.7646943298318014,1.87421847702703,14.045084987504767,labo,agroalimentaire,1,1,0,0,0,0,1,1,0,0,0,0,0,0,0,1,0,0,IAA,synthetic_corpus_v2,syn_cce89aa07350,synthetic
6.1694509672072435,10.0,5.357536182010009,2.2695733536261695,2.573653355112849,8.195505601782937,4.248432317573878,2.434541613516798,4.439073935222132,5.166818723886927,14.423211677100511,startup,genie_civil_archi,0,1,0,1,0,0,0,0,0,1,0,0,0,1,0,0,1,0,IGGLIA,synthetic_corpus_v2,syn_a9cfec76556c,synthetic
6.238760210453657,3.8476400092691634,6.720563644736384,3.0289613209235973,2.3260967169187965,9.308799282648414,1.7494473395656445,2.6748877101592754,6.816351199455873,5.76082499932107,12.88894012242868,bureau,commerce_gestion,1,0,0,0,0,1,0,0,1,0,0,0,1,1,0,0,1,1,EMP,synthetic_corpus_v2,syn_07a36a81d84c,synthetic
4.71439095469789,1.2252216420130344,5.290416080519742,5.025369070014593,3.2183797351367263,4.317740654765269,3.792742711089757,6.668639515644992,8.708982340665726,5.381528026525527,12.86799558636667,terrain,tourisme_hotellerie,0,0,0,1,0,1,0,0,1,0,1,0,0,0,0,1,0,1,TEE,synthetic_corpus_v2,syn_da034829fbaf,synthetic
7.121629877045138,5.5146590985158825,4.4659455166177455,4.617537521804772,8.952770469342806,4.921422464307183,9.034477990899488,3.0393850748788047,6.416401931853297,3.4602454097947404,15.626967087201859,atelier,electronique_embarque,0,1,0,0,0,0,0,0,0,0,0,0,0,1,0,0,1,0,EMII,synthetic_corpus_v2,syn_ef961a8d1e78,synthetic
7.121199833020714,7.421685019602192,5.475404588536051,4.856802682111914,4.316455578565108,6.437249167125566,1.9612500513508506,2.6171232718309385,4.994826184015578,2.656436132573211,16.764599029325836,startup,developpement_logiciel,1,1,0,0,0,0,1,1,1,1,1,1,1,0,0,1,0,0,IGGLIA,synthetic_corpus_v2,syn_a67ec5c41837,synthetic
3.5453425427536014,2.1286614089567446,2.8395940063735754,4.767802616254339,3.4167452858260563,7.000065596872062,2.8915458617694405,6.111663551094717,8.155435929380545,4.344581268340497,12.850091086036027,terrain,tourisme_hotellerie,1,0,0,0,0,1,0,0,0,1,1,0,0,1,0,1,1,0,TEE,synthetic_corpus_v2,syn_9aa90c3eeb65,synthetic
6.278813808483189,4.136672359547971,6.110890608513014,1.4740053158177657,3.7109816248868146,5.1114364439296285,4.9686485395595525,8.733139523995606,6.969035399577258,3.993666205032874,12.153184703318775,labo,recherche_appliquee,1,0,1,1,0,0,1,1,0,0,1,1,1,1,0,0,0,1,PIP,synthetic_corpus_v2,syn_605800f01df1,synthetic
7.508332780154693,6.536945468729515,3.482071232104154,7.082261621607451,3.8706371812980507,3.0271921414227236,6.30677357266563,4.482182423053837,4.8610124315589545,2.6221041593789054,14.82303376752587,terrain,genie_civil_archi,1,0,0,0,0,0,0,0,1,0,1,0,1,0,1,1,1,0,GCA,synthetic_corpus_v2,syn_1d973080e854,synthetic
6.21349601571244,1.0439302007128521,8.013613308201831,5.783829062075828,1.9369708679333828,8.995006197124509,2.571303976813446,1.7469615261577074,6.107333937917186,7.942142224682612,8.484605423468764,bureau,chimie_procedes,0,0,0,1,0,1,1,0,1,1,1,0,0,1,0,0,1,1,CAA,synthetic_corpus_v2,syn_32f710d40065,synthetic
6.014981379196843,5.174238215627196,3.933959550720207,9.493305257659404,3.405806308965329,3.681316779903897,0.8879746861055082,3.3527933655202258,5.661483312607519,4.7826168948281715,13.013705436194234,bureau,multimedia_ux,0,1,0,1,1,1,1,0,1,0,1,0,0,0,0,0,1,0,IMTICIA,synthetic_corpus_v2,syn_377589f2a7ee,synthetic
4.175820929045418,2.893103228541556,3.4848012909607293,2.3774731233575217,3.29961205228226,2.8102029065841685,5.389467402249235,9.506660569667515,2.301320693001948,2.6848177071401462,10.72855679725998,labo,agroalimentaire,1,1,0,1,0,0,1,0,0,0,0,0,0,1,1,1,1,0,IAA,synthetic_corpus_v2,syn_0bb11374d7bd,synthetic
7.764676578987098,4.610140959436662,2.694550507190354,6.699281568024419,0.8967821811391481,5.1242620304766655,7.0337895221225875,4.086157314916139,4.596460088897801,3.5519979847274707,12.46477687210913,chantier,genie_civil_archi,1,0,1,1,1,1,0,0,0,1,0,0,1,0,1,1,0,1,GCA,synthetic_corpus_v2,syn_185a0a7ea140,synthetic
6.152722555055084,10.0,5.5239214354881065,3.244972421539929,2.539346083017049,8.399091135936365,1.5547497989138384,1.704420403842744,4.347903037475156,4.507454891489852,13.389954359905644,startup,developpement_logiciel,1,0,0,0,0,1,0,0,1,0,1,0,0,1,0,1,0,0,IGGLIA,synthetic_corpus_v2,syn_e6e4f03da1e5,synthetic
9.766614844773555,3.3876023521063856,6.016039630069155,1.2722657075996673,0.0,9.856611434279086,1.165228027106758,0.5694285606463201,5.572420377677878,7.801441474354939,12.505698383231763,remote,finance_compta,0,1,0,0,0,1,0,1,0,1,1,1,1,0,1,0,0,0,FIC,synthetic_corpus_v2,syn_ecb447321bbd,synthetic
5.531444052660463,2.746105998089859,3.3522484704331346,4.371426270484213,4.091461673778122,5.000657017347147,2.562866155379076,8.43763901129224,8.860269138704286,5.595631479229265,10.953680710043075,bureau,tourisme_hotellerie,1,1,0,1,0,0,0,0,0,1,0,0,1,0,0,0,0,0,TEE,synthetic_corpus_v2,syn_e6c4edc58710,synthetic
6.900647219206739,0.4281547431549235,5.148428274591521,0.0,2.3339928844649935,6.390003357909701,4.3407421343541435,9.932610773418155,3.2744199160382523,3.685693388220091,11.23028389722393,terrain,commerce_gestion,0,1,0,0,0,0,1,1,0,0,0,0,1,0,1,0,0,0,AEE,synthetic_corpus_v2,syn_7075af23898e,synthetic
7.086917843058853,7.428949151405965,3.0067237524112267,9.2425159361084,3.657920333776575,4.521273356065233,3.5498409511165185,1.9038364406012058,3.778022060956186,2.9252462292121817,10.833462582443481,startup,multimedia_ux,0,1,0,1,1,1,1,0,0,0,0,0,0,0,1,0,0,0,IMTICIA,synthetic_corpus_v2,syn_b0cc402cbee2,synthetic
5.59757979824282,8.512147980275673,6.6518763901924665,5.186202909686446,2.943749151078795,8.589973873962464,3.8404369093596364,2.6459410156047745,4.831869265888364,4.97153316329309,12.194723550318775,remote,gestion_projet_si,1,1,1,0,0,1,0,1,0,1,1,0,0,0,0,0,1,0,IGGLIA,synthetic_corpus_v2,syn_25819b12961e,synthetic
4.429758076691787,3.915775589842222,4.412856670017788,3.8937283855289104,4.885283907601049,4.999048507135969,4.511249652759105,7.098140847374186,9.773368058586987,4.887384664109203,13.004427407361415,terrain,tourisme_hotellerie,1,0,0,1,0,0,1,1,1,1,0,0,0,0,0,1,1,1,TEE,synthetic_corpus_v2,syn_62549da419f9,synthetic
5.373397138550225,1.6302113945279406,2.3601871433447252,4.55834131818234,1.9122592790620645,4.302278328623928,2.958904847884539,6.47533305764973,6.944954297183907,6.3290971192657235,10.543135528419587,terrain,tourisme_hotellerie,1,0,1,1,0,1,0,1,0,0,0,1,0,0,0,0,0,0,TEE,synthetic_corpus_v2,syn_f89badc84d7e,synthetic
6.822589158781959,2.786552268543589,4.900496062076985,5.764736893124847,3.409814324132787,9.15543162137016,4.209088915678132,3.9096243349943856,6.8598207460240594,8.465107490290917,12.6827765899672,remote,commerce_gestion,0,0,0,0,0,1,0,1,0,1,0,0,0,0,0,0,1,1,CAA,synthetic_corpus_v2,syn_dd679b0e35fd,synthetic
5.9375985144076875,3.03678014788706,6.7816453125616825,3.9636010232557286,1.7070475765738296,9.096878807048865,1.8507680198133651,1.209015303760845,7.788543057579894,7.210878859962584,11.482697073350028,bureau,tourisme_hotellerie,0,1,1,0,0,0,0,0,0,0,0,1,1,0,0,1,0,0,EMP,synthetic_corpus_v2,syn_446aa7a99651,synthetic
5.476364237783821,4.794071943892468,7.633483603310616,1.9004420829316144,3.072365018157514,4.2754162037759285,8.19289927203237,6.4031251405617,1.4203211888509566,4.852526643466176,13.029237514329914,atelier,chimie_procedes,0,0,0,0,0,1,1,0,0,1,0,0,1,1,1,0,0,1,ICMP,synthetic_corpus_v2,syn_ee0b44f43d95,synthetic
4.806656096444394,5.066997123637847,4.35647712470712,3.8907670374300958,6.631998562385333,3.65335207213156,7.622537786892047,1.4398168913382414,1.8449046930293997,3.0849312315129107,10.805794375095688,labo,droit_affaires,0,1,1,1,0,1,0,0,1,0,1,1,0,1,0,0,1,0,EMII,synthetic_corpus_v2,syn_8a190a2e2b11,synthetic
7.9215468338179145,10.0,8.04079340118169,5.359556939009541,2.216763787553866,6.349820594131019,2.2384198523503818,3.705948861501735,7.548154899739623,5.438258964942586,13.563491558085241,remote,developpement_logiciel,1,1,0,0,0,1,0,1,1,0,0,1,0,1,1,1,0,0,IGGLIA,synthetic_corpus_v2,syn_a5d0da9a7b01,synthetic
5.120634097128448,7.172271125504846,8.382021419379491,5.066612642712535,2.326043690925691,7.634997045382809,3.804025251942834,2.569065104209992,3.8151667107613605,3.325714821406178,12.411223728543359,bureau,gestion_projet_si,1,1,0,1,1,1,1,1,0,0,1,1,0,1,1,0,0,0,ISAIA,synthetic_corpus_v2,syn_f42ee0d58427,synthetic
5.766290225725183,6.075631663320526,2.7744610909925287,8.806037628438956,2.7602495807621086,4.746707836911947,3.332613030247528,3.579620688975232,5.503332629498916,4.475725260977767,12.66279654765606,remote,developpement_logiciel,1,1,0,0,1,1,0,1,1,1,0,1,0,1,1,0,0,0,IMTICIA,synthetic_corpus_v2,syn_8ce5c6327757,synthetic
6.624418078797048,1.3833053317299753,4.1029321769389036,2.5140347498970086,2.024397254478377,7.546244469732164,5.980154358536704,9.073931871414384,4.812530086083582,5.677315597715963,12.185849602076363,terrain,agriculture_elevage,0,0,0,1,0,1,0,0,0,0,1,0,0,0,0,0,1,0,AEE,synthetic_corpus_v2,syn_b8f45129f2dc,synthetic
6.483443760681134,5.4499750406976135,5.000366890590816,2.415065021594737,7.744791120514496,3.6606226447479444,8.201124086804812,1.4670084099158944,6.000482893288005,3.6133486154222414,12.29733539090062,bureau,electronique_embarque,0,0,0,0,0,0,0,0,1,0,0,0,1,1,0,1,0,0,ESIIA,synthetic_corpus_v2,syn_f77a9645fb21,synthetic
4.885910807705115,4.062641911933792,4.314628864823301,6.672702089702934,3.1847776756229784,5.95475184384777,2.8109700420733303,2.073672405196953,5.141723579650201,3.6039796040843535,10.669455912132216,startup,developpement_logiciel,0,1,0,1,0,0,0,1,1,0,1,0,0,0,1,1,1,0,IMTICIA,synthetic_corpus_v2,syn_973f614e7c72,synthetic
6.307476510391885,2.7685478576872127,4.39435055844828,4.609242257557924,2.1855087209313373,6.994394607776913,4.316420705373196,2.2490850619109937,8.030702612396338,7.857381060306457,11.180983713306848,remote,commerce_gestion,0,0,0,1,0,1,1,0,0,1,0,0,0,1,1,0,0,1,CAA,synthetic_corpus_v2,syn_f39b1e989dd0,synthetic
5.861971062789465,5.900939467977259,5.1690914387531715,7.311006074119648,1.9983821087497526,4.1204172207160354,2.8636990193026897,2.4976134044243303,4.547043845298445,2.261641109608254,11.854308515134694,remote,multimedia_ux,0,0,1,1,1,0,1,0,1,0,1,1,0,0,0,0,0,0,IMTICIA,synthetic_corpus_v2,syn_a1e2a3b2c800,synthetic
4.189542683527932,6.951438091015024,3.5532877217188874,2.3595822820132195,8.220806257660827,3.8454573985933203,6.721788761623567,3.8573475495824443,4.657838370938304,2.4296605703749212,15.338420781411493,labo,electronique_embarque,0,0,0,1,0,1,0,1,1,0,1,1,1,0,1,0,1,0,ESIIA,synthetic_corpus_v2,syn_394115b336da,synthetic
6.1537088952567665,2.7550031457310853,5.376091181252545,4.9197099117221015,3.457040716928577,6.761921605929824,2.6034368038227322,3.61259232634595,6.248071369707519,7.7154899620446855,14.899593506022587,startup,commerce_gestion,0,1,0,0,0,1,0,0,0,1,0,0,1,0,0,0,0,1,CAA,synthetic_corpus_v2,syn_36bb2b87ad15,synthetic
9.977654443316402,5.471777550075301,5.600648644828457,2.811134532856255,7.988157418891436,2.23941282492742,8.498397550822775,3.0103806684207215,3.467042112320809,4.7513607266180955,12.921647520606426,labo,industrie_automatisme,0,0,1,1,0,1,1,1,0,1,0,0,1,0,1,0,1,1,EMII,synthetic_corpus_v2,syn_8a31bca56095,synthetic
6.114721149145075,3.110878169388361,6.802099632595876,4.513632750975928,1.066569556177658,8.563563549826235,3.220716691657127,3.1510476521835655,7.1459259003113065,8.072275722520947,14.291074973898418,remote,gestion_projet_si,0,1,0,0,1,1,1,1,0,1,0,0,0,0,0,0,0,1,EMP,synthetic_corpus_v2,syn_a06459822c26,synthetic
6.005903463063018,4.353813990507181,4.7359626348675565,1.194508889345494,3.3928572667454278,4.513264767086082,6.517913317062057,7.735314934015155,5.053087808326479,2.6823182720252747,14.370508562068604,startup,pharmacie,0,1,0,0,1,0,1,0,0,0,1,1,1,1,1,1,0,0,PIP,synthetic_corpus_v2,syn_b61fc5d1aaec,synthetic
6.771811979757578,8.22049336879279,4.072337530712225,3.068471123025382,8.239141989706674,5.900807147638767,7.047011652427056,2.2033357294218714,3.924831936574336,0.740427516958214,14.878866797804488,bureau,electronique_embarque,1,0,1,1,0,0,1,1,0,0,1,1,0,1,0,0,0,0,ESIIA,synthetic_corpus_v2,syn_4f0cddf93d7c,synthetic
9.33994054219038,2.6016394146283863,4.25374341281107,2.853451805837407,3.983535981328677,6.030054982457321,4.832964347116527,10.0,5.463397120009278,4.668700259486625,12.348896910911876,labo,industrie_automatisme,1,0,0,0,1,0,0,0,1,0,0,0,1,1,0,1,0,0,PIP,synthetic_corpus_v2,syn_d002d3fc85bf,synthetic
6.058539810701134,2.2967833107833977,5.492423886106087,3.1294538650613832,0.5848863368858983,3.280232938117525,6.226742004839164,9.894562196493428,3.0439451142910867,3.7127992012694118,19.140774793939322,bureau,recherche_appliquee,1,0,0,1,0,0,1,1,0,0,0,0,1,0,1,0,0,0,IMTICIA,synthetic_corpus_v2,syn_27f336999ed7,synthetic
6.210484316014385,1.739584415095059,5.7643031682759664,2.5728102725677005,2.097546582539522,5.420957297631665,2.9324159204260623,7.834547194805489,4.307030364535677,2.7237669717816875,13.20853640729225,atelier,agriculture_elevage,0,1,0,0,0,0,1,0,0,1,0,1,0,0,1,0,1,0,AEE,synthetic_corpus_v2,syn_05cd322cc2fb,synthetic
6.830297448845796,4.925097115473997,7.266510449547399,1.1164081048507244,1.6752665110338465,7.746194468697011,3.412863654986751,1.802755923306289,8.900406859644006,6.983799681105278,10.77939983096772,remote,commerce_gestion,1,0,0,1,0,1,0,0,1,0,1,1,0,0,0,1,1,1,EMP,synthetic_corpus_v2,syn_c976eed4f24b,synthetic
6.972927578563224,3.5162734897977077,7.471803506543101,4.830331246371875,1.7306296229145772,10.0,2.742005813468903,3.7808636990553346,6.4190896206885455,8.459450880051667,10.353537438841524,bureau,gestion_projet_si,0,0,0,0,1,1,0,0,0,0,0,1,0,0,1,1,0,0,EMP,synthetic_corpus_v2,syn_9aca2d3390f2,synthetic
5.91361966091815,3.9966581465337008,4.759203327157511,4.692096066755297,2.777611845662032,9.467264362019538,0.45281457289670435,2.1358220487746724,7.231504397836678,7.3078540561682415,10.280590930329305,remote,commerce_gestion,1,1,0,0,0,1,0,1,0,1,1,0,0,0,0,1,1,1,EMP,synthetic_corpus_v2,syn_48de7cfde81c,synthetic
7.192832559955019,5.177036773797731,6.418934182317458,3.139578476576656,1.7674016841438789,7.752304481659573,2.13850552600581,4.376481804871671,5.8708628825768105,9.572693937089342,13.416554817233953,remote,finance_compta,0,0,0,0,1,1,0,0,0,1,0,0,0,1,0,0,0,0,FIC,synthetic_corpus_v2,syn_ca5941546b1b,synthetic
6.85499850305014,7.673330059306001,5.971333011275337,5.058482746634436,2.9149631441277597,6.524943185628805,1.8600154759466536,0.916027029678731,3.979885951126283,5.207574528157598,15.595175898622541,remote,developpement_logiciel,0,1,0,0,0,1,0,1,0,1,0,0,1,0,0,0,0,0,IGGLIA,synthetic_corpus_v2,syn_bee797bfff37,synthetic
3.9373711682469787,3.908858218060138,4.843756184527192,4.753445592810619,1.441119880099953,6.486141068992391,3.832534134494607,4.5914415198018395,6.811015370230997,5.565809400993404,11.030630780501928,terrain,tourisme_hotellerie,0,0,1,0,1,1,1,0,1,1,0,1,1,0,1,0,0,1,TEE,synthetic_corpus_v2,syn_cef69c9d9e30,synthetic
5.459489072605234,2.1463054962744796,3.3220254827703597,6.303176996820269,1.192894804911766,7.391316671875812,3.8959192856788807,2.299028923318395,8.115907985957463,7.974481420342146,12.844933766408086,startup,recherche_appliquee,0,1,1,0,0,1,0,0,1,1,1,0,0,0,0,1,0,1,CAA,synthetic_corpus_v2,syn_47a12340b196,synthetic
5.2064286907277415,2.436406498324779,5.483631981344679,3.7062798005820214,2.4207510035338897,6.544884436141469,5.8783892218680025,9.428741133318994,4.759084781456553,5.297827487902773,11.502165743045644,bureau,genie_civil_archi,0,0,1,1,0,0,1,1,0,1,1,1,0,1,0,1,0,0,IAA,synthetic_corpus_v2,syn_d598a6b325ee,synthetic
8.179170590836513,4.2974083252618485,3.4216591565927432,3.8020504058757245,5.861885166411348,4.673441721375964,7.937929254370995,2.505502348470776,4.455945145138485,4.584840096658819,13.810566775696614,terrain,electronique_embarque,1,0,0,1,1,1,0,1,0,1,0,1,1,1,1,1,1,0,EMII,synthetic_corpus_v2,syn_fdc4fe6e0e4d,synthetic
8.443147634976036,10.0,5.587586833388013,1.7767114904206536,2.4780904405425903,4.8886813722549585,2.936590735210592,2.5870325326392805,2.4484861758043093,6.070271929598887,13.776178319679675,startup,developpement_logiciel,0,0,1,0,0,1,0,1,0,0,1,0,1,0,0,0,0,0,IGGLIA,synthetic_corpus_v2,syn_4cbabfab2fb3,synthetic
9.119301727702384,3.808390322653737,5.314797985898833,6.220324185131458,4.43690668101554,7.023009484105268,8.225802416835755,1.4567644777494078,4.648108257297034,3.890050611034943,14.010381178922461,chantier,genie_civil_archi,0,0,0,0,1,1,0,1,0,1,1,0,1,0,0,0,1,0,GCA,synthetic_corpus_v2,syn_91652244e932,synthetic
9.43104259569283,2.15825468170231,4.249180492635657,8.185994360117958,5.066102462594467,5.405582881890075,5.828306498977261,3.943899149636591,5.5149043346120905,4.427791557230092,12.368467270271713,startup,genie_civil_archi,1,0,0,1,0,0,1,1,0,1,0,0,1,0,0,1,1,0,GCA,synthetic_corpus_v2,syn_dfdc4b4eddfd,synthetic
8.108520533628951,3.5512876345592352,4.0806524021575195,4.976739415439685,4.8154137719581644,2.8275213413551508,6.717078522569838,5.548897514127479,3.489440078332426,3.5919766448417354,14.292737027545279,atelier,chimie_procedes,1,0,1,0,0,1,1,0,0,0,1,0,1,0,1,0,0,1,ICMP,synthetic_corpus_v2,syn_eb1e800a429e,synthetic
10.0,3.4806290644630913,7.8287619183582295,4.247880574303113,3.227909305881839,5.264175478490333,2.8346409094613287,0.0,4.955028520591966,5.705698630455915,14.153788144089354,labo,data_science,1,0,1,0,1,0,0,0,0,1,1,0,1,0,0,1,0,0,ISAIA,synthetic_corpus_v2,syn_1b92cb8967d5,synthetic
4.9140150963998455,7.003814316488073,3.7771764867735365,8.548239362075613,2.973968055378618,5.88627819890724,2.326934351465165,3.0900566523630046,6.439466161991251,2.212894852817166,12.337552883849416,remote,multimedia_ux,0,1,1,0,1,0,0,0,1,1,1,0,1,0,0,1,0,1,IMTICIA,synthetic_corpus_v2,syn_6d1b94a83e82,synthetic
4.866262834983334,1.7875726359374757,4.451183316781165,7.405098770563265,1.4403165958355404,4.346951599842146,8.43581327768114,2.890420055426577,5.74809614181268,5.375149694614377,11.427216065225743,bureau,droit_affaires,1,1,1,1,0,0,0,0,1,1,0,0,0,0,1,1,0,0,GCA,synthetic_corpus_v2,syn_dca1fd3c2a15,synthetic
6.868936503895062,8.413154063867053,4.68069455567073,5.5195493875049335,6.603642743047587,3.6995554063655263,7.933070238050447,2.882514033424621,3.6412800385778654,1.8126588650651567,14.415421418521692,terrain,industrie_automatisme,0,1,1,1,0,0,0,1,1,0,0,1,0,1,1,0,0,0,EMII,synthetic_corpus_v2,syn_c7cea2b63b59,synthetic
4.093255214893382,0.580893566590517,3.479915045721966,7.159978246542277,2.7305517931325864,6.764525859139326,3.994711507675376,5.237216747176352,10.0,6.470820435118519,14.737719195163177,bureau,commerce_gestion,0,1,0,0,0,0,0,0,1,1,1,1,0,0,1,0,1,0,TEH,synthetic_corpus_v2,syn_157524b2f717,synthetic
7.272819082832933,8.290779049100973,4.343866033584496,3.237923843479026,8.694924686355064,4.527447638910007,6.879114407548771,2.6974673853451394,3.340649309333667,1.3347580878846315,12.820814086373685,bureau,recherche_appliquee,1,1,1,1,0,0,1,0,1,0,0,1,0,1,0,0,1,0,ESIIA,synthetic_corpus_v2,syn_de69760f23d9,synthetic
10.0,5.280634320558623,9.282247386960485,4.68379552443114,3.0293884568773084,4.222351343841793,1.7507451089723012,3.727378379029959,4.774795009442109,3.631063498710234,14.815409423123855,labo,data_science,1,0,1,0,0,0,0,0,0,1,0,0,1,1,0,0,0,1,ISAIA,synthetic_corpus_v2,syn_12f12869dde8,synthetic
7.683895875893803,7.093846122898473,5.992019747586898,3.467634109155071,3.0988164494053243,5.594802910557877,3.353062392772985,2.8197906213299264,3.8774227434877746,5.108982943208774,15.117758531539245,remote,recherche_appliquee,0,0,0,0,0,0,0,0,0,1,0,1,1,0,0,1,1,1,ISAIA,synthetic_corpus_v2,syn_b1437147bf0a,synthetic
6.786432860507568,2.113043793415116,5.294633600190576,3.6459306266675053,0.03652577611866059,8.100939197214059,1.9443723286144214,1.7280712678764967,5.94438100378886,9.682568712790122,11.47868001411231,startup,commerce_gestion,0,1,0,1,0,0,0,0,0,1,0,0,1,0,0,0,0,1,CAA,synthetic_corpus_v2,syn_6b9ede8b1ee4,synthetic
6.157717371237569,4.0718102327152685,4.298370114147696,6.5232746143441345,3.463574376733512,5.605280983190517,7.603046916563249,2.8717715105389177,3.941117820246862,4.4276354653519245,12.832804456949127,terrain,genie_civil_archi,0,1,1,1,1,1,0,1,0,0,0,0,0,0,0,0,0,0,GCA,synthetic_corpus_v2,syn_c0844009a561,synthetic
3.018338423084975,2.7761789472820655,5.285028680533166,3.9524431246171114,0.4028328030448345,8.887496708136478,3.484470879829294,3.3010041632967924,6.550199077747643,9.430579293788815,14.346963689339491,bureau,commerce_gestion,0,0,0,0,0,0,0,0,1,0,0,0,1,0,0,0,0,1,EMP,synthetic_corpus_v2,syn_4f62ce080533,synthetic
4.7365364696249665,2.5267370924926045,1.9644455129057814,3.183582881507781,2.4105856109274724,7.3808061652351205,4.12105260526129,8.372809656517395,8.986958932975392,6.849045699589709,16.143475447930847,bureau,tourisme_hotellerie,0,0,1,1,1,1,1,0,0,1,1,1,0,0,0,0,1,1,TEE,synthetic_corpus_v2,syn_15b0ff3da181,synthetic
9.580232714407629,4.699366447342488,8.310390884296039,3.2018423317675357,3.9255254097688796,4.978065266985376,3.1125508497780094,2.486358981666099,4.671444953770729,5.222676251719251,12.952526806482268,labo,recherche_appliquee,1,1,0,0,0,0,0,1,0,1,0,0,1,0,0,1,0,1,ISAIA,synthetic_corpus_v2,syn_c4080e2fd69c,synthetic
7.534413427354682,2.586116050478714,7.199943442112556,2.023933589682364,2.001678040547008,8.12557023828085,2.7592939012018802,2.484677213427921,8.822767688443198,6.564967221319263,10.79615979863168,remote,finance_compta,0,1,1,1,0,1,1,0,1,0,0,0,0,1,0,0,0,1,TEH,synthetic_corpus_v2,syn_05e95d2c936a,synthetic
6.087713810994311,7.3512337034192266,6.2753105028699245,5.69263216932754,2.953530885921751,6.992173411597552,2.3650638926344665,0.0,5.005358279363244,7.280276180039996,13.263337848285897,startup,developpement_logiciel,1,1,0,1,1,1,1,1,0,0,0,0,1,0,0,1,0,1,IGGLIA,synthetic_corpus_v2,syn_cb8b22873959,synthetic
4.7718656723368404,5.503433420410763,4.910167243073918,6.9870999212454645,3.5840486951308073,6.901054211696757,2.3856665582478187,3.8631260906833003,6.162583783814074,4.63562177538573,12.972236693767917,bureau,multimedia_ux,0,0,1,0,1,0,0,0,1,0,1,1,1,0,0,1,0,0,IMTICIA,synthetic_corpus_v2,syn_d7efc202bfc6,synthetic
8.29755395284656,2.7116017093262488,3.7379800705401607,1.193673557007282,3.1085877335387653,4.632960139688784,5.737290437253484,6.523043798220205,5.9046259229880125,2.728227633141807,14.320822281663638,terrain,industrie_automatisme,0,0,0,0,0,1,1,0,1,0,0,0,0,1,1,1,0,0,ICMP,synthetic_corpus_v2,syn_ded19541a31c,synthetic
8.040650371763489,7.329556192517743,4.6997777295015934,5.900592264844422,4.3390136419781795,6.99695275781253,3.667065760805662,4.985316782756339,4.243483024041424,4.16838705842335,13.61231880272484,remote,gestion_projet_si,1,1,1,0,1,0,0,1,0,1,0,0,0,0,1,0,0,0,IGGLIA,synthetic_corpus_v2,syn_f1a3747618e5,synthetic
6.037874549218808,2.361457847691927,5.864273448821534,4.4210284978121654,1.3772627068605887,8.006368197191778,3.9890107135166675,2.990203757816644,6.326481999583584,7.2447989655743905,14.375187864063289,bureau,commerce_gestion,0,0,0,0,1,1,0,0,0,1,1,0,1,0,1,0,0,1,EMP,synthetic_corpus_v2,syn_6e449f0550f7,synthetic
5.711233901968442,3.111937385324531,8.334384064526379,2.4395135409707693,4.220565302739455,6.925183566436609,3.2585493729010517,4.546843717220199,6.225624515920235,8.98735257379957,14.738224218282335,remote,finance_compta,1,1,0,0,0,1,0,0,0,1,0,1,1,0,0,1,1,0,FIC,synthetic_corpus_v2,syn_6c83b66acf63,synthetic
5.59816416547355,4.771168230194652,4.175433543636332,2.5348479911785406,1.5185114007038665,7.079229424471078,1.1924132238119411,2.023287194344866,10.0,6.986737957871733,9.366355098927922,bureau,droit_affaires,1,1,0,0,1,1,0,0,1,1,1,0,1,1,0,1,0,1,DTJA,synthetic_corpus_v2,syn_e69ea7aeae73,synthetic
9.566158019190388,4.781633176598549,6.6517591546155606,5.133419632683499,0.672772767953568,4.056421126566266,8.005558475106621,1.9040896770934825,3.5648385828744287,3.827878296818714,12.304645258052387,startup,genie_civil_archi,1,1,0,0,1,0,1,0,1,0,1,0,1,0,1,0,1,0,GCA,synthetic_corpus_v2,syn_3a2ac20e9a11,synthetic
6.970669244339776,2.775676319261965,5.088428316589383,2.51630947737168,2.0923756571273997,9.663873108755466,2.3795057758619373,4.146854682834197,6.163864321166061,10.0,10.030605129641513,bureau,gestion_projet_si,0,1,1,0,0,1,0,0,0,1,0,0,0,0,1,1,1,1,EMP,synthetic_corpus_v2,syn_ce0fbba61cff,synthetic
10.0,4.391698294033181,1.372147813843497,1.4631194075496228,10.0,5.808021731126096,6.978951265334455,4.409311435499776,5.53431430114056,1.2572768983086928,14.830245056489176,terrain,chimie_procedes,0,1,1,1,0,0,1,0,0,0,1,0,0,0,0,1,0,1,ICMP,synthetic_corpus_v2,syn_650a915224db,synthetic
8.10321081773771,7.758394868373053,4.3401058289990555,3.882971298092658,3.543952543790056,7.773706453665088,4.4489545167019156,3.1381680544784647,7.636040621606302,6.53379193688369,12.590969869476272,atelier,gestion_projet_si,0,0,0,0,0,0,0,1,0,0,0,0,0,0,0,0,0,0,IGGLIA,synthetic_corpus_v2,syn_5e855b24f866,synthetic
5.753041758951818,9.21210880992066,4.366615435760894,3.21712516769663,3.559343101302458,8.246996444179656,2.593871189616329,1.5172555858920547,4.149472871907957,3.9243628954971497,13.311462943486568,startup,multimedia_ux,1,1,0,0,0,1,0,1,1,1,0,0,0,0,0,0,0,0,IGGLIA,synthetic_corpus_v2,syn_13d5e78e2d2b,synthetic
8.072916624652763,2.762546673355085,5.174564369029414,2.1841308140373252,1.0308849206574016,8.00604238823579,2.4688677360529034,1.8707650881014863,5.156484041592483,9.296499423756273,11.891504679106335,bureau,electronique_embarque,0,1,1,0,1,1,1,0,0,1,0,1,1,0,0,1,1,0,FIC,synthetic_corpus_v2,syn_4ece902db6aa,synthetic
0.7308473463420606,3.5940597088549877,5.884974631660784,4.89053311108278,1.5903997895764708,6.794462341431903,4.251593500293092,5.8593026245289845,10.0,6.936078148447782,13.093830179643447,bureau,tourisme_hotellerie,0,0,1,0,0,1,1,0,0,0,0,0,1,0,0,1,1,1,TEH,synthetic_corpus_v2,syn_eb2f84e77ecf,synthetic
5.29443976316413,7.704620441062792,7.256027852858602,4.086065768611537,3.268532656755039,9.14407792492284,2.0379799558632117,2.816274996922917,4.382980420035587,6.933758744119455,14.923050759310115,bureau,developpement_logiciel,1,1,0,0,1,1,1,1,0,0,0,0,1,1,0,0,0,1,IGGLIA,synthetic_corpus_v2,syn_99d7025385ef,synthetic
5.262774332239168,2.015408757580279,3.65664429224396,5.871999753159804,0.7381081215556164,8.188264272563163,1.3361386006693567,1.7615922088537461,5.259151833130235,6.450385545295802,11.951127785741603,startup,commerce_gestion,0,1,1,0,1,1,1,0,0,0,0,0,0,0,0,0,1,1,CAA,synthetic_corpus_v2,syn_ea0ce8794546,synthetic
5.277725444982022,3.0398973913830543,4.85609141916427,2.7045032184535045,2.206204961930423,6.354762512770854,1.0532741324262327,1.39077264759046,5.9272365490240695,7.518184746682504,12.509264214869347,bureau,droit_affaires,1,1,1,0,0,1,0,0,1,1,0,0,1,0,0,1,0,0,DTJA,synthetic_corpus_v2,syn_65e195a6fc06,synthetic
4.900940589930805,0.0,5.348355689085084,1.7475290715834961,3.3294215418354947,5.661395433316307,3.9691684921187447,8.944005973511597,5.521197937312639,1.4514854439575777,12.969234743036086,labo,agriculture_elevage,1,1,1,1,0,1,0,0,0,0,0,0,0,0,0,0,0,0,AEE,synthetic_corpus_v2,syn_33facf469687,synthetic
3.662805694058728,2.6552445358629035,8.361583830191977,1.5377464178749922,3.440275313359214,8.892511063262544,1.7588679352070553,2.08170302424395,10.0,9.11656213396781,12.359167877776587,startup,commerce_gestion,1,1,0,1,1,1,1,0,0,1,0,0,1,0,0,1,1,1,CAA,synthetic_corpus_v2,syn_632293136f30,synthetic
5.18172542737105,2.2395539321578175,5.644600355160438,2.527396607417019,1.5869149480038374,7.703838007765394,0.5873168998593425,2.1186910915911112,9.008300345706383,7.313066371200035,12.909778354829887,bureau,gestion_projet_si,1,0,0,0,0,1,1,1,0,1,0,0,0,0,0,0,0,0,EMP,synthetic_corpus_v2,syn_b270d65e07fa,synthetic
5.630528133976794,4.22551581855913,6.416786121869146,2.9239648071672932,0.6577632304011076,8.4199292564951,1.9896422888993226,4.625876176836018,5.453535967661423,10.0,14.26084335765234,bureau,finance_compta,0,0,0,1,0,0,0,0,0,1,0,0,1,0,0,0,1,0,FIC,synthetic_corpus_v2,syn_d11b4e3615cd,synthetic
5.981175313764626,2.9019761080478492,0.6399029080261132,4.603622672227408,3.0985235082664238,4.7880447980307625,3.5053508534906537,9.334188481128077,3.741507725979855,2.98150613054454,12.049699703572958,terrain,agriculture_elevage,0,1,0,0,0,1,0,0,1,0,0,0,0,1,1,1,0,1,AEE,synthetic_corpus_v2,syn_1bc3e25e4007,synthetic
7.130484663516608,6.582539096974148,5.409618887115897,4.963710119990517,10.0,4.0132716871349094,7.073860271886668,3.9621958619058812,4.288252300248944,4.595077827273393,9.504731531878758,atelier,electronique_embarque,1,1,0,0,0,0,1,1,0,1,1,1,0,1,0,0,0,0,ESIIA,synthetic_corpus_v2,syn_ea64845c2035,synthetic
2.345510674476743,2.278502669077053,5.211296693536031,5.02103513477333,2.814717590081266,7.131875005261197,1.813485947341059,5.512355335534617,7.650317605481001,4.870558849957425,12.384158538838992,bureau,tourisme_hotellerie,0,0,1,1,1,1,0,0,0,0,0,0,0,0,0,0,1,0,TEE,synthetic_corpus_v2,syn_ae13d2029a03,synthetic
7.800430841496634,7.4584573400602245,5.178437459272145,2.7074621370360443,3.7633028902941446,8.320979421158578,4.07897499085373,1.2953132607573885,5.849220645753082,4.247366814456286,13.103679257408903,bureau,developpement_logiciel,1,0,1,0,1,1,0,1,0,1,0,0,1,0,0,0,0,0,IGGLIA,synthetic_corpus_v2,syn_3043e0057471,synthetic
6.670508152814583,3.1676967091618162,2.3136274977527895,0.645602081792938,0.0,5.557330518674487,4.074305931553361,8.063889042261664,4.438604185316664,2.9838726902612756,11.674153238803596,terrain,agriculture_elevage,1,0,0,1,0,0,1,0,0,1,0,0,1,0,0,0,1,1,ISAIA,synthetic_corpus_v2,syn_849dd9b6e7ca,synthetic
7.3494122193301585,10.0,5.902080707026265,3.110633514050188,3.4373385188105434,6.87588248419553,3.2754690899365126,0.9338491371687048,4.417344012238742,6.528753053381812,15.484828281136416,startup,gestion_projet_si,1,1,1,0,0,1,0,1,0,1,0,0,1,0,1,1,0,1,IGGLIA,synthetic_corpus_v2,syn_91b3cf1ea4a4,synthetic
7.853714002285417,4.927857420204777,6.133808110181712,3.057626482201076,8.844423070973782,3.8422176006413453,6.834115970103575,3.1414752993235107,3.339352622506109,2.689271328118522,13.07702234370177,labo,recherche_appliquee,1,0,0,1,0,0,1,0,0,0,0,0,0,0,0,1,1,0,ESIIA,synthetic_corpus_v2,syn_57b70770189a,synthetic
5.754962333260952,7.502136011601652,5.52789326124096,6.24597640617303,4.715777062646534,10.0,3.1283299644070666,2.4953482480822804,5.370258567910294,4.93259431336014,13.417655953522974,startup,gestion_projet_si,1,0,0,0,1,1,0,0,0,0,1,1,1,0,1,1,1,1,IGGLIA,synthetic_corpus_v2,syn_cb3612fd8bb3,synthetic
5.005463286730058,4.4019155923032445,5.54898120298052,1.0371965690884197,3.714539234310857,5.887658028579269,6.952905280817448,6.002089876786899,5.443068610844695,4.711733477005032,14.829169394521315,atelier,industrie_automatisme,0,0,1,0,0,1,1,0,0,0,0,1,1,1,1,0,0,1,ICMP,synthetic_corpus_v2,syn_dae6aa370a88,synthetic
8.844546549955092,6.8564048071308985,7.561451822167484,5.7085646405729165,2.73047996467341,4.128035557429452,4.188438394269074,3.4077730788348317,4.547227927603552,4.445112734469028,14.816746461902536,remote,multimedia_ux,0,0,1,0,1,1,0,0,1,1,0,0,1,0,1,0,0,1,ISAIA,synthetic_corpus_v2,syn_1e7e249b57f6,synthetic
7.0675242050837115,6.376909676643594,3.705948018422874,4.166326116889243,8.86931505140262,4.3266071585781125,7.540405687599204,1.2540462289498548,2.029329350059345,3.07418912610902,12.014320012348572,chantier,recherche_appliquee,1,0,0,0,0,0,1,1,1,1,0,1,1,0,1,0,0,1,ESIIA,synthetic_corpus_v2,syn_c360ba108aa5,synthetic
5.642123151689265,3.9174025078923824,3.735050397059334,3.981010056948133,6.063398880682144,4.027399121344142,8.86124656460329,7.817790312724954,3.6434303355176465,2.1878015199414387,11.843937222241777,labo,chimie_procedes,1,0,0,0,0,1,1,0,1,0,0,1,1,1,1,0,0,0,ICMP,synthetic_corpus_v2,syn_16a89a12bf7d,synthetic
6.5557553809834355,6.51379566636736,5.210423490314946,4.95907447662481,7.7903149084762315,3.7121423527282236,9.260457352306652,0.38744412216117885,5.099654156443862,5.170427765177938,11.19559018374272,labo,agroalimentaire,0,0,0,1,0,0,1,1,1,0,0,1,0,1,0,0,0,0,EMII,synthetic_corpus_v2,syn_fd39546efb12,synthetic
6.38564922919373,3.3525536667799245,5.69277742827285,1.9182243142784692,2.2215928906229605,5.644378248197036,6.496303307623566,9.129035461283923,5.354285875372436,3.135944091916746,13.146979185674965,labo,agroalimentaire,0,0,1,0,1,0,1,0,0,0,0,0,0,1,1,1,0,0,IAA,synthetic_corpus_v2,syn_d7c8385011a2,synthetic
5.336579992681081,2.8980910390064585,6.74838635803559,2.830390150004521,3.4118045801550347,4.703693487707793,4.49842863710954,10.0,4.09785853273352,2.3865137027140095,15.580471973233154,labo,recherche_appliquee,1,0,0,0,0,0,0,0,0,0,1,0,1,1,0,0,1,0,PIP,synthetic_corpus_v2,syn_c703d7302509,synthetic
8.568250805626684,3.6722710079337633,6.569949876780071,3.339694969281929,0.9859766228493478,8.298952120433274,2.311330780390232,1.6963287477715192,8.879793918225609,8.28117015245778,12.62822268877041,bureau,finance_compta,0,0,0,0,0,1,1,1,0,1,0,1,1,0,0,0,0,1,FIC,synthetic_corpus_v2,syn_51593b083703,synthetic
8.657100395945553,7.97144236441746,6.563779145243737,3.5953852999695055,9.428643396797817,4.860234304695378,5.725110842865703,2.1702689345932766,3.2999312646127565,2.867619183337858,12.768735455364945,bureau,electronique_embarque,1,1,1,1,0,0,1,0,0,1,0,0,0,1,1,1,1,0,ESIIA,synthetic_corpus_v2,syn_aa652e4a0b5e,synthetic
9.114013141004177,7.185371426476779,9.904096272762386,1.6930411393130853,5.355542464751613,2.0218898279574113,3.2766476374202815,2.455449835582219,2.3882504287015607,3.8704195380420967,15.39951683395682,remote,recherche_appliquee,0,0,0,0,0,0,1,1,1,1,1,0,1,0,0,1,0,0,ISAIA,synthetic_corpus_v2,syn_0a4eb5fd62be,synthetic
7.348390892670983,3.0576061343709746,5.285532674814312,2.91836984953589,3.86250085662469,4.4624321670224,6.202415293806488,10.0,5.85308550084893,3.4888813534431424,13.90657397442571,labo,multimedia_ux,0,0,0,0,1,0,1,1,0,1,1,1,1,1,0,1,0,0,PIP,synthetic_corpus_v2,syn_497670449d2a,synthetic
8.492537829500415,9.348836605509332,5.87926960969483,3.654147346760233,2.8628443364761083,8.71962316097939,1.941506349440143,5.141277542946914,5.599192349955933,5.646939996640228,14.077206800385541,bureau,developpement_logiciel,1,0,1,1,0,1,0,1,0,0,0,1,0,1,1,0,0,0,IGGLIA,synthetic_corpus_v2,syn_9d3bf8593bc0,synthetic
7.804079284250644,6.938806407498348,2.9963203817427573,2.552830326183453,9.308797217886664,2.9526251018865066,9.03464956425502,0.0,3.424691584320771,1.904721090462446,14.689802462085048,labo,electronique_embarque,0,0,0,0,1,1,1,0,0,1,1,0,1,0,0,0,0,1,EMII,synthetic_corpus_v2,syn_e330563fbcbc,synthetic
4.097371470717145,4.566205431220226,4.739523577478276,4.904516578056137,3.966232626624276,4.92861445386939,5.804793671395517,9.564587777557751,9.53524467921563,4.813970338222884,13.951574179283627,terrain,tourisme_hotellerie,0,1,0,0,1,1,0,0,0,1,0,0,0,0,0,1,0,0,TEE,synthetic_corpus_v2,syn_2a85c449eb6b,synthetic
4.758673012080341,3.777849266049823,3.4464434730453815,4.8162264820449705,0.37592175806422934,6.936806769314744,2.7940996722906224,4.773098163274103,9.273976116078375,4.733581830483876,15.039667888818819,bureau,tourisme_hotellerie,1,0,0,0,0,1,0,1,1,0,0,0,0,0,1,0,0,0,TEE,synthetic_corpus_v2,syn_6fc25a9017da,synthetic
6.226745744034654,5.508460469756216,5.701794792418092,3.9637324467288684,7.353888710558716,4.48412781159244,8.051195163643284,3.7529548186214154,2.0720910646192356,1.884196119341702,12.181446515863856,labo,industrie_automatisme,0,1,0,0,0,1,1,1,1,1,0,1,1,0,1,0,0,1,EMII,synthetic_corpus_v2,syn_5de78f811299,synthetic
7.199336936200292,3.040846334508354,7.159766310769962,1.7409956594287406,2.1493228453389728,9.00661787793602,2.3050125230339913,1.6802366497206367,7.746250076347447,9.900929307709582,11.985855490441127,remote,finance_compta,0,0,1,0,0,1,0,0,0,0,0,0,0,1,1,1,0,1,FIC,synthetic_corpus_v2,syn_25e195593e9a,synthetic
5.420855498191452,2.430370680749131,3.902111435092661,1.319728982126669,2.8993686292638072,5.469217269727529,6.131162257651797,4.915134386314339,4.160323772926519,2.9321161540583125,15.296110756121696,terrain,chimie_procedes,1,0,1,0,0,0,0,1,0,0,0,0,1,1,0,0,1,1,ICMP,synthetic_corpus_v2,syn_5752567b9447,synthetic
5.715458799591786,3.763801053150348,2.877628217064408,3.4350805477910686,3.449259263590399,5.973998524454051,0.6197330718640572,2.8230187478250297,7.093840960273695,10.0,12.481709236922855,bureau,developpement_logiciel,0,1,0,0,0,1,0,0,0,1,0,0,1,0,1,1,1,1,DTJA,synthetic_corpus_v2,syn_8c4929df9ecb,synthetic
6.735570446179768,8.558442242344606,5.895369553460699,2.6861792838527947,2.2746693589392106,6.427674087084681,1.8898846654641435,2.4837817752830107,2.7077826634701774,5.264394229312227,11.121877450830826,bureau,developpement_logiciel,1,1,0,0,1,0,0,1,1,1,1,0,0,0,1,0,0,0,IGGLIA,synthetic_corpus_v2,syn_c3a104750de5,synthetic
6.047140753922849,5.3075298189649915,3.6883085124563513,3.5411680390378755,9.631636361261418,2.444466449753887,7.325463927583093,3.938556220801602,5.05329209280711,2.617136314426835,12.274878952740636,atelier,recherche_appliquee,1,0,1,1,0,1,1,0,0,1,0,1,1,0,0,1,1,0,ESIIA,synthetic_corpus_v2,syn_dddfeab1753d,synthetic
6.115979831280813,3.2157597981046466,2.927900545609091,2.819019765976811,1.746607515861244,8.116455239106864,2.983887892246825,4.693429153376478,7.248979547858047,8.604943848949729,14.206635018622034,remote,commerce_gestion,1,0,0,0,0,1,1,0,0,1,0,1,1,0,1,1,0,1,EMP,synthetic_corpus_v2,syn_6348151f514f,synthetic
4.846663044838012,5.946470021685991,3.6478032646423317,9.405414442111422,0.04366152039421056,6.735113841065084,2.4788352675084946,2.7604773652598467,6.807723869866969,5.067740801055073,11.386056499912208,remote,developpement_logiciel,0,1,0,0,1,0,0,0,0,0,1,0,0,1,0,0,1,0,IMTICIA,synthetic_corpus_v2,syn_a7047d0d0579,synthetic
6.599942616423355,2.457090913808948,5.911622383069662,4.147185875484887,0.5293435312104893,8.35839315557215,2.9668893822529974,2.9177704719665485,5.055794272760662,6.996112542099691,13.50356271561902,remote,finance_compta,0,0,1,0,1,1,1,0,0,0,1,1,1,0,1,0,1,0,FIC,synthetic_corpus_v2,syn_02f563822430,synthetic
9.157255721853357,5.475164124450533,5.006954451494091,3.611776658366069,2.634503938885656,3.6794893558611994,3.6811845349948813,4.474823088279827,3.4562817913905053,4.349514886126511,13.343443745528683,bureau,recherche_appliquee,1,0,1,0,1,1,1,1,0,1,1,0,1,0,0,0,0,0,ISAIA,synthetic_corpus_v2,syn_e316525525c0,synthetic
5.786192569724747,4.428071681833633,5.972266624140927,4.093153907648524,1.9216104930087743,5.061871584932762,6.234274359943387,8.22918553699196,4.424259757549944,5.260659449940618,13.697969820409536,labo,pharmacie,1,0,0,0,1,1,1,0,1,0,1,1,0,0,1,1,0,0,PIP,synthetic_corpus_v2,syn_6acf19a4bf08,synthetic
6.673089613792261,3.376550622027365,6.474523088277871,1.4088141662599483,3.7176862164265425,6.11019908448508,3.6733816883549846,6.334116293689291,4.501613657623227,4.37751640143977,11.059929171670786,terrain,agroalimentaire,0,0,0,0,0,1,1,1,0,0,0,0,0,1,1,1,0,1,IAA,synthetic_corpus_v2,syn_8b85c62806f5,synthetic
8.071771544068115,2.6431000021511886,4.473910708211752,5.018999363181558,1.8120776498058777,5.351006104280757,7.639475112683824,2.296390162101239,4.650392002298785,3.337073145977875,12.617402698743192,bureau,genie_civil_archi,1,1,0,0,1,0,1,1,0,0,0,0,1,0,1,0,0,1,GCA,synthetic_corpus_v2,syn_f2522ba54fc2,synthetic
3.5631630274101895,2.783171903950112,7.465415724735346,5.210029413523893,2.340868231116688,4.792215455136012,4.540070481228224,8.763162542232456,6.832894530269064,4.659100367804129,13.99976662613241,bureau,agroalimentaire,0,1,1,1,0,0,1,0,0,0,0,0,1,1,0,1,1,0,IAA,synthetic_corpus_v2,syn_01450a5ff634,synthetic
5.405659790793143,5.570862322216657,4.423295099303779,10.0,3.5107450499132726,5.107188257759834,5.203875823908433,2.5298290565232153,7.820075152822531,3.035336327661603,12.557202235759922,bureau,developpement_logiciel,0,1,1,1,1,1,0,0,0,1,1,1,1,1,1,0,0,0,IMTICIA,synthetic_corpus_v2,syn_597ff1351e40,synthetic
8.936047183889572,4.597154034148361,2.9521946272183346,7.277673291720495,3.890092832648411,6.93234913631541,6.971396803238922,2.8156048064061925,3.889853510837734,4.262824456099544,12.409536085314901,bureau,genie_civil_archi,1,0,0,1,1,0,0,1,0,0,0,1,0,0,1,0,0,0,GCA,synthetic_corpus_v2,syn_1b5adb2bde49,synthetic
7.604726663000378,7.638275368287504,4.59061182233003,3.674804689163916,7.873432102108428,3.5688616555758887,8.20825529176475,4.828420555383435,3.7437008724382013,5.856408685039989,12.18515240077444,labo,recherche_appliquee,1,1,0,1,1,0,1,0,1,0,0,1,1,0,1,0,0,0,ESIIA,synthetic_corpus_v2,syn_687eb872a423,synthetic
3.911607128768564,2.7892869085740433,4.5084274649951155,3.9716923735896654,0.41712121510418276,3.4435751643397614,5.966185179197018,8.383292885651393,3.1194622246474344,3.9836301253958815,11.738905979976032,labo,gestion_projet_si,0,0,0,0,1,0,1,0,0,0,1,0,0,1,1,1,0,0,AEE,synthetic_corpus_v2,syn_9599a0cdf0a7,synthetic
5.640345569572469,2.4699805185240833,2.4893835936330317,1.5195371241935305,3.464381619454953,6.535999321189331,2.8974600639232175,9.955604775828219,1.7059414709612835,3.810463187581781,11.990647609348741,labo,agriculture_elevage,1,0,0,0,0,0,1,0,0,0,0,0,0,0,0,1,0,0,AEE,synthetic_corpus_v2,syn_9794537ecf29,synthetic
7.203911276092597,3.1324854429655917,5.768660220556537,3.215961264780409,0.0,4.685577670748466,3.476446315823389,8.256328006336382,5.937021952860568,4.077000289564725,16.159390005339198,labo,recherche_appliquee,0,0,0,0,0,0,1,0,0,0,0,0,1,0,1,0,0,1,PIP,synthetic_corpus_v2,syn_a1a7ce232062,synthetic
4.761143797010164,1.3205720298999837,3.3888682243996504,4.175455061375194,2.1924722969464234,4.609859542950644,7.270878090929434,7.662240691216745,4.585184612497742,3.544410963795008,11.76307728161524,bureau,pharmacie,0,0,0,1,0,0,1,1,0,0,0,0,1,0,0,0,0,0,PIP,synthetic_corpus_v2,syn_080974d6c7ed,synthetic
3.597240978595494,2.70398588789479,4.1349438696473735,6.386711714547034,2.331655033339575,4.762981183149858,4.142445494668745,5.787902593099382,8.71725127629918,5.15510009340901,13.561772829158336,remote,tourisme_hotellerie,1,0,0,0,1,1,0,0,0,0,0,1,0,0,1,1,1,1,TEE,synthetic_corpus_v2,syn_1d036eea1d2d,synthetic
4.785203160092879,7.93845192766552,3.47957014896366,8.892905299302567,1.9662124296786758,4.078764941548052,4.664323329654685,3.8800197959418554,5.073581458654559,3.110721112708153,12.773178520260819,remote,developpement_logiciel,0,0,0,1,1,0,0,0,0,0,0,1,0,0,0,1,1,1,IMTICIA,synthetic_corpus_v2,syn_1abad2c92058,synthetic
5.0783620592273175,4.264720652741959,4.388308181298969,4.932121085282171,3.1307013032910644,4.970653626736857,3.618692861624041,5.96617620173727,9.185145660960853,4.751696824429025,12.240592316037286,chantier,tourisme_hotellerie,0,1,0,0,1,1,0,1,0,1,1,1,0,1,0,1,1,0,TEE,synthetic_corpus_v2,syn_84b192687044,synthetic
3.9054928934534905,2.269253364254127,3.604472904204492,3.461437291684976,0.0,9.869973078016345,3.39735906309002,1.7827915343667136,4.7220564517340655,6.862304931627295,13.521904020990785,remote,commerce_gestion,0,0,1,0,0,1,1,0,0,1,0,0,0,0,0,0,0,1,CAA,synthetic_corpus_v2,syn_f4e92b96056c,synthetic
8.13086771795907,3.609938804866574,5.074744407581636,4.777864013515191,3.7971637515328154,5.838598828703832,8.321523041109048,7.267849239471747,2.2766913828611077,2.735438404416579,14.660912208474148,labo,industrie_automatisme,0,1,0,1,1,1,1,1,0,0,0,0,0,1,0,0,1,1,ICMP,synthetic_corpus_v2,syn_5fe459dea348,synthetic
6.924038414881202,6.137133378169086,3.9059392366182264,4.618042908175833,1.304370735336719,9.352949826726464,2.015541657043688,2.061224960344993,5.73950065706736,8.624009185554444,15.066552994833327,startup,commerce_gestion,0,0,0,0,1,1,0,1,0,1,0,0,0,1,0,1,1,0,CAA,synthetic_corpus_v2,syn_8f67beef8a2d,synthetic
6.311011737564796,5.841183294272578,9.054151541883071,4.613380671811679,3.8870664645898856,6.1467656280277705,3.7239406176386356,2.327461246632555,3.3809327704220298,6.369902304943245,15.170968248173327,bureau,data_science,0,1,1,1,0,1,1,1,1,1,1,1,0,1,1,0,0,0,ISAIA,synthetic_corpus_v2,syn_50a9f7c7e1b6,synthetic
8.250031732199755,5.975357632757084,8.808430565742807,3.5206074408004855,1.539856994356949,4.173019993438351,3.6998179902054327,4.889870331037167,5.943618279358697,3.12809964193596,16.0084765855869,bureau,recherche_appliquee,1,0,1,0,0,0,0,0,0,1,0,1,1,0,0,0,0,1,ISAIA,synthetic_corpus_v2,syn_ee5671b74c1d,synthetic
3.576883472183783,5.726976547823615,5.524503168710645,8.162733362698901,2.0931942060401365,6.43989210674164,0.9165453729733728,0.7496542134410273,4.344971864168311,2.68089925592507,10.136563042037238,remote,multimedia_ux,0,1,0,0,1,1,0,0,1,1,0,0,1,1,1,0,0,0,IMTICIA,synthetic_corpus_v2,syn_09b92a50ddcc,synthetic
5.233865745243165,8.791856336757519,5.590200208373377,4.842501570750978,3.455143382243502,7.77906757641679,5.669098594736181,2.278653338046066,2.5273542673216634,6.117897984226379,14.800631503132196,remote,industrie_automatisme,1,0,1,1,0,1,0,0,0,1,1,1,1,1,0,0,0,0,IGGLIA,synthetic_corpus_v2,syn_559e70e58f09,synthetic
8.484050746070018,3.257930591311556,4.124539298008289,4.548373370217055,4.629090893109099,5.659024946260336,7.53539807827703,3.7614751276067153,5.8433640827875974,5.065312979464098,12.494355885864525,startup,genie_civil_archi,0,0,1,0,1,0,0,0,0,0,0,0,1,0,1,0,0,1,GCA,synthetic_corpus_v2,syn_e292d2c99013,synthetic
5.995384097867521,4.071897027135816,5.6492320647238765,0.9559393073824336,4.0947440132356965,4.589711269718954,5.307792126967824,9.310590562244839,2.981565165258881,2.525879175123378,14.26704772514262,bureau,recherche_appliquee,0,1,0,0,0,1,1,0,0,1,0,0,1,0,0,0,1,0,PIP,synthetic_corpus_v2,syn_524f73b1f913,synthetic
8.174275787615933,1.582821457195923,5.847655260315961,3.0378217781511685,0.5490782193257984,9.616667679992476,3.935742440320726,3.2683589719815824,7.190909115424909,7.669126372418391,13.480885373347663,bureau,gestion_projet_si,0,0,1,0,1,1,0,0,0,1,0,0,0,0,0,0,0,0,EMP,synthetic_corpus_v2,syn_51c82244e438,synthetic
7.697038060871237,5.6792798163515155,5.8904917018507446,8.266276718953668,1.2895388140995896,3.684718606668186,7.418796965343914,4.782036070899911,5.33853469699554,1.8616811615479434,12.587079926854322,terrain,agriculture_elevage,0,0,1,1,1,0,0,0,1,0,1,0,1,1,1,0,1,0,GCA,synthetic_corpus_v2,syn_fbdc1b2d4d20,synthetic
6.445276000700513,3.747448901554542,3.397312240798569,2.0045329173961086,3.356675031893644,4.251510602559105,7.33053608925625,5.823900640590809,6.022302137473909,3.4585171350854123,13.858607992498618,labo,industrie_automatisme,0,0,0,0,1,0,1,0,0,0,0,0,1,1,1,1,1,0,ICMP,synthetic_corpus_v2,syn_636cb7e443e4,synthetic
9.229813565359409,3.4531480157000005,5.14626614757306,2.2051170578457198,2.6665244756933677,4.474691165761197,5.240909595513681,6.534320571268664,3.4077816832287477,4.786839868069585,13.098434713934456,atelier,chimie_procedes,0,1,0,0,0,1,1,0,0,0,0,0,1,1,0,0,0,0,ICMP,synthetic_corpus_v2,syn_bd117c1ef85c,synthetic
6.98832264794904,3.576014145011879,3.5388451652961055,10.0,3.1181757303347517,6.1533292972654525,1.9831932155572092,1.2069835377373155,7.443576125614264,3.4275013978535593,17.365610929561026,bureau,developpement_logiciel,1,0,0,0,1,0,1,0,0,0,0,1,0,1,0,1,1,0,IMTICIA,synthetic_corpus_v2,syn_c3b970829cb0,synthetic
5.321483618840681,0.9751151566935543,5.736869724059953,4.458523889108866,2.653031725959966,4.770420568283517,4.168829237313585,9.643855131480803,3.2838632184821854,4.158652107474345,11.939269328718492,labo,developpement_logiciel,0,0,0,1,0,1,0,0,0,1,0,0,1,1,1,0,0,0,AEE,synthetic_corpus_v2,syn_d8e7ad6bf66b,synthetic
4.750658860235359,8.390867194671634,5.0652920784187705,4.805158760009148,7.539013245983627,6.870565787175962,6.091912571505523,3.1677258711949587,1.0432379186375558,2.4469402406868577,12.89507472643933,atelier,electronique_embarque,1,0,0,1,0,0,0,1,1,1,0,1,0,1,1,0,0,0,ESIIA,synthetic_corpus_v2,syn_93b54e16c40f,synthetic
5.086290787191302,1.5477483012081898,1.9096377966475093,3.863487389907613,0.8022151701255541,7.339616098370222,2.2924874841478737,2.814854051336221,9.078523032287636,9.58275532835978,13.928103739391632,bureau,droit_affaires,0,0,0,0,1,1,0,0,0,0,1,0,1,0,0,1,0,1,DTJA,synthetic_corpus_v2,syn_8945432551a8,synthetic
5.079009033001988,1.5333579099870067,3.3275962191196724,4.395384020209625,1.5570989750216806,6.833226325674263,3.9825927095719864,3.683552671876554,6.708413729258422,9.132412842372984,12.412965423940006,bureau,droit_affaires,0,0,0,0,0,0,1,0,0,0,0,1,0,0,1,0,0,1,DTJA,synthetic_corpus_v2,syn_2a8e5bf543b7,synthetic
6.010229132622392,2.740196465661641,5.134568932716854,4.822405705268412,0.9557100504733438,8.510066237248218,2.2290715015709974,1.4146004920741913,7.976512738698912,6.014630071518505,10.467044982041841,startup,commerce_gestion,0,0,1,0,1,1,0,0,1,0,1,1,0,0,1,0,0,1,CAA,synthetic_corpus_v2,syn_7f59ed5abee3,synthetic
3.9517343075981457,2.159893361722662,5.669477785348161,1.998749679975286,1.9237179351138494,7.304151384439389,6.435650740473955,9.050415385880534,2.2770629174708437,1.525850143878269,12.692245736093914,terrain,agriculture_elevage,0,0,0,1,1,0,1,0,1,0,0,0,0,0,0,0,0,0,AEE,synthetic_corpus_v2,syn_8c16dd8b0142,synthetic
9.192059753887381,5.75580248959898,7.10900471943747,1.8671697841043131,1.6361028743783008,5.363331174265585,4.335948650078234,0.2973868381860232,6.6811347938114505,4.855248329475931,13.253753754558584,chantier,recherche_appliquee,1,0,0,1,1,0,0,1,1,1,0,0,0,0,1,1,0,1,ISAIA,synthetic_corpus_v2,syn_72dd16958bfc,synthetic
6.48533385430513,3.4965083054350683,5.219551144482586,0.5236213521857453,2.427453558560969,6.371868916433081,6.7318331909009075,10.0,5.077311693241427,2.626543063194576,13.390370768477036,bureau,recherche_appliquee,1,1,1,0,0,0,1,0,0,0,0,0,1,1,1,0,0,1,PIP,synthetic_corpus_v2,syn_ff1c96f5f8a3,synthetic
4.7816244809091035,2.344281206183491,5.45669721423131,3.5783545095989484,1.1552438155078057,8.597541620980087,1.3537785330026488,1.5262131003186385,8.176147103717842,9.81075482146417,13.692711020167037,bureau,droit_affaires,0,0,1,1,1,1,0,1,1,1,1,0,0,0,0,0,0,0,DTJA,synthetic_corpus_v2,syn_8f1416c8a323,synthetic
6.454316805358574,3.9305680068045508,3.308484370056221,4.456029248714268,3.102385419515379,5.710880985644124,4.743655142639021,7.09271557461583,2.661024167446592,2.565996084326685,18.292584108358902,terrain,agroalimentaire,1,0,0,0,0,1,1,0,1,0,0,0,0,0,1,1,1,0,IAA,synthetic_corpus_v2,syn_859bb6273dd0,synthetic
7.801948570047864,4.953989960900111,6.356586280026787,2.4241705413980457,1.2185434154745394,7.602798798846454,1.1530248679140203,1.9907127108132183,7.2568947320734365,7.23897011611889,13.228192215686263,remote,finance_compta,0,0,1,1,0,1,0,0,1,1,0,0,1,1,0,0,0,0,FIC,synthetic_corpus_v2,syn_ff622332e42b,synthetic
5.168585672916226,4.433030943598341,4.7206289403512285,2.8427980794901173,3.819477697335098,5.471720660913075,2.90940397821101,7.295332017442667,6.693560981071122,3.619941720169461,12.575792344064487,terrain,agriculture_elevage,1,1,1,0,1,0,1,1,1,1,1,0,0,0,0,1,0,0,AEE,synthetic_corpus_v2,syn_43c7ec7d8ba3,synthetic
7.157299666537947,4.012319643263199,4.295436670258208,4.831165833783028,2.2986945703987054,4.446779635592307,3.49081937627283,5.824877891707002,6.8083886904733575,4.848970937532555,11.208181287115956,terrain,tourisme_hotellerie,0,0,0,1,0,1,0,0,1,1,1,0,0,0,0,1,1,0,TEH,synthetic_corpus_v2,syn_21dbbf4258db,synthetic
6.4841003445850935,0.4000256740185253,4.9316312685452015,1.4819865688810954,2.091059363303371,5.057439083291824,6.1682993777401585,7.310785852709319,4.502454529577314,1.7248034371329801,14.092077621417685,labo,chimie_procedes,1,0,0,0,0,0,1,0,0,0,0,0,1,0,1,0,1,0,ICMP,synthetic_corpus_v2,syn_46585edf798f,synthetic
6.7239186587121225,1.569391409360338,3.849849915658388,1.6181859091485933,5.538136587723427,5.821192662770675,5.867999019581258,8.947496698988957,5.020812927114538,2.6128691626998495,11.50663166023446,atelier,agroalimentaire,0,0,0,1,0,0,1,1,0,0,1,1,0,0,0,1,0,0,IAA,synthetic_corpus_v2,syn_84cf9eb4e0fb,synthetic
4.200541299029547,2.5206443652527954,4.0174817684520825,3.3385552993018908,1.898112059310246,8.866730248686578,3.8482144153476723,2.3003579541691708,9.075610772459179,7.222980659248665,13.920497795007304,bureau,droit_affaires,1,0,0,0,0,0,1,0,1,1,1,0,1,0,0,1,0,1,DTJA,synthetic_corpus_v2,syn_98d4458375e1,synthetic
8.715557060008347,1.9690307611297853,5.546940222510996,3.701403577419233,5.064097690979167,2.773567533812212,6.15088407520223,6.74382932828052,5.005153558733687,2.9864784985545985,13.94246902218006,atelier,chimie_procedes,1,0,0,1,0,1,0,1,0,1,1,0,0,1,0,0,0,0,ICMP,synthetic_corpus_v2,syn_df38d29f4fd1,synthetic
5.26098895225434,2.45351337277217,3.820950089375818,6.234384016569957,1.8508163142140694,7.437686291056055,5.138180236194278,7.932546197480905,9.12891967472802,5.118050495513877,12.010770201393617,bureau,tourisme_hotellerie,0,0,0,0,0,1,0,0,0,0,0,0,1,0,0,1,0,1,TEE,synthetic_corpus_v2,syn_7ab8bf05bc48,synthetic
6.827621595225209,6.506017045811539,1.9252607073948815,1.995970563604893,3.706667984784451,1.8328735773566112,8.846086945803124,1.492542712429609,4.395254399489476,4.341345891335054,12.595721620212037,chantier,industrie_automatisme,0,1,0,1,0,0,1,0,1,0,0,1,0,0,0,0,0,0,EMII,synthetic_corpus_v2,syn_094950a21ca1,synthetic
5.817417561023621,3.919550362164589,3.6553153436738146,6.546650800703056,3.155617832466504,7.322768303659186,1.9446730514096435,0.6603799490832261,5.021994607738352,8.476159502878087,9.120102052069745,startup,commerce_gestion,1,0,0,0,0,1,0,1,1,1,0,0,0,0,0,1,0,1,CAA,synthetic_corpus_v2,syn_d231a4560581,synthetic
7.921697743876429,7.79871927194581,6.0812042570361236,5.360591491175556,4.502951079375878,9.635203275376654,6.867528379179111,0.706414214124206,3.114055917977679,3.268936087388634,16.39368946981077,bureau,developpement_logiciel,1,0,1,1,0,1,0,1,0,0,0,0,1,1,0,0,1,0,IGGLIA,synthetic_corpus_v2,syn_b57b308a6da9,synthetic
7.1289510533981115,5.481269248513935,4.2681153528898,8.805713613473017,1.718366191593508,6.247826459899855,4.694443438219737,1.016481991180383,7.620865168413906,2.0428037885424737,12.044356445539467,remote,multimedia_ux,0,1,0,1,0,0,1,0,1,0,1,0,0,0,0,1,0,1,GCA,synthetic_corpus_v2,syn_9df7f505ed74,synthetic
4.856144129864239,3.5134417309152948,4.102782375674311,1.0281505324919353,1.7359602874934779,3.3261392197436654,4.4874955659751405,8.827397541303085,5.011597690732598,1.8909462334714653,13.147705009622323,terrain,agriculture_elevage,0,0,1,0,0,1,1,1,0,1,1,0,1,0,1,0,0,0,AEE,synthetic_corpus_v2,syn_ec5f53cd0b51,synthetic
7.093296204439992,4.667967834416386,3.8945359311346808,3.399999921690145,7.670065521501461,5.218077736617291,7.488713070098719,4.092218808676856,3.847669527456355,6.04732090894884,11.487143298943803,remote,industrie_automatisme,0,1,0,1,0,0,0,1,1,0,0,1,1,1,0,1,0,0,EMII,synthetic_corpus_v2,syn_ec181cc26052,synthetic
8.60833490222063,5.0978914247817855,5.306095962723212,3.2333002347128676,8.406933006624698,3.2371686653494205,9.915491366174248,3.22255147579327,4.042375030881936,4.6618143064301165,12.574084897503194,labo,industrie_automatisme,1,0,1,1,0,0,1,0,0,1,0,0,0,1,0,0,0,1,EMII,synthetic_corpus_v2,syn_10e9bed595a2,synthetic
4.52690720395327,6.312734742908786,3.3493714542622515,7.4971362371860675,2.0153209911518295,4.636275431140441,4.149137440805497,1.6371829735402956,5.971219173655276,4.473571240211207,12.956109454528582,startup,multimedia_ux,1,1,0,0,1,0,0,1,1,1,1,1,0,0,0,0,0,1,IMTICIA,synthetic_corpus_v2,syn_b8184110cc7c,synthetic
8.082096399359687,4.780541623828046,5.663930301303507,6.518298217046393,2.6267456076030102,5.754932570498232,7.787909375378018,4.487655761072176,7.277461341427747,2.5838674504174888,13.509162777349536,bureau,genie_civil_archi,1,0,0,0,0,0,1,0,1,1,1,0,1,0,0,0,1,0,GCA,synthetic_corpus_v2,syn_2fbf3e63ee62,synthetic
6.542092785312727,0.8521426428851844,3.791767997770241,1.7981888869920328,3.767818851568929,3.9931812718866837,6.2926838492353605,10.0,5.548268438865629,1.0501632135472945,11.736079775745775,labo,agroalimentaire,1,0,1,0,1,0,1,0,0,1,0,0,0,1,1,1,0,0,IAA,synthetic_corpus_v2,syn_555fcabc98b7,synthetic
5.53502118483913,2.241447843775578,5.723524615638033,1.6593638108724726,3.9289976838487926,4.946900368244435,5.496611197671495,9.63725093268268,3.145126599431882,4.476953692882697,12.848490387455836,labo,pharmacie,0,0,0,1,1,1,1,0,0,0,0,1,1,0,0,1,1,1,PIP,synthetic_corpus_v2,syn_cabae23ddc4e,synthetic
7.054750354519363,6.458623951233248,6.238382352872554,5.255850460570432,4.014290494380381,6.279428014454814,2.487919310858837,1.5459259291549454,4.883508683822456,5.98053129359133,10.422528336260978,startup,electronique_embarque,1,0,0,0,0,1,0,0,0,0,0,1,0,0,0,0,0,0,IGGLIA,synthetic_corpus_v2,syn_156074ce173e,synthetic
6.494250718123379,3.5075312508683854,4.518026287003085,1.8863082908885072,0.7191361600177086,7.833534819656195,4.970249939365411,1.4027033499651873,6.5936803215727995,8.072646493231701,13.212130823783289,remote,commerce_gestion,0,0,1,1,0,1,0,0,0,1,1,1,0,0,1,1,0,1,CAA,synthetic_corpus_v2,syn_4c2734fa2076,synthetic
8.651318343803794,2.902503874380677,5.406573677961792,3.3120270878552427,1.4742440513218535,4.095687869480418,7.2102995134045225,10.0,5.092003105330711,2.410439380688201,14.79999175979549,atelier,chimie_procedes,0,1,1,0,0,1,1,1,0,1,0,1,1,0,1,0,0,0,ICMP,synthetic_corpus_v2,syn_42d185822b50,synthetic
6.768906072985084,5.201615210597135,5.917546476174094,3.560144558062441,0.998670626089404,6.821569374331624,3.9846683101609948,2.9770145804813715,5.513348194605011,6.917381121360671,13.821374796272186,remote,gestion_projet_si,0,1,1,0,0,1,0,0,1,1,1,0,0,0,0,1,1,1,EMP,synthetic_corpus_v2,syn_d962b0a176ba,synthetic
8.390207006507023,1.6592643306990287,4.7161032614764515,1.7840130584592315,4.192813983510235,2.8664900473081136,7.134995808196205,6.830614539934118,4.230772477407091,2.798209723694094,14.664992239553214,terrain,gestion_projet_si,1,0,0,1,0,1,0,0,1,0,0,1,1,1,0,0,1,1,ICMP,synthetic_corpus_v2,syn_29de2f99cf29,synthetic
8.099300806513941,4.842126311686252,5.162806189026086,3.404793220865976,9.766861514012312,3.0666610130973524,8.420591862234236,2.6894749065506427,1.519832088861592,3.528337962090719,12.53752235464233,atelier,electronique_embarque,0,0,1,1,0,0,1,1,1,0,0,1,0,1,0,1,0,0,EMII,synthetic_corpus_v2,syn_61d1de087364,synthetic
7.476149229221575,2.9900385086193713,6.45851164096775,4.03689651596004,3.8677454721748474,4.136213831555436,7.751738352380741,2.750482424678891,3.884190126160723,2.684868719089488,10.66120354483386,chantier,genie_civil_archi,0,1,1,0,1,0,1,0,0,0,0,0,1,1,0,0,1,1,GCA,synthetic_corpus_v2,syn_ecf4e442c4b6,synthetic
3.32138650934955,4.889984609174614,4.79947409268563,4.8479881174080575,2.7695731086248747,9.068106020940602,1.7411812467747754,1.6160622002722147,8.097355730460265,7.38503023244719,11.452144331678047,remote,agriculture_elevage,1,0,1,0,0,0,1,1,0,1,1,1,1,0,1,1,0,1,CAA,synthetic_corpus_v2,syn_1b6e019e56f7,synthetic
7.206596787592701,3.9268989650758215,3.9052203137523436,5.346332850969262,3.0915257279586514,5.849489161434208,7.8513476308579735,3.5796551831344727,5.364467923285198,4.7962990696386,13.857105093152322,bureau,developpement_logiciel,1,0,0,1,0,0,1,0,0,0,0,0,1,1,1,1,0,0,GCA,synthetic_corpus_v2,syn_f21dba499fca,synthetic
7.964803391891092,4.149027352506287,2.593867307926411,5.810999843438833,2.402411364876785,5.795593066083955,9.412548691988412,3.3342689836194275,4.135861489288198,4.028920362302602,13.456102758622759,bureau,genie_civil_archi,1,1,0,0,1,0,0,0,1,1,0,1,1,0,1,1,1,0,GCA,synthetic_corpus_v2,syn_f5426bde24ae,synthetic
8.387672492165287,2.3556463757764674,4.900332924582483,3.387385726315333,3.542140260552289,6.7892419776556014,5.542898240681843,10.0,5.852000911327505,4.961950764767076,11.69959856370576,labo,agroalimentaire,0,0,0,0,0,1,1,0,1,0,0,0,1,1,0,1,0,0,IAA,synthetic_corpus_v2,syn_20ce1a3d3d12,synthetic
2.166506856126763,3.94364201138138,2.675367266061874,4.4263243866861774,1.705395414373348,9.565041710322742,3.348043563884623,2.512305512561354,8.099198931911884,8.329184023823785,13.204042419292222,bureau,droit_affaires,0,0,1,0,1,1,0,0,1,1,1,1,0,0,0,1,1,1,DTJA,synthetic_corpus_v2,syn_407c359092f9,synthetic
6.965498534748947,5.848526526233861,7.662400169751347,2.645862344310617,1.7374104437795983,4.674744323980787,3.1447789958080907,3.037839523776645,3.7017038566550013,3.660885327317105,13.695313789889717,bureau,recherche_appliquee,0,0,1,0,0,0,1,1,0,1,0,0,0,0,0,0,1,1,ISAIA,synthetic_corpus_v2,syn_98c7547482df,synthetic
5.21233450018546,5.0868930406549495,7.893584605919623,3.5902379782057254,7.2447774598818,5.258768021460166,6.50906797383862,7.436562183706359,5.091498666210138,2.0375159736349966,13.966028042963748,labo,agroalimentaire,1,0,1,0,0,1,1,0,1,0,0,0,1,1,0,1,0,1,IAA,synthetic_corpus_v2,syn_1ec5bebf0712,synthetic
4.949768104139779,3.3114628963748873,5.6608436678669225,3.958413535334049,1.0198898690473377,4.43528047212755,4.7012834184874706,7.311526464640145,4.970746385286067,4.7640349063761445,11.756079977976082,labo,agriculture_elevage,0,0,0,0,1,0,1,0,0,1,0,0,0,1,0,0,0,0,AEE,synthetic_corpus_v2,syn_002180b66eff,synthetic
8.779503845219775,7.450710823688636,2.5623590525348034,3.1287335945440895,7.743439161510653,2.9227047293239976,7.564066908184892,2.961893818785386,1.9113848809280252,1.9830672859099154,12.119166378439699,atelier,commerce_gestion,0,0,0,1,0,0,1,1,0,0,1,1,0,0,1,1,0,0,ESIIA,synthetic_corpus_v2,syn_4d16c45c0524,synthetic
5.1644082155325695,3.5651560997678264,4.276780322560782,5.4490003510368155,2.581159912583816,6.363931421768234,3.2479435443639364,0.6901167028737536,6.319436738821557,7.9072758114725366,11.745062767927593,startup,commerce_gestion,0,1,1,0,0,0,0,0,1,1,0,0,1,0,0,0,0,0,CAA,synthetic_corpus_v2,syn_0d634e83ab79,synthetic
8.676611328155536,6.983648848023562,6.696015433504005,2.0961243960486025,5.203029218180641,5.784529456440078,4.390943235277876,2.3522353271642844,3.284646275513708,3.644952903090603,12.941120387263682,bureau,data_science,1,0,0,0,0,0,1,1,0,1,0,0,1,1,0,1,0,1,ISAIA,synthetic_corpus_v2,syn_88ae0790798b,synthetic
5.3589246861277,3.421368951619759,4.076985418823319,3.279983766505171,1.8651908596732447,7.308490416565485,2.9652405332969485,0.9663586868544936,4.437149250044373,8.159418664229863,12.006638844955543,bureau,droit_affaires,1,0,1,0,0,1,0,0,0,0,1,0,0,0,0,1,1,0,DTJA,synthetic_corpus_v2,syn_4423135c6c3c,synthetic
4.980908534694136,7.216209945186748,4.513328093455138,7.826399162872444,3.4586018529908196,4.41142640414053,4.283664962111094,5.922033989029844,6.084993837046866,4.130664037636535,10.677164089225329,remote,multimedia_ux,0,1,0,0,0,1,1,0,1,1,1,1,0,0,1,1,1,0,IMTICIA,synthetic_corpus_v2,syn_67d8dd2c32e2,synthetic
7.876507299948493,5.018011459341334,6.313750268544708,4.370598831114138,1.065137099407782,6.112424388395942,4.493739201099927,2.5388478618165196,6.242815180624599,7.776572132323649,12.063368231487267,remote,finance_compta,1,0,1,0,1,1,0,1,0,0,0,1,1,0,1,0,1,0,FIC,synthetic_corpus_v2,syn_25e2a79edb81,synthetic
3.863300300046311,6.790303273821579,6.227726170618997,8.091518143862835,1.400454608396755,5.7945467340472545,2.6153189904396776,4.9266623859715555,5.012003446896978,2.292632274446957,11.825388546961879,startup,developpement_logiciel,0,1,1,0,0,0,0,0,1,1,1,1,0,0,0,0,0,1,IMTICIA,synthetic_corpus_v2,syn_4641cf16e776,synthetic
8.595435363831818,5.894299547484791,4.230753504116219,6.0650098796376195,2.97364196500796,5.670197160241839,7.232979677793865,2.3806357170211423,4.430519030168405,3.161670045286295,12.052101297615753,chantier,genie_civil_archi,0,0,0,1,1,0,1,0,0,0,0,0,0,1,0,0,0,0,GCA,synthetic_corpus_v2,syn_83f387021413,synthetic
5.11867665252692,1.1674628199709745,4.988659618241558,4.776567195449679,0.6624791639973271,4.716290441777112,3.3498595382436527,6.671620483654812,9.313141055924145,4.848435774376207,13.525831298873136,terrain,tourisme_hotellerie,0,0,1,0,0,0,0,1,0,1,0,0,0,0,1,1,1,0,TEE,synthetic_corpus_v2,syn_3610e4a647a2,synthetic
5.163349681828567,3.9850816698761387,3.5321165806005865,4.5121826789023265,5.204585738970714,5.31581530216404,7.257200649100083,2.533237744473267,4.24234712588639,3.0729639055525113,13.999382833596643,labo,industrie_automatisme,0,1,0,1,0,0,1,1,0,0,0,1,0,1,0,0,1,0,EMII,synthetic_corpus_v2,syn_950d265249df,synthetic
5.0239659988161085,1.5632433948737634,5.835389624915854,1.4570593158810392,2.8623240009521087,4.7702667708877735,5.241050035494613,8.637491281158388,5.177877823715841,2.432240321943424,16.8102842977063,bureau,recherche_appliquee,1,0,0,0,1,0,1,0,0,1,0,1,0,0,1,1,0,0,PIP,synthetic_corpus_v2,syn_4b4b4e2219d1,synthetic
3.417420320941269,1.755666577067156,3.248635656759528,4.147373078298698,1.2887440787039244,5.88467679783113,1.884770237007846,3.5960277312114695,8.616089406141569,6.393032292334571,12.399685826331988,terrain,commerce_gestion,0,0,1,0,0,1,0,0,0,0,1,0,0,0,0,0,0,1,TEH,synthetic_corpus_v2,syn_13da9134a7e3,synthetic
7.257708580970374,3.6165329996684314,7.065977452651416,2.263809045134546,3.270911410752379,3.7366519783735783,6.863212879825933,8.819030509171348,4.845046686267161,3.2305384554518843,14.505677096987787,bureau,pharmacie,0,0,0,0,0,0,0,0,0,0,1,1,1,0,0,1,0,1,PIP,synthetic_corpus_v2,syn_8ff44bad4581,synthetic
9.199938471625051,7.649970511454607,3.501747346145766,3.142042276688631,9.377158335726584,3.9117840206629904,7.361077910202269,0.9287575270003634,4.7808102722093,5.5172207741878205,13.610341331629936,bureau,recherche_appliquee,0,0,1,0,1,0,1,0,0,1,0,1,0,0,1,0,0,0,ESIIA,synthetic_corpus_v2,syn_3f1224cb8ac3,synthetic
3.626129074938286,2.6640043771467448,5.504672758899858,5.010435531546332,4.824253319551021,5.519023798434234,4.987909501008702,7.68356158579971,5.418317762500715,1.9957365160903293,11.67999252650073,terrain,agroalimentaire,1,0,0,1,0,1,0,0,0,0,0,0,1,1,1,0,0,0,IAA,synthetic_corpus_v2,syn_e69358a33137,synthetic
6.445710415896586,6.81179169013959,4.228607075499625,4.478383197347084,4.788608932069497,6.742790113673588,4.293688069163271,2.945689161421686,6.756675266268293,3.8084989723649816,16.18716358187629,remote,gestion_projet_si,1,1,0,0,0,1,0,0,0,1,0,0,0,0,0,1,0,1,IGGLIA,synthetic_corpus_v2,syn_989c13f350a9,synthetic
5.308342529807513,3.7103499325011926,4.573273921107718,2.4888760903584157,7.392378860879451,3.8394639524845107,6.911791828201878,3.8045242692923003,3.3478365613748604,4.350429485595519,14.01560754970392,atelier,industrie_automatisme,1,1,0,1,0,0,1,0,1,0,0,1,0,0,0,1,0,0,EMII,synthetic_corpus_v2,syn_184659d532d1,synthetic
6.349212901232429,2.922490286003496,3.306966877758104,2.9771932198287168,2.559714408379287,3.045936451706834,7.036857375604161,8.10421993371951,4.401197383701606,1.6283047180622643,14.223093465264194,bureau,pharmacie,0,1,1,0,0,1,1,0,0,0,0,0,0,1,1,1,0,0,ESIIA,synthetic_corpus_v2,syn_373d64980af5,synthetic
6.185763276507714,3.7754024455486563,4.622572757269013,3.0189042384278855,2.3332911047185894,7.078213091071239,2.4863776539253193,2.5020285856753155,4.207642793398355,8.416700850607267,11.374869782696246,remote,finance_compta,0,1,1,0,1,1,0,1,0,1,0,1,1,0,0,0,1,0,FIC,synthetic_corpus_v2,syn_9dda76011ee5,synthetic
7.003363670104865,2.3933577724317274,3.2635649823180355,4.5832719040864065,2.265962937082684,6.330052591691876,2.06614680366157,1.2635003995869714,4.431885744036537,8.18657181632455,11.52790555393683,bureau,commerce_gestion,0,0,1,0,1,1,0,1,0,1,0,1,0,0,0,1,1,0,CAA,synthetic_corpus_v2,syn_d2a96bc862f6,synthetic
7.001487706153158,5.607789401526311,4.3445030458207485,3.475877679930922,9.469913308774451,4.005901065947056,7.228194837427301,4.0906109693907,4.452683135989501,2.850323260837363,13.258795384483767,labo,electronique_embarque,1,0,1,1,0,0,0,0,0,0,0,1,1,1,1,0,0,1,EMII,synthetic_corpus_v2,syn_d32e47e09c93,synthetic
7.068787508544261,4.412288970328421,2.5572534415769224,3.516802223987559,1.7390853426191775,5.721266462561506,6.417513203313893,7.205562313092699,4.780905054985585,2.8373460211416273,14.5040005875187,terrain,agroalimentaire,1,0,1,1,0,1,1,0,0,1,0,0,0,0,0,0,1,0,IAA,synthetic_corpus_v2,syn_30df7365cc6f,synthetic
6.808463970800212,3.261320178246049,6.730446056294954,3.8561338058303116,1.76458683285283,7.956638798027727,2.7707840418377776,3.445811526743495,7.519339787066666,7.759729623032786,14.323847536906673,bureau,finance_compta,0,0,0,1,0,1,0,0,0,1,0,0,0,0,1,0,0,0,FIC,synthetic_corpus_v2,syn_fd37c9c170a6,synthetic
6.21904223082337,2.253477321077204,6.514043286841284,1.8426931826741142,3.319643022843226,6.474724622992479,9.236309254727855,8.588220339631466,4.276894413113922,2.653560161959803,14.583627145651176,atelier,industrie_automatisme,1,0,1,1,0,0,1,0,0,1,0,0,1,1,1,1,0,0,ICMP,synthetic_corpus_v2,syn_f34de9c6bfe9,synthetic
6.668448878230611,0.858973849663577,6.050530542316345,2.060339805300431,5.37830289382315,3.5746916687715533,5.107408891144968,8.959329963394639,4.564704632821307,1.3853799913214182,14.140545548348499,atelier,recherche_appliquee,0,0,1,0,1,0,1,0,0,0,0,1,0,0,0,1,0,0,PIP,synthetic_corpus_v2,syn_64bd523c4f98,synthetic
3.8884595557393897,6.345086385859219,4.609572295360885,8.168610493352558,3.4996760640334905,4.383252029196816,3.580731735548315,2.2104101584883655,6.930859826832496,4.889266566837395,13.810581509228882,startup,multimedia_ux,0,0,0,0,1,0,1,0,0,0,1,0,0,0,0,0,0,1,IMTICIA,synthetic_corpus_v2,syn_bb69311ca932,synthetic
6.968490248927162,6.9168366106647285,4.84198432652453,2.1934476998133925,6.9178250284456615,5.34229808312081,8.364484237861923,2.540525996932668,2.7645405323786023,3.825354709634362,12.154747090967291,atelier,recherche_appliquee,0,1,0,0,0,1,1,1,0,0,0,1,0,1,1,0,1,0,CAA,synthetic_corpus_v2,syn_d58ce7d77c58,synthetic
6.693645863838716,2.9241533004419042,3.7395430380054986,5.283416072145353,0.6247861083851811,6.704813425748427,3.0761084476924516,3.727831697110677,5.609355828795186,6.8587345997597815,13.484854012176905,startup,gestion_projet_si,1,0,0,1,0,1,1,0,0,1,1,0,0,0,1,0,0,1,EMP,synthetic_corpus_v2,syn_9319e52a0211,synthetic
4.033269631777762,1.9873272094910566,4.602789191669924,6.35661304727302,2.6467543239214195,7.700587529295563,3.9283498167095896,1.8428967546111932,8.949110065947467,4.814415508720005,15.251843492576448,terrain,tourisme_hotellerie,0,0,0,1,0,0,0,0,1,0,1,1,0,0,0,1,1,1,TEH,synthetic_corpus_v2,syn_5fcb373e9640,synthetic
6.319850945663795,5.170924672054445,3.641180266237633,8.373541471938465,1.620562702725185,4.656749357101132,1.225984965550325,3.3076393755880096,7.289980024009466,2.676639833562071,11.976780129572811,remote,developpement_logiciel,0,1,0,0,0,1,0,0,1,0,0,1,0,1,1,0,0,0,IMTICIA,synthetic_corpus_v2,syn_286574735ec5,synthetic
3.307199630217532,6.079613055312405,2.7391196575374934,7.786187348191888,0.3580809652624164,4.703459582993923,1.5366734789883922,2.4086278367377587,5.773524881644539,3.8018670396978473,14.287181770056664,bureau,developpement_logiciel,1,1,1,0,1,0,1,0,1,0,0,0,0,0,1,0,1,1,IMTICIA,synthetic_corpus_v2,syn_8065f663e5a7,synthetic
7.106601587373174,4.629235792425646,5.4687546312766075,4.61652569783409,8.584019246972463,3.9781537591800884,6.893524910803553,1.8035807023092074,2.980411667902071,2.743018036042617,10.935491868554928,labo,recherche_appliquee,0,0,0,1,0,1,0,1,0,0,1,1,1,0,0,0,0,0,ESIIA,synthetic_corpus_v2,syn_24794d1202df,synthetic
5.375864903987886,2.02042357662973,5.920414992419958,3.0994819166398906,1.4183554844076396,5.604708199621199,5.290774631968032,7.7319517376959555,5.174163527214197,6.080877984815118,14.840407172999397,terrain,agriculture_elevage,0,1,0,1,0,0,0,0,1,0,0,0,1,1,0,0,1,0,AEE,synthetic_corpus_v2,syn_4b4348ab1f2d,synthetic
5.455034159178558,6.597720249252985,5.217102177988625,9.854093055851095,3.051734271931842,6.594256833626769,0.0,0.43418632265885515,7.217686972159602,3.9175590378373952,13.155450759805358,startup,developpement_logiciel,0,0,0,0,1,0,0,0,1,0,1,0,0,1,0,1,0,1,IMTICIA,synthetic_corpus_v2,syn_81461be898b4,synthetic
7.022724588992639,3.555181997672488,4.585218724776195,4.20594074148845,2.3208588581004044,4.447924616907634,7.895450039209539,3.0292921501923087,2.530449064884847,3.256346451170865,12.598617061976263,terrain,genie_civil_archi,1,0,0,0,1,0,1,0,0,0,0,0,1,0,1,0,0,0,GCA,synthetic_corpus_v2,syn_2eab0b394ffd,synthetic
6.267020821440122,2.3635323864940583,3.488825228825932,4.25553718339747,1.0526283695694412,6.510017087061009,1.2179407126081907,5.165121855115916,8.134428869247838,6.163468380601986,13.128292701386897,bureau,commerce_gestion,0,1,0,0,0,1,0,1,1,0,1,1,0,1,0,1,1,1,TEH,synthetic_corpus_v2,syn_234d18abc3cb,synthetic
7.088150416043368,8.728543265605877,7.81691843707202,4.761425686305952,2.4369143161551596,6.3455883644187825,3.842415937697601,3.319736003685378,5.855209830693605,5.462258525333857,12.563415017648735,startup,gestion_projet_si,0,1,0,0,0,1,1,0,1,1,0,1,0,0,0,1,0,1,IGGLIA,synthetic_corpus_v2,syn_2da18acafe04,synthetic
3.312452138150231,3.3613607926803075,5.758139317805551,3.3806680025139975,3.601447355100784,6.979773314367869,1.0741274821562132,1.7705089845211495,5.994665708214217,8.38563846000609,13.61649710098143,remote,commerce_gestion,0,0,0,1,1,1,0,1,0,1,0,0,0,0,1,0,0,0,CAA,synthetic_corpus_v2,syn_5c9809061bf5,synthetic
7.29968372139777,4.056708232672138,4.911595132554744,5.90072141617815,3.0489160274613325,5.304327149932563,6.983637885458654,3.513944562372723,5.101642949381235,3.016019550304566,11.721408491319945,terrain,genie_civil_archi,0,0,1,0,1,0,1,0,1,1,0,1,1,0,0,1,0,0,GCA,synthetic_corpus_v2,syn_cdf927f2c395,synthetic
6.7505039560834685,2.4003740631451027,3.264409284736724,4.28265150968247,3.4238562689696566,6.682853528014464,6.352613532238698,7.558887279118565,4.8391640724649205,2.6150980504900607,9.628814945058371,labo,agroalimentaire,0,0,0,0,0,1,1,0,0,0,0,0,0,1,0,1,1,0,IAA,synthetic_corpus_v2,syn_1fade0567af9,synthetic
9.384046412057588,6.5792740316780725,7.836003734474377,1.947939319316603,4.5499927530143385,4.974175194046317,3.7244872322186025,3.6336243604548484,7.050626413406544,2.0174976022590756,16.852254060824652,labo,recherche_appliquee,0,1,1,0,1,0,0,0,1,1,0,1,1,0,0,0,0,0,ISAIA,synthetic_corpus_v2,syn_2878931c7c1a,synthetic
7.820331733787169,4.868811852822183,4.252099445752731,4.627020812971373,8.027663362719084,4.4788812488829235,8.086290909504639,3.2295642996786267,5.0118889629317795,3.649306392268729,11.507736146944117,terrain,industrie_automatisme,0,1,1,0,0,1,1,1,0,1,0,0,0,1,0,0,0,0,EMII,synthetic_corpus_v2,syn_bbe79a311dee,synthetic
7.022229223170953,6.9056785443720985,5.520857401722008,3.4370045972515904,6.8503763624945275,3.1516822570136367,6.315105660707776,3.334891143923497,1.7366606466069219,4.585261023055467,14.005045076080883,bureau,recherche_appliquee,0,0,0,0,0,0,1,1,0,1,1,0,0,0,1,1,0,1,ESIIA,synthetic_corpus_v2,syn_6bb0015864a4,synthetic
4.563121936319235,1.7074288578542292,3.136688661105821,3.6828728568057674,2.702567072562991,8.62673386713337,3.0524294765304125,2.5360090453325235,6.80220473639711,10.0,13.48089094014002,bureau,droit_affaires,0,0,0,0,0,1,1,1,0,1,0,0,0,1,1,1,1,1,DTJA,synthetic_corpus_v2,syn_4a25bbb11107,synthetic
7.367538456501398,3.3611229929874593,3.2236933729063937,2.488016948784322,3.2713278429207544,4.269498484391427,5.7104579551910515,9.595895163524824,3.6255788828668174,4.9483873147572695,12.16930438533898,atelier,agroalimentaire,0,0,1,0,0,0,1,0,0,0,1,0,0,1,1,0,0,0,IAA,synthetic_corpus_v2,syn_525237b75cd3,synthetic
8.216874130074178,5.915178312628447,4.237870101112479,2.3067713375872057,9.278591155352164,4.170228410258454,8.843799095158275,1.9868066051232836,4.114363896915394,2.9030650524563795,13.646215503686241,bureau,electronique_embarque,0,0,0,1,1,1,1,1,0,1,0,1,0,0,1,1,0,0,ESIIA,synthetic_corpus_v2,syn_071c2588d1ed,synthetic
7.148859433976193,6.710364745377159,4.730309382411066,2.872125882301548,9.62472137410959,6.566275737571676,10.0,2.523042693371192,0.15093304864016055,2.2284871315893295,12.747767227011241,terrain,electronique_embarque,0,0,1,0,0,0,0,0,0,0,0,0,0,1,1,0,0,0,EMII,synthetic_corpus_v2,syn_f06c046fc06a,synthetic
6.706265072810447,3.7226533846660006,5.010970431499794,1.6559408506305424,3.6340539615375924,4.531374441486943,5.258316391583628,9.338831195848673,5.232145409994026,3.3253025865744608,11.090959207939868,bureau,pharmacie,0,0,0,0,0,0,0,0,0,0,0,1,1,0,0,0,0,0,PIP,synthetic_corpus_v2,syn_e7dba167729d,synthetic
7.439256547014678,9.243321264995988,4.618447471062139,3.776615553167654,3.6661004775681163,7.671426204772189,3.043704046829031,1.69389308899248,3.0390454779755283,3.867986672984521,12.609450934847512,bureau,gestion_projet_si,1,0,1,0,1,1,0,0,0,1,0,0,0,1,0,0,0,1,IGGLIA,synthetic_corpus_v2,syn_e5e1816e2d57,synthetic
7.180750538076635,6.278277999599195,8.190653197028508,3.802651374326116,2.286452382091258,4.2914250371317175,4.698341679410038,0.6145861371549164,4.826775409626201,3.759410593918753,14.085505256415853,remote,data_science,1,1,0,1,0,0,1,1,0,0,0,0,1,0,1,0,0,0,ISAIA,synthetic_corpus_v2,syn_d2151c6bcd50,synthetic
5.058021567453638,2.8301885960302386,6.2756452673283984,6.574686901087479,3.2590275567957203,8.533113762883694,1.517302985626492,1.5946109919734757,5.742536481200653,7.174421855540264,12.444143326961793,startup,commerce_gestion,0,0,0,0,0,1,1,0,0,1,0,0,1,1,0,0,0,1,CAA,synthetic_corpus_v2,syn_9636595da3bb,synthetic
9.759810591491808,6.084131367357987,10.0,4.157219093404166,3.824246781809381,4.15682165655511,5.305754229960014,3.666672876855274,6.324803045832249,2.870979644397003,10.411761924141999,bureau,data_science,1,1,1,1,1,0,0,1,0,1,0,1,0,0,0,0,0,1,ISAIA,synthetic_corpus_v2,syn_dd80eed033da,synthetic
5.463939660871721,6.329353929644553,4.9091030872382895,6.9855408844006215,2.335775475422976,4.859161570732482,4.362377254165475,4.180459315614349,5.223199138075734,4.984902284432196,12.865832387245183,startup,developpement_logiciel,1,1,1,0,0,1,1,1,1,0,1,0,1,1,0,0,0,1,IMTICIA,synthetic_corpus_v2,syn_65ea8d7d480d,synthetic
7.2516563915305134,2.9556106562527447,4.422287767279484,4.174581688780926,1.2813274554801222,5.411907059960537,6.722618132091979,6.695397013160996,3.340215241583016,3.8056565115608825,13.750649284136493,terrain,chimie_procedes,1,0,1,0,1,0,0,0,0,0,0,1,1,0,0,1,0,0,ICMP,synthetic_corpus_v2,syn_cd5e97e4e5ab,synthetic
6.196943142764591,8.580212558073065,4.4823842116970525,3.3187767878115704,7.839683632869217,2.43209563117441,7.899635902830615,3.9431533249857593,3.75405858283479,0.3660997152453267,12.742343220082423,atelier,gestion_projet_si,1,0,1,1,0,1,1,1,0,0,0,1,1,0,1,1,0,0,ESIIA,synthetic_corpus_v2,syn_afcd857ec870,synthetic
7.244262809931638,3.516369352906128,5.7443575990687075,7.451372357545505,3.4558070831115577,3.78665002553359,9.77815777867268,3.796364867771811,5.057936838264642,5.286655576412695,12.857533678035836,terrain,genie_civil_archi,0,0,1,0,1,0,0,0,0,0,0,0,0,1,1,0,0,1,GCA,synthetic_corpus_v2,syn_8a45010cbb7a,synthetic
8.69974608639929,4.420643794401698,10.0,3.1274472350780504,1.8929112686248626,7.85030848791597,2.5348102944827153,2.666631527664859,5.23818127516175,8.284614636776825,12.660058759011905,remote,agroalimentaire,0,0,0,1,0,1,0,0,0,1,0,0,0,0,1,0,0,0,FIC,synthetic_corpus_v2,syn_1814d6dae7d2,synthetic
5.1676527982109235,2.710198999732766,6.78949003173089,3.3876666420606534,0.278484830185298,7.042916198657147,2.4427083107916157,3.5132162585899582,8.233851538839323,7.846639491190202,15.522153577593734,remote,commerce_gestion,0,1,0,0,0,0,0,1,0,1,0,1,1,0,1,1,1,0,CAA,synthetic_corpus_v2,syn_a9b3fef365c8,synthetic
6.098391851086441,9.334013487159769,5.91793873379204,2.7525225424799187,4.281505155779299,8.230231541333234,4.816009860318493,1.929262025327277,5.366012138957717,5.329268946502837,11.216076291800658,remote,developpement_logiciel,0,1,1,1,0,1,0,0,1,0,0,1,0,1,0,0,0,0,IGGLIA,synthetic_corpus_v2,syn_94b7910d469c,synthetic
4.873309634117529,4.344232380490232,3.3041089017991627,3.3705713970603735,0.7136917100732287,5.166700220537243,5.805520457341436,8.907198849972911,3.0547440371430024,5.938216026421872,14.073535412094309,labo,agriculture_elevage,0,0,0,0,0,1,0,1,1,0,0,0,0,0,0,0,0,0,AEE,synthetic_corpus_v2,syn_1b1d17526985,synthetic
7.022851648217482,7.0035245372415424,5.44118336567135,2.3157859912862206,8.935010961583721,1.0396892117629366,9.817342512261098,5.107243685051502,4.243850028577966,2.2599816525726744,13.742834722011542,labo,recherche_appliquee,1,0,0,0,1,1,0,1,0,1,1,1,1,0,1,0,0,1,ESIIA,synthetic_corpus_v2,syn_56325c0dfc93,synthetic
5.984454117102169,3.5652498175516767,4.368105813751102,2.866765958709105,2.449148131878193,4.932564736396018,4.544509199603801,8.807092877941084,4.078791555014818,3.1085125331935606,14.479039222445149,terrain,agroalimentaire,1,0,0,0,0,1,1,1,0,0,0,1,0,1,1,1,1,0,IAA,synthetic_corpus_v2,syn_8cc38c79aa46,synthetic
8.891809879574831,5.957782409267044,4.047163301528771,2.0278633024454598,7.6435524299527495,4.949933940101217,8.783308867544564,3.010330787329395,4.352716081518395,2.235937569451757,13.257829093488125,labo,industrie_automatisme,0,1,1,0,0,1,1,0,0,0,1,1,0,1,0,0,0,0,EMII,synthetic_corpus_v2,syn_57e9088c63bc,synthetic
4.071958650237009,2.346083215540281,6.265546033395235,2.32035330305733,2.519032798777343,3.6394953734362923,6.1351343486082435,8.412608082478611,5.3563726300095285,3.913845489976937,10.364758930152952,labo,agroalimentaire,0,1,0,0,1,0,1,0,0,1,1,1,0,0,0,1,1,1,IAA,synthetic_corpus_v2,syn_9ec04204bcbf,synthetic
6.6171055116247,6.647515913339797,5.191869058984731,10.0,2.1387333793873813,5.818007776403005,2.1023187418364597,3.3869209886518283,5.4031431457403265,1.3755792536821785,14.315964223743107,bureau,multimedia_ux,1,1,0,0,1,1,0,0,1,1,0,0,0,0,1,0,0,1,IMTICIA,synthetic_corpus_v2,syn_74a2ef1404bf,synthetic
8.63736422892831,4.482898159752255,6.124615638563795,4.342754006119896,6.960138499206308,3.464884977377731,7.575285292773357,0.35340462725321276,3.7380107093401023,1.2386546748979412,12.70169991263862,labo,electronique_embarque,1,0,0,1,1,0,0,1,1,0,1,1,0,0,0,0,0,0,ESIIA,synthetic_corpus_v2,syn_3a71144abccc,synthetic
8.656540982179667,5.601340634227379,3.785926074273294,10.0,1.4651479535093335,4.620647943795109,8.759354610142323,2.3990084143739354,4.385880187971899,4.671486833828373,13.348596007552752,chantier,genie_civil_archi,1,1,1,0,0,0,0,0,1,1,1,1,1,1,1,1,0,0,GCA,synthetic_corpus_v2,syn_9c402b04175c,synthetic
5.13332909190153,10.0,5.852768928621015,2.7801532573635703,2.6043739408033684,5.304872704309963,3.8749176593572336,2.04890346240533,2.677062756279592,3.824687426736559,12.547565949383728,atelier,developpement_logiciel,1,0,0,0,1,1,0,1,1,0,0,0,0,0,0,0,0,0,IGGLIA,synthetic_corpus_v2,syn_f3e429cb76ce,synthetic
6.9733146636173,6.059325983709572,4.880892551568545,8.405856878490857,2.6209632226566733,4.290880715848754,2.6466026595193672,1.5486964609924745,6.5882089834974105,2.8177137299519517,14.419601612807185,remote,developpement_logiciel,0,1,0,0,0,1,1,0,0,1,1,0,1,1,0,1,1,1,IMTICIA,synthetic_corpus_v2,syn_1bb8a89f3d42,synthetic
4.284958126054703,1.1768513561841256,4.664205397343813,3.85404700646992,0.0,6.799768901260928,2.871099282430979,1.5797842202000802,8.0544501286989,10.0,13.0779046126749,bureau,droit_affaires,0,1,0,0,1,1,0,0,1,1,0,0,0,0,1,1,1,1,DTJA,synthetic_corpus_v2,syn_05bfc1b13d2b,synthetic
6.671104504082252,3.0844991002549262,4.504226054234061,1.289037523694072,2.011655891746438,5.351740854976021,2.7538847465178717,6.929740477922121,2.793119646329489,3.4219301464107725,12.380972012407115,terrain,agriculture_elevage,0,0,0,1,0,1,1,0,0,1,0,1,0,1,0,1,0,0,AEE,synthetic_corpus_v2,syn_cbf73275e11d,synthetic
7.297171930112593,7.936971098748488,5.574465727574796,6.704223468590996,5.066480740102478,5.5074610088810925,3.001283224773399,1.6322662423052814,5.288714516737445,6.437607083951233,11.990110418602614,remote,developpement_logiciel,1,1,0,1,1,1,0,0,1,1,0,0,0,0,0,1,0,1,IGGLIA,synthetic_corpus_v2,syn_8f8e8860d809,synthetic
6.7587101311678595,3.0521920456101177,6.487343071750343,3.1971268441870895,2.238544626650942,5.396094711382329,4.935410764677651,10.0,5.63819528606073,5.168896437512324,13.974819975056281,labo,pharmacie,0,1,0,1,1,0,1,1,0,1,0,0,1,0,0,0,0,1,PIP,synthetic_corpus_v2,syn_0d60c606897d,synthetic
6.225930777200229,3.4433447128412413,4.90492675462239,3.1806681627839595,4.116871368014407,5.165768445090778,3.7075137261761544,10.0,5.8931687970944315,4.719575282563795,11.167551118975007,labo,agroalimentaire,0,0,0,1,1,0,0,0,0,0,0,1,0,0,0,1,0,0,ICMP,synthetic_corpus_v2,syn_9de40f2324a8,synthetic
5.239614565519002,2.655651968936168,4.061032245147239,3.657880075828131,2.1106533750068968,3.080605374659872,5.147472751612552,7.449825809090043,3.9340685985076327,4.412341414864345,13.06177913025929,terrain,data_science,0,1,1,0,0,0,0,0,0,0,0,0,1,0,1,1,0,0,AEE,synthetic_corpus_v2,syn_84aa03bfcf1c,synthetic
7.090042002597687,3.1902989334985152,8.919177037449602,2.01556754709839,2.363974165718515,5.909739814084208,1.611496193192425,0.7384682004810927,5.7924427614675436,9.121489070424909,13.224324908623023,remote,finance_compta,0,0,1,0,0,0,0,0,0,1,1,1,1,0,1,1,0,1,FIC,synthetic_corpus_v2,syn_674600d05038,synthetic
7.46308121332992,4.088286028410482,3.9852836766412567,3.4332493718577046,1.8687600336451942,7.608940233585729,2.9259327987060937,1.9247575573820792,7.552535868098933,10.0,13.730719694089494,bureau,finance_compta,1,0,0,1,0,1,0,1,1,1,1,1,0,0,0,0,0,0,FIC,synthetic_corpus_v2,syn_06c3d7a4e07b,synthetic
6.968514328209008,2.8678536088617586,4.365043916195776,6.544607314712025,2.333066450199597,4.005621810058041,5.931654663592237,3.037407605102286,5.3824754348740615,4.158145824891444,10.842366266895505,startup,genie_civil_archi,0,0,0,1,1,0,0,0,0,1,1,0,1,1,0,0,0,1,GCA,synthetic_corpus_v2,syn_e3060f91124b,synthetic
6.139085889140606,3.9095555803214244,6.71069560205875,2.3115061352469835,1.7660772627018517,7.30320632091475,2.1402992088405988,0.7255456101362532,7.64163158287733,8.19933836331899,12.59936685526652,remote,finance_compta,1,0,1,0,0,1,0,0,0,1,0,1,1,0,0,0,0,0,FIC,synthetic_corpus_v2,syn_b2a4cfd4a2a8,synthetic
9.35467891600636,1.4066371730632035,3.5599387068981514,2.6691247924038577,2.9305705119182406,3.861849273346597,5.95801912624272,8.593278952941022,4.033765913481833,3.819532888641793,15.18167385604871,bureau,pharmacie,0,0,0,0,0,0,1,1,0,0,1,1,1,1,1,1,0,0,PIP,synthetic_corpus_v2,syn_4c35396231a3,synthetic
5.995601717768016,7.622728085486189,3.4180024342754307,3.9706662680576543,4.6033467237563235,9.008167405310166,3.552418238352209,4.150856481450164,4.866873056454389,3.6101771899360617,14.858325743405633,remote,gestion_projet_si,1,1,0,1,1,1,0,1,0,0,1,1,0,0,1,0,0,0,IGGLIA,synthetic_corpus_v2,syn_a380a3729163,synthetic
9.120205271104654,4.554231564359869,8.930243680050717,1.4644284503076266,4.110142059220395,3.9020950600957414,4.9711469573038976,1.8323174770433361,4.554023137640216,4.60026260604196,14.078051532474081,labo,data_science,0,0,0,0,1,0,1,1,1,1,0,1,1,0,0,1,1,0,ISAIA,synthetic_corpus_v2,syn_687d092e5737,synthetic
6.862341961212394,8.835498998892497,4.530750011901316,5.415250470498264,3.5873599762530395,8.549991021707026,3.027864056810451,1.5959027442487326,2.666950011364927,5.118221729533215,11.9988842152653,bureau,gestion_projet_si,1,1,1,0,1,1,1,0,0,1,0,0,1,0,1,0,1,1,IGGLIA,synthetic_corpus_v2,syn_95c9641b742a,synthetic
5.6778905120275684,3.339138616365731,3.7648922404376797,6.91463852890795,2.4176676947272213,5.652014060891294,4.501594699545754,6.050709767374409,7.17554484440806,5.434217703840035,12.951831540297565,bureau,tourisme_hotellerie,0,0,1,0,1,1,0,0,0,0,0,1,0,0,0,1,1,1,TEE,synthetic_corpus_v2,syn_c04e01bd3984,synthetic
6.606560948614364,5.476135974326993,5.645621344319572,3.534884053131491,3.6925203124578396,3.4964197606135787,5.848695431720417,7.141351138580828,5.24815152367561,3.3266836156747086,13.6010456465707,labo,chimie_procedes,0,1,0,1,0,0,0,0,0,0,0,0,0,1,0,0,0,0,ICMP,synthetic_corpus_v2,syn_40ba5b63cda8,synthetic
7.979509489521176,2.716194391406941,5.925098660808844,2.651856140554019,3.191278581578241,7.797749914002113,3.4203025777644696,4.478921296974168,5.624290000990606,7.1310255503330255,16.231397782855325,bureau,finance_compta,0,0,0,0,1,0,1,1,0,1,1,0,1,1,0,1,0,1,FIC,synthetic_corpus_v2,syn_b43cc7650819,synthetic
5.042288188948279,2.919747632515375,4.707668551925276,2.716909751010617,3.4094868866531884,4.294173621868783,5.751137448987729,10.0,5.206966518307388,3.67994967577106,12.160918086229557,startup,chimie_procedes,1,1,0,1,1,0,1,1,0,0,1,0,1,1,0,0,0,1,AEE,synthetic_corpus_v2,syn_8b31e6b3ebe8,synthetic
4.7172026682426464,3.355154120364199,0.6799732950789181,5.453681134800894,2.124988194942804,6.984301182009305,3.536017240945687,3.528011043055996,8.72078800920762,7.591336295465582,10.009961548006569,bureau,commerce_gestion,0,0,0,0,0,1,0,0,0,1,0,1,0,0,0,0,1,0,TEH,synthetic_corpus_v2,syn_309d98cef01f,synthetic
8.013650396378647,7.482155355809989,4.791517345896121,0.07572765911800206,8.678147362488756,2.1398446731836325,7.826970673169026,2.479493024555898,2.7704043221881447,5.137096293371474,13.127070040383215,atelier,electronique_embarque,1,1,0,1,1,0,1,1,0,1,0,0,1,0,1,0,1,1,ESIIA,synthetic_corpus_v2,syn_cf5131fe554e,synthetic
4.517950436711259,3.60484909182305,2.975672756000652,2.6106045769807147,2.858001363486127,5.789090158645248,6.4654503000051875,7.4647926354165035,5.6094486900063325,5.210895559788608,11.907317470240047,labo,agroalimentaire,1,0,0,1,0,1,0,0,0,1,0,0,1,1,0,1,0,0,IAA,synthetic_corpus_v2,syn_942379a24d87,synthetic
6.545939967924744,2.4139981963801347,8.223163279850137,3.6921400140081504,4.230694501162589,4.231975806966678,5.560899388581498,8.922287535714753,6.164504291680311,4.650759454654315,14.200591881530103,labo,recherche_appliquee,0,0,0,0,0,1,1,0,0,0,0,0,0,0,0,1,1,0,PIP,synthetic_corpus_v2,syn_916a076d8afd,synthetic
7.871288283863634,10.0,7.044893023738933,3.4112520546610154,3.0075559542851233,7.393471227094963,4.2123091805686075,3.972562956277181,2.4631529662173803,5.172243813544325,14.918217522086685,remote,developpement_logiciel,0,1,1,0,1,1,0,1,1,0,1,1,0,0,0,0,1,0,IGGLIA,synthetic_corpus_v2,syn_1db8a5a578af,synthetic
6.23590059493314,3.560358884230479,3.9348760679660804,1.4524857227728822,0.0617594426947623,7.604530710961637,4.721605847824026,1.727130948488,5.919558161011455,9.814473253725883,14.751045409550748,chantier,droit_affaires,0,0,1,0,1,1,0,0,0,0,0,0,0,0,0,1,0,0,DTJA,synthetic_corpus_v2,syn_dfd226bc632a,synthetic
7.34331407939929,4.395172499495036,9.385117380140125,3.350178779136473,4.022697977069881,5.156021738184638,8.464569302480019,2.8111750202776777,3.492226503441012,4.795066461088042,13.511493728505505,labo,recherche_appliquee,1,0,1,1,0,1,1,0,0,1,0,0,1,0,0,1,1,1,ISAIA,synthetic_corpus_v2,syn_0095c7086bbb,synthetic
7.196047920753794,2.034116734242705,5.387227839122738,3.812140101719726,1.9912625632580234,6.811006602025334,0.9108111821389568,3.086127992033337,8.001838289266992,6.4997175256181325,9.466879998841295,remote,gestion_projet_si,1,0,0,0,1,1,1,1,0,1,0,0,1,0,0,1,0,1,EMP,synthetic_corpus_v2,syn_c47ce391e89c,synthetic
8.543790979792742,3.6874200671221904,5.559393483362113,5.517876348246296,3.2354300259933817,7.667794573384231,7.5293585630866335,3.9008156178604856,3.8222066951175893,2.9685877099321645,12.239499174959983,chantier,chimie_procedes,0,0,0,0,1,0,1,1,0,0,0,0,0,0,0,0,0,0,GCA,synthetic_corpus_v2,syn_3d6f67cbe352,synthetic
4.717137009047514,4.4955149133284245,4.184788557227327,6.621281146068233,2.8969669065987347,5.868005107719278,2.3762449511818176,1.9592171678180292,4.637316975812995,6.697074682317027,13.339056034676354,startup,developpement_logiciel,1,0,0,1,1,0,1,0,1,1,1,0,1,0,0,0,0,0,IMTICIA,synthetic_corpus_v2,syn_9e24c71c1163,synthetic
7.166585961055181,7.015164244069799,2.054274357055396,1.5554142667984048,8.455917358302221,5.4088693139122475,6.861584299335828,1.6313936882244255,3.4221012423627193,5.491924484777768,14.549604757291164,labo,recherche_appliquee,1,1,1,0,0,0,1,1,0,0,0,1,0,1,1,1,0,0,ESIIA,synthetic_corpus_v2,syn_43d8d80c972d,synthetic
7.092492409861489,9.729300773324647,5.533175815282495,1.7811518809248872,3.259273034223172,5.578697062217249,6.256542334855628,3.755501377782897,5.584266482686668,3.1928248692853436,14.980573822681933,bureau,developpement_logiciel,1,0,0,0,0,1,0,1,0,0,0,0,1,1,0,0,0,1,IGGLIA,synthetic_corpus_v2,syn_faf2a5f25b0f,synthetic
6.988320038820483,7.401055641585225,5.044886266353714,6.0967156652191505,2.668641794049157,7.449767773665249,5.129824490856343,1.4685318387649824,5.522218850598799,4.625955181559523,11.096877322540042,startup,gestion_projet_si,1,1,0,1,0,0,1,1,0,0,0,0,0,0,1,0,1,1,IGGLIA,synthetic_corpus_v2,syn_738e099a00b6,synthetic
7.344289607065438,5.6758891285012165,6.175494167954705,3.1119031377270847,0.3496322994078296,8.825386897113054,4.580924250551859,3.3239185999990424,6.111308439401017,7.495935956567666,13.466137508916947,remote,commerce_gestion,0,0,0,1,0,1,1,0,0,1,1,0,0,0,0,0,0,0,EMP,synthetic_corpus_v2,syn_25986c321e10,synthetic
5.985169619416919,4.8383006851977095,8.448483782044274,5.072369729925458,3.2724952628417734,4.7982262818470565,3.9030282938259506,2.127690250618198,6.275551740711004,4.190260355164111,16.46687531734738,bureau,recherche_appliquee,1,0,1,0,1,1,0,0,0,0,0,0,1,0,0,1,0,0,ISAIA,synthetic_corpus_v2,syn_b8046b6fb075,synthetic
6.824547428397934,5.994321896880365,6.198436776777978,7.407706483178859,1.09968829232629,4.948923824223475,4.817821537148039,2.9962929252569728,6.230231905926961,4.569207108681959,10.990234187415677,bureau,multimedia_ux,1,1,1,0,1,0,0,1,0,0,1,0,0,0,0,0,0,1,IMTICIA,synthetic_corpus_v2,syn_d122dfb189de,synthetic
7.291903671308185,2.9618043964813214,6.383336897240312,3.672231456362325,1.260266042044941,8.997417441294274,3.9460015752593813,1.9800505862266966,6.029684201209553,6.268567432887284,13.18735705634871,remote,finance_compta,0,0,1,0,1,1,0,0,0,1,0,0,0,0,0,1,0,1,FIC,synthetic_corpus_v2,syn_92ca38ee5f0f,synthetic
5.4898696133527585,3.5481607388387784,8.299460464982229,5.537293397220784,1.9027385126048286,8.271992443093191,2.765400433313073,4.595203794587061,6.009109559700352,7.439721341778985,13.18035955973009,chantier,finance_compta,1,0,1,0,1,1,0,0,1,1,0,1,0,0,1,1,0,1,FIC,synthetic_corpus_v2,syn_4c4dbf7913ae,synthetic
6.037237889091895,2.395708491764891,5.100164846836495,2.3310812558051865,2.2873684638622294,9.063973328163375,2.8438369210831533,4.004349971004899,8.655143164945157,9.749945301124473,10.795629056341209,startup,commerce_gestion,0,0,0,1,1,1,0,0,0,0,1,0,1,0,0,1,0,1,CAA,synthetic_corpus_v2,syn_23118bcda5fb,synthetic
6.344037669736926,3.0033382635097965,3.5560884595084308,4.858819154381836,0.6994326435629656,7.728545267690692,2.284314124462383,6.51794856338235,8.978959365961352,2.776320122775333,12.038175640810328,bureau,tourisme_hotellerie,1,0,1,0,1,0,0,0,1,1,0,0,0,0,0,0,1,0,TEE,synthetic_corpus_v2,syn_c22a37f8cfaf,synthetic
8.943718211676966,5.531401231091388,5.868919076578757,4.348982988510033,5.467156584582485,4.212162363474518,7.993426645269241,1.8442833680193027,4.969787456921615,2.9546298013870094,13.34675001423542,atelier,electronique_embarque,1,1,0,0,0,1,1,1,0,0,0,1,1,0,0,1,0,0,PIP,synthetic_corpus_v2,syn_5e14cb8359a2,synthetic
5.169068870702183,2.0434197512409,4.877480940131557,3.1135787866430915,5.433577243820492,4.629448891228187,5.2315280079442354,7.771475271588471,4.065868430512506,2.3256062155810984,12.913918784183544,terrain,agriculture_elevage,0,0,1,1,0,0,1,0,0,0,0,1,1,0,0,0,0,1,AEE,synthetic_corpus_v2,syn_98afdba41859,synthetic
7.250417999155635,9.089525291338697,5.083033863312719,2.906541052736705,2.091805219549877,7.966068621611752,2.9893073151475944,3.5239935892058982,4.25027221967708,5.661270824525923,15.970071276742004,bureau,developpement_logiciel,1,0,0,0,1,1,0,1,0,1,0,0,0,0,0,1,0,1,IGGLIA,synthetic_corpus_v2,syn_75d8c6c60a96,synthetic
4.178534142462713,2.4431571449452423,1.8761466346024624,2.1749910902434744,1.6297212283482048,5.316530243550983,1.8023403602452517,1.0959522374007085,6.949032249673011,9.64432117411946,11.012560631828153,bureau,droit_affaires,0,0,0,0,0,1,0,1,0,0,1,1,1,0,1,1,1,1,DTJA,synthetic_corpus_v2,syn_c7e112030dbb,synthetic
4.179846922417706,3.77024157977796,4.225966016059299,3.3937005030463223,2.023661295671447,7.811490645855813,5.3317883592858175,2.9588609626671483,10.0,5.609590132553111,9.77306916534793,startup,tourisme_hotellerie,1,0,0,0,0,1,1,0,0,1,1,0,0,0,1,1,1,1,TEH,synthetic_corpus_v2,syn_ce2cc44b5ffd,synthetic
5.843451160565503,2.603657011894092,3.8162765606824376,4.518805004481274,3.0369895772797753,4.76202163482318,3.5911023457870708,7.5031782505751305,5.9113898038842425,4.407885512211061,15.239028015083605,terrain,agriculture_elevage,1,1,0,0,0,0,1,0,0,0,0,0,0,0,1,0,0,0,AEE,synthetic_corpus_v2,syn_c25938a201a0,synthetic
7.560915199806564,3.05277079686263,5.002230137916465,2.8450832083698607,4.148158545073055,5.871957804408026,2.4711171622209247,1.5473920463372972,8.040177646047715,7.983051835382639,11.217681842742504,remote,commerce_gestion,0,1,0,0,1,1,1,0,1,1,1,1,0,0,0,0,0,1,IMTICIA,synthetic_corpus_v2,syn_dc4e471a13b6,synthetic
5.227422023009035,2.5787885048761363,5.953818536028963,4.315175790134542,0.44984203576492177,9.134418055954443,1.8737558204486051,1.6587679859737765,8.042386105274998,7.768453253505649,12.963851766318484,remote,commerce_gestion,1,0,1,0,0,0,0,0,0,1,0,0,0,1,0,0,1,1,ESIIA,synthetic_corpus_v2,syn_f5ebf86eee43,synthetic
7.527955525193271,7.1302387216370375,7.933754036563653,3.353654759029217,2.6486056903198745,3.876221094913565,6.175322947617227,3.2588303205988893,5.016505476570956,6.70069386093591,13.73665460832062,remote,recherche_appliquee,1,1,1,0,0,0,0,1,0,1,0,1,1,0,0,1,0,0,ISAIA,synthetic_corpus_v2,syn_bfa4ed3ba53b,synthetic
5.770765876016484,2.7609412721347715,5.497059539492601,3.1909176835839714,4.176709595521087,8.909332526657748,3.734156658980087,4.936234765400171,6.982594868433478,9.092040675935648,10.874925324107386,remote,finance_compta,0,1,1,0,0,1,1,0,0,1,0,1,0,0,0,0,0,0,FIC,synthetic_corpus_v2,syn_f6a43b3cd82b,synthetic
5.584209087602109,3.3624077746783,2.317217587644014,4.194518557413182,3.3479948003084528,7.062041901796148,2.1709085642546655,9.5127307965558,3.2821396320555403,4.5003149182971685,14.19251530949554,bureau,agroalimentaire,0,0,0,1,0,0,0,0,0,0,0,1,1,0,0,0,0,0,IAA,synthetic_corpus_v2,syn_5d6ed1d503e2,synthetic
5.349499514486146,4.943337327271328,2.3877149149871384,5.407454766638853,0.8245487276854329,7.2788865479034,1.984671420295125,4.061529108526789,7.2826558377338335,4.054591535489232,11.049808296407907,remote,commerce_gestion,0,1,1,1,0,1,0,1,0,0,1,1,0,1,0,0,1,0,TEH,synthetic_corpus_v2,syn_192b49bf3fa4,synthetic
6.389956998430864,2.2611176951615466,6.04758587620536,5.4185875561340575,3.2402583629046884,6.461922797254944,7.7545640629790755,2.400961517174217,3.14608218197836,4.4081999629375055,13.247378444242193,chantier,genie_civil_archi,1,1,0,0,1,0,0,1,0,0,0,1,1,1,0,0,1,1,GCA,synthetic_corpus_v2,syn_274b3ac789b0,synthetic
6.483274038560867,6.843221952575932,8.360216750702367,4.783102060096931,0.4235979806220955,8.697232310687522,5.173409984087137,3.5960766438263496,6.187010462071382,5.768380082710091,12.586243896593738,remote,gestion_projet_si,1,1,0,0,1,1,0,1,0,0,0,0,0,0,0,0,0,0,IGGLIA,synthetic_corpus_v2,syn_1633e0c95b41,synthetic
6.19375253778991,4.187495096874876,5.881062231490299,4.556746245933487,0.2779975696244432,7.163429754911942,1.8937664246751886,1.2546558086598947,6.976700788903817,8.156338952565585,15.551821000831458,remote,commerce_gestion,0,1,1,0,1,1,1,1,1,1,1,0,0,0,0,1,1,1,EMP,synthetic_corpus_v2,syn_ce42871d9b03,synthetic
6.518718498905137,9.520951465817802,7.342343037733196,3.481714412612361,4.252662992850872,7.916459157634691,4.917063153004694,4.337754086063834,6.161252050574071,5.996981900293614,13.446486617777111,bureau,developpement_logiciel,0,1,0,0,1,0,1,1,0,0,0,0,0,0,1,0,0,1,IGGLIA,synthetic_corpus_v2,syn_6360b1f5e437,synthetic
3.5695198191916955,5.2257298039747235,2.901850155490207,8.648012430559017,3.327262153935397,5.6379765264402035,1.915274018706615,1.2180468407727785,6.424281761402595,4.348849970728172,12.581289906755774,atelier,developpement_logiciel,0,1,1,0,1,0,0,0,1,0,0,1,1,0,1,1,0,0,IMTICIA,synthetic_corpus_v2,syn_f2fd12ad27d7,synthetic
10.0,5.862717248509229,7.4427303046441065,2.2527408512263194,4.7059628804777,5.699826442516011,4.388198330478963,2.1372030596236327,4.058362934551608,5.036970616352894,12.518387403618975,labo,data_science,1,1,1,1,0,1,0,0,0,0,1,0,1,1,1,0,0,0,ISAIA,synthetic_corpus_v2,syn_687e028cd74f,synthetic
2.611687873528311,4.1486981757853645,3.9918349562866324,2.441206648254136,0.17075286713693139,6.836371920848449,0.1198862273922221,2.1181587675595237,5.880647610653895,8.334805397371664,12.438122893262312,chantier,droit_affaires,1,1,0,1,0,1,0,0,0,0,0,1,0,0,1,0,1,1,DTJA,synthetic_corpus_v2,syn_b9aba607b870,synthetic
8.222839996252148,5.300531215885182,8.383306876455656,3.3107060696395583,8.956159349457723,4.974942336140253,5.671121227794012,4.979217857466632,3.2132564543215882,4.172240273688955,13.768807563634594,labo,recherche_appliquee,1,1,1,1,0,0,0,0,1,1,0,1,1,0,0,0,1,0,ESIIA,synthetic_corpus_v2,syn_b8368cb48e33,synthetic
8.161137950360708,7.4769628481267265,4.418204767036725,4.437858667993748,8.11556495087253,4.735455127668035,6.070847988596589,1.5499485629671814,2.5198752600070544,2.932751621002011,12.225817740755215,bureau,recherche_appliquee,1,0,1,0,0,1,1,1,1,0,0,1,0,0,1,0,0,1,ESIIA,synthetic_corpus_v2,syn_3074a1ccb278,synthetic
5.177248469713818,6.473605683736147,3.8856522586778013,4.3536669635860115,4.458515953711638,8.864543201532353,3.450310469519308,2.5544424568941495,3.922558574480611,4.532994056765853,14.490063833900894,remote,developpement_logiciel,0,1,0,0,1,0,1,1,0,0,0,1,1,1,0,0,1,0,IGGLIA,synthetic_corpus_v2,syn_f87045432829,synthetic
7.650991409105374,3.2086864964675743,6.07907342017149,6.382230265311174,2.7883772009477314,2.954773677848837,4.584372584806774,8.91773561105484,3.2906182189743722,3.7852870461619474,16.18884740288113,chantier,recherche_appliquee,1,0,1,0,1,0,1,0,0,0,0,0,1,1,1,1,0,0,PIP,synthetic_corpus_v2,syn_32d4c2854b87,synthetic
6.070812001963382,4.31992907069091,7.401410838908016,3.70194452850571,1.527661704112304,7.275392745605728,1.3860097607565671,2.825949949110839,6.217167337301268,8.93318029057043,17.179110664960525,bureau,finance_compta,0,1,1,0,1,0,0,1,0,1,1,1,0,0,0,0,0,0,ICMP,synthetic_corpus_v2,syn_db4e3b43f5f6,synthetic
5.793200791000543,7.1963676776586105,5.941416779241238,2.946321945363972,5.991314884073306,7.226402281505437,3.821254232683474,1.7209379824460798,5.297358419723086,2.721530619346524,14.141430705316903,labo,gestion_projet_si,1,1,0,0,0,1,0,1,0,0,0,1,1,0,0,1,0,1,IGGLIA,synthetic_corpus_v2,syn_925dd2c09c05,synthetic
5.650553182982294,8.853835505282298,6.124232844771471,2.5444283881640986,3.638067598157,6.669968847962259,4.3806627510441745,0.0,5.0216636111691395,3.4366240458692285,12.81030354874895,startup,gestion_projet_si,1,1,0,1,0,0,0,1,0,0,1,0,1,0,1,0,0,0,IGGLIA,synthetic_corpus_v2,syn_53cf9060e164,synthetic
4.084018389319938,2.8025355933233964,4.748710551890797,4.578442440671851,2.3540947835875015,8.299598973301636,2.9269651029140116,2.195880474551166,7.726115854464161,6.884633260175506,13.267293220260786,startup,commerce_gestion,0,1,0,0,0,1,1,0,1,1,0,0,1,1,0,1,1,1,CAA,synthetic_corpus_v2,syn_caf790469b2d,synthetic
7.746932315208364,6.846528535099316,7.908925510040157,3.5949814495289303,2.6268842162680226,4.603167093127682,3.306742014858291,2.5705069443015285,6.046502532082086,4.330120822828363,14.73347361867787,bureau,chimie_procedes,0,0,1,1,0,0,0,1,0,1,0,0,1,0,1,1,0,0,ISAIA,synthetic_corpus_v2,syn_664eae7fadbf,synthetic
4.038730299472732,3.7283369175664984,6.135275876565335,3.980681824534582,2.157327865467988,8.528333177985632,2.9600175746888326,1.1829372076038986,5.86265265522276,9.740811387886112,13.040875729102668,remote,commerce_gestion,0,1,1,0,0,0,0,0,0,1,0,0,0,0,0,1,0,1,EMP,synthetic_corpus_v2,syn_27551f4deb3a,synthetic
7.225114843679403,2.3897665322155346,4.078621843031679,1.4324683250743382,1.8834781805211,3.2124963931895385,8.771907656921003,8.204554894568293,1.600518029836841,2.929114129688673,14.140283488957948,terrain,chimie_procedes,0,1,1,0,0,1,0,0,0,1,0,1,1,1,1,0,0,0,ICMP,synthetic_corpus_v2,syn_2dc0dac12c5e,synthetic
4.323482810833211,1.2978532940044338,4.4770660549678984,4.2079167415066765,1.573437013318274,5.240028514041408,1.578611026630591,7.316161456385925,6.766552326147758,5.040617518685196,8.961307834664021,terrain,tourisme_hotellerie,0,0,0,0,0,1,0,1,0,0,0,0,1,0,0,1,0,1,TEE,synthetic_corpus_v2,syn_bd9827b1b0de,synthetic
9.602673914838238,6.237027686026022,6.590660792431967,3.789076502893086,3.768008977407125,3.7282885013565474,3.325991912631696,2.511304910813225,3.3398212472633384,5.493114646915684,16.37900798290404,labo,data_science,1,0,1,0,0,0,0,0,1,0,0,1,0,0,1,0,0,1,ISAIA,synthetic_corpus_v2,syn_0dd3cb4034bf,synthetic
6.7629537035393605,3.5477323852488816,7.021387825163985,1.6076324096529269,0.0,7.492495125974825,3.3603056780172627,3.4123654052863466,6.111177953331943,7.277799577365336,11.010390003786334,bureau,finance_compta,0,0,1,0,1,1,1,0,0,1,0,0,0,0,1,1,0,1,FIC,synthetic_corpus_v2,syn_fb94c01edf73,synthetic
5.419399590434471,7.372195455437167,6.702859079470298,5.145769720637549,3.660357683021603,7.016436349558068,5.150345315056463,1.107734247675154,4.7398694516223445,3.1979484549650152,12.395468358884369,bureau,developpement_logiciel,1,0,1,0,0,0,0,0,1,1,0,0,0,0,0,0,0,0,IGGLIA,synthetic_corpus_v2,syn_488289cb309a,synthetic
4.014828364080262,2.0776826336182532,5.495287742737836,3.9020150881458635,0.3441897053919911,5.779121542606913,3.748594115119253,4.6457641839442125,7.910734319537073,5.138593487311085,11.83672153889951,bureau,agroalimentaire,1,0,0,1,0,1,1,1,0,0,0,0,0,1,0,0,1,0,TEE,synthetic_corpus_v2,syn_4a53aa5867f8,synthetic
2.4316259033150436,1.6165676367702169,3.6051389954838924,5.63172216913549,2.4267515406654336,8.810386610410209,2.598298395893191,3.2830215369930924,10.0,4.791596039165778,13.512819204382653,startup,data_science,0,0,0,1,1,0,1,1,1,0,0,1,0,1,0,0,1,0,ISAIA,synthetic_corpus_v2,syn_2c2ac3770f03,synthetic
5.546218304532111,2.6397699616672035,4.368653032048656,2.2005256499264862,1.676836721623651,4.8237916004318535,2.963871872191956,4.550927697325649,8.19374530478853,10.0,11.817583828635868,chantier,droit_affaires,0,0,1,1,1,1,1,0,0,1,1,0,0,1,1,0,0,1,DTJA,synthetic_corpus_v2,syn_c01f2af8f238,synthetic
5.651227670453558,3.2722310716731564,2.642248774670791,1.233922441597122,4.994517239293448,5.3707446470400475,8.030496993153777,7.829157928360039,4.597160284416088,4.646819595419242,12.393189452378476,terrain,chimie_procedes,1,1,0,0,0,0,1,0,0,0,0,0,1,1,0,1,0,0,ICMP,synthetic_corpus_v2,syn_5fb733eb2a53,synthetic
4.952713999296546,6.001167583452306,5.845209202833789,6.7669918044050865,2.435906174027023,6.944855090230916,3.0872174880845717,1.2190582258051006,5.526210118997892,2.6336128013329643,10.041125314454945,startup,developpement_logiciel,0,1,0,1,0,1,1,0,1,1,1,0,0,0,0,0,0,0,IMTICIA,synthetic_corpus_v2,syn_5b1e10003480,synthetic
5.045998030558108,2.675640723853731,7.696331826012286,3.2646275144488737,2.168026814919542,4.756707285114658,4.833263204992494,6.272660030884145,5.150589963686972,5.56088074265502,13.707550346164407,labo,recherche_appliquee,0,0,0,0,0,0,1,0,0,1,0,1,0,1,1,1,0,0,IAA,synthetic_corpus_v2,syn_5e6f04c6004b,synthetic
5.503404858914421,0.0,4.668583309278686,2.6183468142754127,3.4014331376224303,6.806394268546048,1.7990148800570636,3.2798614709581626,6.726654306597486,8.919109049482453,14.293768468898957,bureau,droit_affaires,0,1,1,0,0,1,0,0,0,0,1,0,0,0,1,0,0,0,DTJA,synthetic_corpus_v2,syn_c02ecdf01b51,synthetic
6.950828731734811,4.823788828178518,6.455619035215403,7.6045263360250095,3.5385625352517756,6.915289526195117,2.9516650292853344,3.338510086160219,5.631428882559606,4.7183668752730235,14.732127848751603,remote,developpement_logiciel,1,0,0,1,1,0,0,1,0,0,1,1,1,0,0,1,1,0,IMTICIA,synthetic_corpus_v2,syn_beff02fc90b9,synthetic
5.9951364355198615,2.864775136764487,4.066692350277623,3.751067587273492,6.070619967030727,5.100720764210558,7.4040750217480955,7.484234275651711,6.224106924668982,4.704658599744179,15.493794362879797,labo,agroalimentaire,0,0,0,0,1,0,1,0,0,1,0,0,0,1,0,0,0,0,ICMP,synthetic_corpus_v2,syn_16a698cd7f4a,synthetic
7.305630521521049,2.9935830594396995,6.320841766941643,1.5801388986789062,3.4878985794048485,5.366841249121372,6.855095607881412,7.081503416655231,5.627824130846092,0.3177056823285471,14.334462829939397,labo,chimie_procedes,1,1,0,0,0,1,1,0,0,0,0,0,1,1,0,1,0,0,ICMP,synthetic_corpus_v2,syn_8b7c889f1469,synthetic
7.4189922938985955,1.5850757311701056,3.7653121124882114,1.943682555677796,1.6107325610179153,4.365658727637757,4.327300102771382,7.068271613868346,1.5195807423681171,3.842001412644462,11.494414067849108,chantier,agriculture_elevage,0,1,0,0,0,1,0,0,0,0,0,0,1,0,0,0,0,0,AEE,synthetic_corpus_v2,syn_34af1812135b,synthetic
6.0400201211556555,3.4807788820845453,8.74982739322324,3.613378054181852,1.8499364659509083,7.528486187118245,1.9992678609139167,2.691861676597215,5.945755637722079,9.821556341669183,12.846743555417858,bureau,finance_compta,0,1,1,1,0,1,0,0,0,1,0,0,0,0,0,0,0,1,FIC,synthetic_corpus_v2,syn_bd789dabf0de,synthetic
6.73812535035752,3.179630121503951,5.45168003459136,3.727313745685063,2.8977960413409973,7.648494974183835,3.123913621598975,2.934385892135543,7.723677726022292,5.569842059510524,13.9123596851729,remote,gestion_projet_si,0,1,0,0,0,1,1,0,0,1,0,0,1,1,0,0,0,1,EMP,synthetic_corpus_v2,syn_edc6330d7577,synthetic
6.441062800897032,3.0716880898816314,5.746734450475735,1.3097987489940222,0.7217837740790336,8.937338093853946,4.5760531778329865,1.3312518279064114,7.2789533387164616,9.219916661184545,13.89452825807379,startup,gestion_projet_si,1,0,1,0,1,1,0,0,0,0,0,1,1,0,0,0,1,1,EMP,synthetic_corpus_v2,syn_d0f222282d8f,synthetic
4.036476082431509,8.01070397869656,3.5407924192511038,10.0,3.693026914195804,6.129237739897387,2.051677301513553,5.1489794239799345,6.026097935432316,2.4435253262896284,12.08757890988821,bureau,recherche_appliquee,1,0,1,1,0,1,0,0,0,0,1,0,0,0,1,1,0,0,IMTICIA,synthetic_corpus_v2,syn_0b3728ae7c09,synthetic
7.50144002959052,4.352842275406039,4.8523519676526865,2.1809297366933733,7.8968897035398316,3.6807464081873107,7.751847709270983,1.3468269047620318,4.463355692354835,2.7047922632020285,14.177028562160675,terrain,industrie_automatisme,1,0,0,0,0,0,0,1,0,0,0,0,0,1,0,0,0,0,EMII,synthetic_corpus_v2,syn_588627228e0b,synthetic
4.735498097784426,9.403773421418222,5.1331300390113155,2.8364109565683666,1.9646205184028027,8.217700715579934,3.4774083585559867,3.1699084287897987,4.151884096289533,2.6890912959215174,15.564278573065817,terrain,gestion_projet_si,1,1,1,1,0,0,1,0,0,1,0,0,1,0,0,0,1,0,IGGLIA,synthetic_corpus_v2,syn_b66b670d902a,synthetic
5.556027657274612,3.807445651024281,3.5709962281486805,3.6727278041441536,3.9365069449361276,6.780732169519813,4.488917307047769,9.543127718708098,6.294699730009355,2.9443917126303463,13.370279164612398,atelier,agroalimentaire,0,1,0,0,0,0,1,0,0,0,1,0,0,1,0,1,0,1,IAA,synthetic_corpus_v2,syn_70d91bec43f9,synthetic
6.611945269859744,2.4991804886088813,5.132831917698535,3.019613982606163,2.6696478052849635,4.453595198562963,7.342709433177762,6.177637153458253,4.925053761697545,4.391596254150823,13.426976187785407,terrain,chimie_procedes,0,0,0,1,0,1,0,0,0,1,1,1,1,0,0,0,1,1,ICMP,synthetic_corpus_v2,syn_81c46f11e78d,synthetic
6.4408029516169165,2.9085294296158097,5.397705112740476,1.6923704832546984,5.759960203749125,2.9265826876414893,8.703660123750218,6.453824009313744,2.437296472311872,3.9461318669964394,13.937749746600296,labo,genie_civil_archi,1,1,0,0,0,0,1,0,1,0,0,1,1,1,0,0,0,0,ICMP,synthetic_corpus_v2,syn_072b42924c09,synthetic
4.312573570214907,6.076728455805776,4.42562923701885,9.908226874422494,4.582053626932429,7.244124704727751,1.4589277243798289,2.168977566780364,6.482036766972444,2.8364611892297322,11.613877970301758,startup,developpement_logiciel,1,0,0,0,1,0,0,1,1,0,0,0,0,0,0,0,0,0,IMTICIA,synthetic_corpus_v2,syn_64a83e5d1e70,synthetic
4.64094570952992,8.45256947165056,4.50947295995042,10.0,3.2009799376003505,5.969850964310517,4.7140736863715045,1.457717747797348,6.059981995648442,2.456653421653064,12.700582696784553,remote,developpement_logiciel,0,1,0,0,0,1,0,1,1,1,0,1,1,0,0,0,0,0,IMTICIA,synthetic_corpus_v2,syn_16719415b471,synthetic
5.597173868023576,2.290726130432767,5.279086398303995,3.9364977162977386,1.6122592218074452,7.308524423962993,2.0265793640422225,3.183518890965642,7.704545074207639,6.732016663793713,11.986830226346564,bureau,commerce_gestion,0,0,1,0,0,1,1,0,1,1,0,1,1,0,0,0,1,1,CAA,synthetic_corpus_v2,syn_3acfe95a8cb2,synthetic
6.034878748900228,6.455693742899988,3.0043812420203606,8.310937929460499,0.88245576865318,5.654639012805469,2.8761738823311642,1.101853972626077,8.822173951477948,2.1503780704483315,13.00540019643697,startup,developpement_logiciel,1,1,0,0,1,0,0,0,1,0,1,1,0,1,1,0,1,0,IMTICIA,synthetic_corpus_v2,syn_63b679e3c654,synthetic
5.865874946364366,10.0,6.249096533751471,2.708026747365321,1.963804281696613,6.7173250620110325,2.940217167077743,2.560360682438235,6.828931482310385,4.353567604148369,13.681165583733897,remote,gestion_projet_si,0,1,0,1,0,1,1,1,0,1,0,0,0,0,0,0,0,0,IGGLIA,synthetic_corpus_v2,syn_01f267386a85,synthetic
5.393450560568529,3.5200769064832986,3.897452057072128,1.5114163897578718,2.045089689800599,5.919448956383101,3.0514036598014935,9.752744103820369,5.367286454601545,4.29863420121834,13.626991270996513,terrain,agroalimentaire,0,0,1,0,0,1,0,0,0,1,0,0,0,1,1,1,0,0,IAA,synthetic_corpus_v2,syn_2eb169f6cd89,synthetic
8.367004888074604,4.938506610136924,4.742094157998281,4.474541042007113,9.751872624462075,6.069516875523974,7.874831114868915,4.411268893082591,3.2967048930662015,4.3014582691999,14.942778707644136,terrain,electronique_embarque,1,0,1,1,0,1,0,1,0,1,0,1,0,0,1,0,1,1,EMII,synthetic_corpus_v2,syn_5af6334ff94b,synthetic
7.521787387013771,5.271442121715148,5.196505829414604,4.095424546765813,7.744336275972346,6.162356173155562,8.356853796605781,1.561648719813776,5.790465601727593,2.7661203010105626,10.490629474074503,atelier,electronique_embarque,0,0,0,1,0,1,1,0,0,0,0,0,0,0,0,0,0,0,EMII,synthetic_corpus_v2,syn_0daaf1730dfd,synthetic
5.060642172589791,5.068399603536481,6.813465221924691,1.3303705563335435,4.940134640206278,3.3518569299204723,6.593311387374011,6.281272172249604,4.641430966432784,3.1112448132800976,12.96174974473439,terrain,agriculture_elevage,1,0,0,0,0,0,1,0,1,1,0,0,0,1,1,0,1,0,ICMP,synthetic_corpus_v2,syn_8f9c1940c772,synthetic
7.288028286506592,4.624914365187488,4.777086675110601,2.9025044669855977,5.266942927957337,3.5854298476506616,3.2496858102348645,10.0,4.239463718253759,4.312144157930276,15.136241997788453,labo,agroalimentaire,0,0,0,1,0,0,0,0,0,0,0,0,1,0,1,0,0,0,IAA,synthetic_corpus_v2,syn_cbd40e3b4bb1,synthetic
7.351126654151075,4.761862761531441,8.569919115923856,4.30814861283736,2.821053992122091,2.654329559021434,2.328779906578207,4.602795403798582,5.260794382913391,2.554377993418794,13.575207937567653,labo,recherche_appliquee,0,0,0,1,1,0,0,1,0,0,0,1,0,0,0,0,0,1,ISAIA,synthetic_corpus_v2,syn_29437e6518a8,synthetic
5.430950385452454,2.855003356345474,5.492027379728756,4.992046611957937,0.9464124538499961,7.768998509165504,2.83451708367911,2.7494029924830787,7.395168771169883,8.433944009605309,12.84828256561963,atelier,droit_affaires,0,0,1,1,0,1,0,0,1,1,0,0,0,0,0,1,0,1,DTJA,synthetic_corpus_v2,syn_0266660ef50c,synthetic
4.002550042171531,3.5917986702087408,3.94281472392626,5.398537092596935,2.4026019783222816,6.245654877561609,3.0049228931224823,6.734669349590705,9.764173677361734,4.145284490136699,10.351609829231126,terrain,tourisme_hotellerie,0,1,0,0,1,1,1,0,0,1,1,1,0,1,0,0,0,0,TEE,synthetic_corpus_v2,syn_1b9ed07f2648,synthetic
5.364626060286808,4.979097673493595,5.662297335285103,0.7862957501365866,4.1310170754556275,7.428690858286087,2.6581768464252775,2.85886868049509,6.802428607226431,6.525303474252264,11.485425136159407,bureau,finance_compta,1,0,1,0,0,1,0,0,0,1,0,0,0,1,0,0,1,0,FIC,synthetic_corpus_v2,syn_aec9fcfe686e,synthetic
6.77082639462046,3.45921252988134,4.280351461581932,3.471919810262927,4.3586133444218795,5.093160794179059,5.748171403229857,8.686194894715344,3.181682904766737,3.0373407752116224,11.688578139342297,labo,industrie_automatisme,1,0,1,0,1,0,1,0,0,0,0,0,1,1,0,0,0,0,ICMP,synthetic_corpus_v2,syn_a4adf9f4ea2e,synthetic
5.463573152098902,3.8332205767138676,4.619503076649764,4.047150632866846,1.5129926436323717,4.886945208242359,1.4275560495368296,1.7371660842054548,7.698397468715825,8.129871136969342,12.256898879994003,bureau,droit_affaires,1,0,0,0,1,0,1,0,0,1,1,0,1,0,0,0,0,1,DTJA,synthetic_corpus_v2,syn_e077de58f007,synthetic
6.430263156133077,6.319107070608551,3.7210884126133204,3.9475511681426827,3.1100027072501035,4.8644418698254315,6.920653355127193,6.368918768661177,2.842759784458661,4.83792674709415,14.99285113569929,atelier,industrie_automatisme,0,1,1,0,1,1,1,1,0,1,0,1,1,1,0,1,0,1,ICMP,synthetic_corpus_v2,syn_2baf26039f29,synthetic
7.299597488896312,6.057262916428244,4.586641127407689,2.8638129347919428,7.935878993255887,3.1533943353763942,6.074260080463468,1.3167435500859872,4.65972428764815,5.077392315734954,12.536251158027039,terrain,industrie_automatisme,1,0,0,1,0,0,1,0,1,0,0,0,0,1,1,1,0,0,EMII,synthetic_corpus_v2,syn_fe245f34b384,synthetic
7.225470219580289,2.8078753862846413,3.936936758913025,5.338205270310325,3.159008564864461,4.666583294555559,9.325412366668075,5.480066912926596,3.6872091329981784,3.795428908359314,16.614036366592284,bureau,genie_civil_archi,1,1,0,0,1,1,1,0,0,1,0,0,0,0,0,1,0,0,GCA,synthetic_corpus_v2,syn_16e170ac2a35,synthetic
7.818052933757344,6.275415148794856,7.323099395973363,3.303645100560876,3.053118716281152,4.67382378693418,5.888010739265603,3.423875430978341,4.677092125903557,5.863037359092984,14.680873102741822,remote,data_science,0,1,0,0,0,1,0,0,1,0,0,1,0,0,0,0,0,0,ISAIA,synthetic_corpus_v2,syn_4f7018572a64,synthetic
6.832943117985731,10.0,5.78851389890398,3.694621492061279,3.919592534876062,7.548735036235589,4.68925916630022,3.75453530541004,4.508772342440966,5.7030838988200205,15.617287220667215,bureau,developpement_logiciel,1,0,1,0,0,1,0,1,0,1,1,0,0,1,0,0,1,0,IGGLIA,synthetic_corpus_v2,syn_e9e73ca782f5,synthetic
7.825736172463211,5.778419493622943,4.742459604327299,2.464857494275697,6.430355797360261,4.978158660334334,8.239808466364316,2.7364820178648444,2.8478060911886276,2.698873320923542,14.85839314400917,labo,chimie_procedes,0,0,1,1,0,1,1,0,1,0,0,0,1,1,0,0,0,0,EMII,synthetic_corpus_v2,syn_9a0fbdbe15d8,synthetic
7.276652780634884,5.821459276743941,4.666131600508482,1.3810659858790972,8.481980846517565,4.9671995664082615,6.12279207805148,1.50697355506415,3.688448795595232,4.898061270471557,9.656311940807932,labo,recherche_appliquee,0,0,0,1,0,0,1,0,0,0,0,1,0,0,0,0,0,0,ESIIA,synthetic_corpus_v2,syn_c3dfd8f8af3a,synthetic
7.622636925491838,7.531491115939284,4.261059558119829,5.554752058917179,7.995008472338741,3.8555876445697512,8.155050931194513,2.256598449637497,2.142317345013519,0.0,11.611362711990452,labo,industrie_automatisme,0,1,1,1,0,0,0,0,0,1,0,1,1,1,0,0,0,0,EMII,synthetic_corpus_v2,syn_2b6ea157658f,synthetic
3.466415976946373,2.172328251432779,5.020851541306025,4.670104283724227,3.4909152187244157,10.0,0.6929247377612866,1.2650471424214078,6.4346900090808195,8.377990783454184,12.371469937099867,remote,commerce_gestion,1,0,0,0,1,1,0,0,0,1,0,0,1,0,1,1,1,0,CAA,synthetic_corpus_v2,syn_925e59e1ba1f,synthetic
3.1921134272269667,3.373097501960975,5.959247336626814,4.167550748417627,3.735145860849366,7.387827885357785,2.291858281180553,6.762375762267322,7.164544183467553,4.581311148844175,10.339418587456347,terrain,tourisme_hotellerie,0,0,0,0,1,1,0,0,0,0,1,1,0,1,0,1,0,0,TEE,synthetic_corpus_v2,syn_a46d96f9c13f,synthetic
5.895025128529325,8.135860553487078,7.187977931394682,1.8313821896781608,3.79183054392187,7.9627283774793804,5.4480818143556675,0.9644236614080843,3.7891214267187676,5.541591778595764,12.898460109824589,startup,gestion_projet_si,0,1,0,0,1,1,1,0,0,0,1,0,1,0,1,0,0,0,IGGLIA,synthetic_corpus_v2,syn_3d2a9c863ad3,synthetic
5.25251591380354,3.4489906469498557,4.841379797168558,4.551381446215682,0.39244241930051293,7.483883321148947,1.7137256653558626,2.8388784951644,6.515684429123312,5.900519359438012,11.41111963058337,startup,commerce_gestion,0,0,1,0,0,0,1,0,0,0,1,0,1,0,0,1,1,1,EMP,synthetic_corpus_v2,syn_997d1e2d80cf,synthetic
7.6594357614809425,1.6282410712001316,5.522571933743974,2.5811632018674335,1.9953492986412673,2.0098232425201554,8.592305454490685,8.080605769849484,4.597421780207766,5.359304300165394,14.246089596407852,terrain,chimie_procedes,0,0,1,1,0,0,0,0,1,1,1,1,0,1,0,1,0,0,ICMP,synthetic_corpus_v2,syn_db192f820b33,synthetic
6.588892769867749,9.375387135822985,6.191342925372614,4.531471332625863,4.756280644500025,8.216982479223905,2.4447516544663888,2.843387996234007,6.735039047551246,4.722610539664318,14.570537162743957,bureau,developpement_logiciel,1,1,1,0,1,0,0,1,0,1,1,0,1,0,0,1,0,0,IGGLIA,synthetic_corpus_v2,syn_22166222d1b4,synthetic
3.4162212428951877,5.486549371950197,6.97773942913787,9.375731524354348,4.319330370624841,5.340684940094015,4.043069982609325,2.020362511103039,6.768297861797506,3.373477899415332,12.3483569896858,remote,developpement_logiciel,1,1,1,0,1,1,1,1,1,0,0,1,0,0,1,0,1,1,IMTICIA,synthetic_corpus_v2,syn_6d5075b9f4be,synthetic
5.818288151060104,8.900136319242751,4.035996354114924,5.4449672896147785,0.8319750956887626,6.19255764064382,4.298308461034609,3.2100000374242943,5.235449950105057,3.4277063545778086,8.991106360828404,atelier,gestion_projet_si,0,1,1,0,0,1,0,1,0,0,1,1,0,1,1,0,0,1,IGGLIA,synthetic_corpus_v2,syn_778e351d03b1,synthetic
4.398225720514315,5.386570926880097,3.867162996170198,8.384384644532119,3.2620801088341747,6.516201411087891,3.235541713394027,0.872062494462756,5.8188334909423185,4.328232022187523,15.30203177919207,bureau,multimedia_ux,0,0,1,1,1,0,0,0,1,0,0,0,0,1,0,0,0,0,IMTICIA,synthetic_corpus_v2,syn_ce1dd1857c4b,synthetic
5.701402337731419,5.219024695108686,3.1222701905139045,9.809697882862029,3.3387343416918474,6.082909628337153,2.7019331329406526,3.159530579932883,5.158233568324075,4.042169079878217,10.870482573775512,bureau,chimie_procedes,0,1,0,0,1,0,0,0,1,0,0,0,0,0,1,0,0,0,IMTICIA,synthetic_corpus_v2,syn_a92a9ed2e5fc,synthetic
9.809598610921697,5.620606619077472,4.2919677570106645,2.209098752369245,8.92977422001682,4.243547027394867,8.287148626012645,2.3906182521683177,4.056597106267737,3.4234352585153394,14.859661501921513,atelier,electronique_embarque,0,0,1,0,1,0,0,1,1,0,0,1,0,1,1,1,0,0,EMII,synthetic_corpus_v2,syn_e9b0be096848,synthetic
8.072026739547697,2.309582953330964,4.704710109886773,4.58407203211237,3.1750815855632033,5.273226397674878,7.8254078744737985,2.7203967704065306,3.7577995560861748,5.725550857302072,11.535013664103095,terrain,genie_civil_archi,1,1,1,0,1,0,1,0,1,0,1,0,0,0,1,0,1,1,GCA,synthetic_corpus_v2,syn_d5e3c3c39396,synthetic
7.603823624470922,10.0,5.313496133252874,6.316165928823506,4.302043136353907,7.830563797586491,2.0891553399785936,1.8850176398800689,4.952578880452347,4.653139776460389,14.096305601078766,remote,multimedia_ux,1,0,0,0,1,1,0,0,0,0,0,1,1,1,0,0,0,1,IGGLIA,synthetic_corpus_v2,syn_4961ce5d3a8b,synthetic
6.579663333845262,6.506108756638497,5.346553550709793,0.9956313501075003,7.961604110358834,3.60108397443725,7.6866350234291625,0.836059344716827,2.137586116240123,3.1849292805474905,14.761161469357424,atelier,recherche_appliquee,1,0,0,0,0,0,0,1,0,0,1,0,0,0,0,0,0,0,ESIIA,synthetic_corpus_v2,syn_8d22c7cc0661,synthetic
6.281583788135786,6.555120966844447,3.907400338645549,1.4630745122849818,2.4404066515795235,6.551759300343753,2.4948652354145384,2.1806304065032878,4.423343005021298,3.6806017681931067,13.31381795604954,remote,gestion_projet_si,0,0,0,0,0,1,0,1,0,1,1,0,0,0,0,0,0,0,IGGLIA,synthetic_corpus_v2,syn_69b515c16c09,synthetic
6.209603914603991,1.9371635378320748,3.5424353493813827,3.639177685529071,1.3026564833138743,9.173484234757758,2.636499073097882,2.937338651228514,6.938474775442899,7.280287655644715,14.737131890045912,bureau,commerce_gestion,1,0,1,0,1,1,0,1,0,0,0,1,1,0,1,1,0,0,CAA,synthetic_corpus_v2,syn_8dce9c7ee3e3,synthetic
10.0,4.0940240774276635,9.951521374424544,3.387324805293654,6.160430733074445,7.022788917408017,4.789565204200244,2.9524461232267467,6.27925945728348,4.670655640865017,14.852168048691642,bureau,recherche_appliquee,1,0,0,1,0,0,1,1,0,1,0,0,1,1,0,0,0,0,ISAIA,synthetic_corpus_v2,syn_2d8eefe1afdb,synthetic
5.749213149732424,1.4600532949550729,2.9854485955984993,4.096303381617615,1.7964816287248293,8.935585160944012,1.1640432654834951,2.7730799035434215,6.8912265021865675,6.871725787825827,14.88165806740816,bureau,commerce_gestion,0,0,1,0,0,1,1,0,0,1,0,0,1,0,0,0,0,1,CAA,synthetic_corpus_v2,syn_71ff6d4f185a,synthetic
3.730623906352391,6.30470869695716,5.21092307566569,9.144138451164151,5.346418953028753,4.8801442124008885,4.265683717212604,4.92312911500944,8.771368114909107,4.762493718634876,10.406639248569556,startup,multimedia_ux,0,1,1,0,1,0,0,0,1,0,1,0,0,0,1,0,0,1,IMTICIA,synthetic_corpus_v2,syn_d491724e2b4f,synthetic
5.657824029856929,8.907537939298605,3.875142008017083,4.542024838354998,2.9478206025317326,6.339139031437482,3.0648333320874266,1.070998038749578,5.419441029510841,5.151733650704977,15.056307953338656,startup,developpement_logiciel,1,1,0,0,0,1,0,1,0,1,0,0,0,1,0,0,0,0,IGGLIA,synthetic_corpus_v2,syn_861a3e3c7e0e,synthetic
5.316339152000135,1.1153689622565437,5.267088649808278,6.175248045043833,0.3070080115426712,4.593104479280538,2.6917935972948994,7.074550331971704,5.77071145023032,5.309524845049995,13.337689273246093,bureau,tourisme_hotellerie,1,0,1,0,1,0,0,0,0,0,0,0,0,0,0,0,1,0,TEE,synthetic_corpus_v2,syn_d223a80bef08,synthetic
6.271390970321811,9.651195996179542,3.3524169708306033,2.977350711896639,3.117470439658014,6.9521140428038395,5.302738390191372,0.5223898594812226,0.9891171110905375,6.3939637840149555,11.270516311452738,remote,developpement_logiciel,0,1,1,1,0,1,0,1,0,1,1,1,0,0,0,0,0,1,IGGLIA,synthetic_corpus_v2,syn_9022cbb6b180,synthetic
5.819288987877914,7.460907294317369,4.090403367352116,2.187038553348646,9.664330004091623,6.296337026844416,7.00030095698925,0.17954422289033323,3.570572022675412,2.6742066324501934,12.936662631825607,bureau,electronique_embarque,1,1,0,1,1,0,1,1,1,0,0,1,1,0,0,0,0,0,ESIIA,synthetic_corpus_v2,syn_d17edd2d97e1,synthetic
6.965155573716217,6.019225859709561,5.117573915977358,0.5832673922330383,6.347194822159989,5.701820981012461,7.435458253463855,2.2870567046953894,1.863753331957109,0.4969840382361732,13.552564827381477,startup,electronique_embarque,1,1,0,1,1,0,1,1,0,1,0,1,0,0,0,0,0,1,ESIIA,synthetic_corpus_v2,syn_bb6f9c863144,synthetic
5.265943230522561,4.534613838452851,2.1511633487831676,6.295766640404903,2.2333091635405453,7.371744691589026,1.7448583442888888,3.5157661099381823,9.69085968538462,6.657656374361185,12.869154850454407,bureau,commerce_gestion,0,1,1,0,0,0,0,0,1,0,1,1,0,1,0,0,1,0,TEH,synthetic_corpus_v2,syn_0e1227f14c32,synthetic
6.947042463162894,2.7178521301519387,6.858328608999008,2.79339314714458,3.1792390569036706,5.488431203102591,5.582643536505733,3.4174031587478133,6.94083161778814,7.428445099662648,12.975967517382186,bureau,gestion_projet_si,0,1,1,0,0,1,0,0,1,1,0,0,1,0,0,0,0,1,EMP,synthetic_corpus_v2,syn_d270ab71f84a,synthetic
4.887264591662045,2.5701834160135215,6.629405666027484,5.362084952229471,1.8519486971711778,8.10527687759288,2.941473676292461,2.7661645983819945,6.3054188329589245,7.972211249735257,13.449600202732185,bureau,commerce_gestion,1,0,0,1,0,1,1,0,0,0,1,0,1,0,0,0,0,0,EMP,synthetic_corpus_v2,syn_31d53386a6bf,synthetic
4.189180787671688,2.9448466055147486,5.791690080598621,3.2667336357404304,2.249673082684586,5.835975275774434,4.512779720786163,2.657683654659021,9.86760109297063,4.873521632381469,15.563036011088368,terrain,commerce_gestion,1,0,0,0,0,0,0,0,0,0,1,0,1,0,0,1,0,0,TEH,synthetic_corpus_v2,syn_4cb0147e0a3c,synthetic
5.103327948392769,7.397219374994367,5.063424297389722,5.593432467364964,4.626213403764355,7.890260297432201,4.01991726007066,2.6355325098831304,4.977200576552444,3.9717176906242386,12.616642510913175,startup,developpement_logiciel,1,1,0,1,1,1,0,0,1,0,1,1,0,0,1,1,0,1,DTJA,synthetic_corpus_v2,syn_c4a6467529d5,synthetic
5.3368147363369465,0.0,3.665791269693643,4.318819613075361,1.2477781291130914,6.641352600117043,3.4968306457085028,4.02607609549316,8.434795915988161,5.1592905886521265,14.42919091680154,bureau,commerce_gestion,1,0,0,1,0,0,0,0,0,1,1,0,0,0,0,1,1,0,TEH,synthetic_corpus_v2,syn_3c28d2702d86,synthetic
4.615430183235191,7.600039104456688,2.713380468052467,8.853240622060907,5.003955505104935,4.426380533753642,2.231083514687773,1.7506073815627736,7.75344589746803,3.6511418395767996,13.806636048111457,bureau,chimie_procedes,0,1,1,0,1,0,0,0,1,1,1,0,0,0,1,1,0,0,IMTICIA,synthetic_corpus_v2,syn_77ff33274028,synthetic
6.327454719033232,2.5238533548465956,5.069098667940041,2.9132285044823987,1.6541113390243718,8.898677731134722,3.396508601019631,3.5390926495334405,10.0,8.082250360939842,14.825639008928263,startup,gestion_projet_si,1,0,1,0,0,0,0,1,1,1,0,1,1,0,0,0,0,1,EMP,synthetic_corpus_v2,syn_17ee9c600454,synthetic
7.994825847937837,1.8006671199965556,3.359531436509095,3.1502548184293984,5.587414183173117,3.2009357313978644,8.350252530916457,6.844913355637937,4.546088892799069,3.329661490937187,12.413532179143461,terrain,industrie_automatisme,0,0,1,0,0,1,1,0,1,1,0,0,0,1,1,0,0,0,ICMP,synthetic_corpus_v2,syn_484bf3329a44,synthetic
8.744993529092682,6.621061991124315,4.7536795130072615,6.3400397486129485,7.193682163525631,5.396132709878202,9.221541738102374,4.253303812055067,4.985491791537282,1.6556564901640793,11.441700774996558,labo,gestion_projet_si,1,0,1,1,0,1,1,0,0,1,1,1,0,1,0,0,0,0,EMII,synthetic_corpus_v2,syn_5e21c0fa838f,synthetic
4.822046291648859,3.8377673932384244,4.804811706651654,1.783684490260423,1.138628752749939,5.379738836960708,2.143815181879477,8.396313434810391,7.98010147183766,3.7878404728739206,13.251604332688231,bureau,tourisme_hotellerie,1,0,0,1,0,1,1,0,0,1,0,0,1,1,0,0,1,1,TEE,synthetic_corpus_v2,syn_720ac1db051e,synthetic
7.33781497300794,6.201233569884371,3.16893128990382,2.5302078219532635,7.814936650626308,3.8926894358610404,9.788568983918392,3.306977716270424,4.4076052505089836,2.6886846853146458,12.455571848778806,atelier,electronique_embarque,0,0,0,0,0,0,1,1,0,0,0,1,0,1,1,0,0,0,ESIIA,synthetic_corpus_v2,syn_5436aed0e522,synthetic
3.5236355658414817,3.2195874187816256,3.0039172554734255,4.391357574810327,1.9055545098587754,5.802328137312619,2.7008169635467527,4.791095160736635,9.60527808420542,4.223691250152467,9.389473695538335,terrain,tourisme_hotellerie,1,0,0,0,0,1,0,1,1,0,1,0,0,1,0,1,1,0,TEH,synthetic_corpus_v2,syn_82c1e796151d,synthetic
7.792828792682995,5.506870616137665,4.222419928807236,4.111589021300118,5.955345020500708,4.036862181280566,7.799681053242505,1.4468631178630686,4.222837423200965,1.9658519791979874,12.119248314286363,chantier,electronique_embarque,0,1,0,1,0,1,1,0,1,1,1,0,0,1,1,0,0,0,EMII,synthetic_corpus_v2,syn_dfda975d00ca,synthetic
3.7323542768252342,2.174187303805052,6.58894834163098,6.434474024760815,3.9007313075791,9.244118236316993,1.549753665330475,1.772287364114451,7.458395453108257,8.97508883235804,12.416395839704053,remote,commerce_gestion,0,0,0,0,1,0,1,0,1,1,0,0,0,0,1,1,0,1,EMP,synthetic_corpus_v2,syn_a2fc2f679243,synthetic
4.928233325578793,3.275963247536002,4.785435286736286,4.437244092205495,2.271751456639811,7.8180153255438745,3.855300368813001,3.3537309251442404,9.252687212026352,5.65496855196186,11.985882200295842,startup,commerce_gestion,0,1,0,1,0,0,0,1,1,0,1,0,0,0,1,0,1,0,TEH,synthetic_corpus_v2,syn_bb2b2f8ed475,synthetic
6.426699319289467,8.819233286835896,4.377918768110136,2.95293779979138,5.244349418605628,6.845630807472486,3.0185622181103615,3.3658135864324383,2.141780232017864,4.290288248342107,12.765970919335405,remote,developpement_logiciel,0,1,1,0,1,1,1,1,1,1,0,1,0,1,0,0,1,0,IGGLIA,synthetic_corpus_v2,syn_3db9cacefc59,synthetic
2.387608338782858,0.6003077999524531,5.554898981358155,2.8356384632270424,0.0,4.981333565179631,4.106741541892877,5.973379767568475,9.725528811445963,6.444396657250957,12.371346473409732,bureau,tourisme_hotellerie,0,0,0,0,0,1,0,0,0,1,0,0,0,0,0,0,1,0,TEE,synthetic_corpus_v2,syn_6cc576b83f81,synthetic
4.793027198711396,3.146900080240071,4.93559873873469,4.49162739983653,0.0,8.700637997285083,4.27448038517815,3.849362743752077,6.239701667564835,8.416825259484492,11.761759572111542,bureau,commerce_gestion,1,0,1,0,0,1,0,0,0,0,0,0,0,1,0,0,0,0,CAA,synthetic_corpus_v2,syn_90e65d41f1a5,synthetic
6.110311310045225,3.3714382237110163,7.885792809162627,3.0130323290101786,0.21931406052136548,6.51387486007539,0.21076012598816884,2.220468871642754,4.354589211326538,7.569957905380295,13.865520689738355,remote,finance_compta,0,0,1,1,1,1,1,1,0,0,0,1,1,0,0,0,0,0,FIC,synthetic_corpus_v2,syn_40876d3b58dd,synthetic
7.364830186711589,7.836828143199289,4.063919246512876,1.4465045540294474,8.107878937646921,5.7096263822912565,7.810746621733126,2.240397800830542,3.8868544499268545,3.0273580529043933,14.71412693774691,labo,electronique_embarque,1,0,1,1,0,1,1,1,0,1,0,1,0,0,0,0,1,0,ESIIA,synthetic_corpus_v2,syn_13eb3d9b8bfa,synthetic
5.427235094044211,3.9877077233984815,7.6248756652848915,3.3891279923505584,1.2304962584797583,9.83295979403589,2.8063984185451627,3.2591271928481955,7.4979346091096435,7.967915471639646,12.22481223644621,startup,commerce_gestion,0,1,0,0,1,1,0,1,1,1,0,0,0,0,0,0,0,0,CAA,synthetic_corpus_v2,syn_8c442bba623e,synthetic
6.178244702410258,3.8003599396881853,6.977096170479287,2.6789534208787673,1.104089799121847,9.571252969471006,4.293665872634783,3.273524064771726,6.481676287959442,7.42415032883963,14.241289065626022,remote,finance_compta,0,1,0,0,0,1,0,0,0,1,0,0,0,0,0,0,0,0,FIC,synthetic_corpus_v2,syn_0e8c2add14db,synthetic
7.388976072758165,3.7995581595554953,3.7457714248789307,1.9161284021025535,5.680481363162886,4.3002933806264485,6.603043616824498,7.700243474732664,3.628215196817713,3.3114513352674235,13.70895772528676,terrain,chimie_procedes,1,0,1,0,0,1,1,0,0,0,0,0,0,1,0,1,0,0,ICMP,synthetic_corpus_v2,syn_e1a2e3f2f725,synthetic
7.542812931617982,7.193444788839405,3.575595252572972,1.6947923185266052,9.652154337151579,4.794034643558894,6.144569546675566,2.377182200983664,4.879570252090995,3.1901558337111,12.534768129874493,labo,recherche_appliquee,0,0,1,1,1,0,1,1,1,1,0,1,0,1,1,1,0,0,ESIIA,synthetic_corpus_v2,syn_68dbac3b4ab6,synthetic
7.693275700789933,6.801810933868716,5.751070344629154,9.47454813933107,3.499553037052013,3.9612300134648235,3.006329235988935,1.4604655547864687,6.519056287464941,3.9643048283573084,11.837223862401142,startup,multimedia_ux,0,1,0,0,0,0,0,0,1,0,0,0,0,1,1,1,0,1,IMTICIA,synthetic_corpus_v2,syn_324cc4d34463,synthetic
4.293001290356759,2.848843821171742,5.056128994879048,3.001605131535881,2.0284683494085662,3.8609169633993434,3.7541982161220084,9.79827250620243,3.616866532787454,3.059349570440555,13.487267087498257,terrain,agriculture_elevage,1,0,0,1,0,0,1,1,1,0,0,0,0,0,0,0,1,1,AEE,synthetic_corpus_v2,syn_2fe47a7561f9,synthetic
6.098889812404602,9.12561720657574,5.520037063890792,3.1719217343347386,4.540031654888532,7.750974792210777,1.7169272846692178,3.008921632203594,5.12273178601374,4.944288910466518,13.878193998189655,startup,agroalimentaire,1,1,1,1,0,1,0,1,1,1,0,1,0,0,1,0,1,0,IGGLIA,synthetic_corpus_v2,syn_72fcbf274380,synthetic
6.903716888134344,1.4056485093496454,6.59305450196417,2.267096814775784,0.9638023905993323,9.265269148903045,1.9231321545691429,1.9425638716795326,5.913452522372978,8.903024119500223,14.220491073164812,terrain,finance_compta,0,0,1,0,1,1,0,1,1,0,0,1,1,0,1,0,0,1,FIC,synthetic_corpus_v2,syn_4231082c3072,synthetic
5.4741078750945675,1.4335846651275916,2.024232509097449,7.953138389907016,2.4119365338463936,6.209971783793822,5.238716591304233,3.4323014665238882,7.285400016522338,6.5646530173969415,10.122091770358898,startup,commerce_gestion,1,1,0,1,0,1,0,0,0,0,1,0,0,0,0,1,1,0,TEH,synthetic_corpus_v2,syn_3d4c6d337f5f,synthetic
7.280046677329757,7.888899901072083,3.48528260951712,2.0025863474878776,4.638992895691812,5.9346172246457485,2.9537429739292227,4.157931523598546,3.753861889224774,4.052506396705095,13.809145714384682,remote,developpement_logiciel,1,0,0,0,0,1,0,1,1,0,0,0,1,1,0,1,0,0,IGGLIA,synthetic_corpus_v2,syn_de25bbff5c0f,synthetic
6.802431622410564,7.860706264843719,6.40798993751079,5.867708054951816,8.299198050996052,5.420862694138548,9.283157302681794,3.4028723096261047,3.4058055152807767,2.5323322168602376,14.187743557774704,atelier,recherche_appliquee,1,0,1,1,0,0,0,1,0,0,0,0,0,0,0,0,1,0,ESIIA,synthetic_corpus_v2,syn_be3b293c2cf4,synthetic
8.778214333404893,1.9762676550655467,5.125519778308709,1.1406598878767649,0.13838461018683135,7.0433272901543384,2.294537547725195,2.006935912368268,6.944912602809554,8.936394797615296,13.702190522679143,remote,finance_compta,0,1,1,1,0,1,0,0,0,0,0,1,1,0,0,0,0,1,FIC,synthetic_corpus_v2,syn_aab56ad901b4,synthetic
6.05783295123602,7.999746416063801,4.922239457093383,4.049156027943267,4.401583200794401,10.0,2.9806856860677757,1.7205557736788606,5.27411460119635,4.478977025537622,15.442937189233666,startup,developpement_logiciel,0,1,0,0,0,1,0,0,1,1,0,0,1,1,0,0,1,0,IGGLIA,synthetic_corpus_v2,syn_7b29cefa7874,synthetic
5.968650456222144,2.5073761563911137,5.389055495832096,3.2302385796970445,1.383386304561515,8.473532209167118,2.586964789199556,4.2853807514099636,5.902761189614554,6.846296592193369,11.846206119353702,bureau,commerce_gestion,0,1,1,0,0,1,0,1,1,1,1,1,1,1,0,0,1,1,CAA,synthetic_corpus_v2,syn_a125c4bd1e9a,synthetic
6.712797520913247,4.443738910794178,6.2141648142614905,5.524694903431243,1.1760379495114148,8.608626733355013,2.851028381486493,3.4568757331466298,3.5356750584471017,9.642124017911016,12.951320492316192,remote,genie_civil_archi,0,1,1,0,0,1,0,0,0,1,1,1,1,1,1,0,0,1,FIC,synthetic_corpus_v2,syn_7398ac2a15cf,synthetic
6.172852791353015,3.835429106107277,4.082512702424066,3.2548177801977416,2.5121923704992875,7.308806726409067,1.7531338139551516,2.6862302263496294,6.409785474363408,8.425705880626824,11.446353329651464,remote,commerce_gestion,0,1,0,0,0,0,1,0,0,1,0,1,0,1,1,1,0,0,CAA,synthetic_corpus_v2,syn_b4ec44ed0ef4,synthetic
9.74080472292911,7.15686033604713,3.6877788920994403,3.8258269720074707,8.80918415520813,4.854648099953868,9.258862282474897,1.1372279045745182,3.910969400050188,2.6553563395409903,11.5337303487303,remote,electronique_embarque,0,1,1,1,0,0,1,0,0,0,0,1,0,1,0,0,0,0,ICMP,synthetic_corpus_v2,syn_01b45331a68b,synthetic
8.088734204073132,3.3691172626131296,8.125295796089766,3.6738608229861462,0.0,6.7667084916591085,1.501759714136488,5.301756680408674,7.2299461647792285,10.0,11.807155705050056,remote,finance_compta,0,0,0,0,1,1,1,0,0,0,0,0,0,0,0,1,0,0,FIC,synthetic_corpus_v2,syn_f32b78dc3c75,synthetic
7.192265628890089,3.2179170709355134,5.015273479303629,3.153916721002839,1.4653668318846487,8.265450073897192,1.2168308171400266,0.8563062592714388,6.777194937308304,7.256451989934753,13.62175923687099,startup,gestion_projet_si,0,0,1,1,0,1,0,0,0,1,1,0,0,1,1,0,0,0,EMP,synthetic_corpus_v2,syn_74084097df73,synthetic
4.57232811846009,7.804818027359902,4.811465950410534,8.201438562678733,2.1384694861510027,5.2393019561893555,3.379478853516574,2.5005756298226984,6.857299662831862,3.116255968479517,13.311082517724618,startup,developpement_logiciel,0,1,0,0,0,0,0,0,1,0,1,1,1,0,1,0,0,0,IMTICIA,synthetic_corpus_v2,syn_82ea96a44c1d,synthetic
6.682131054353604,2.914535063107803,2.623473860377268,3.606911885831557,4.091681847917978,8.862984137454566,2.5664603616489874,1.7742940154304114,6.4034778531718395,8.160053178780693,13.719431340606988,remote,commerce_gestion,1,1,1,0,0,0,1,1,1,0,0,0,0,0,1,1,0,0,CAA,synthetic_corpus_v2,syn_e43879eaa5d1,synthetic
6.468974980192495,3.965552277134462,5.130379301575166,3.3509399831767257,2.712738666802678,2.5192097019281245,4.777058564870032,8.893922292043152,4.915210047094733,4.527710424621134,14.900075374251436,bureau,recherche_appliquee,0,1,1,0,0,1,0,0,0,0,0,0,0,0,1,1,0,0,PIP,synthetic_corpus_v2,syn_17277803a215,synthetic
5.503676305381189,4.681465413766736,6.58867354224758,0.7664377064688006,0.6136159767105642,7.737055733928436,3.307265597466753,2.049935485388008,6.318393422584154,7.964030394241993,16.28177284659383,labo,finance_compta,1,0,1,1,0,0,0,1,0,1,1,0,0,0,0,0,0,1,FIC,synthetic_corpus_v2,syn_2bb22f001a71,synthetic
9.152524980649787,5.969820649963118,2.9863526863816543,7.7069944109476,2.6947379774013527,4.962346617041453,8.082158864689442,4.191496853838877,2.89157985492567,2.374621702523603,13.115321107568079,terrain,genie_civil_archi,0,0,0,0,1,1,0,0,1,0,0,1,1,0,1,0,0,0,GCA,synthetic_corpus_v2,syn_9ab9d19c2df9,synthetic
8.893352773886251,5.579867441250439,6.800107780993337,4.490557310609572,3.565002842946836,4.6612989238876015,5.698401759044216,2.708451259782727,4.740007070937576,1.8429865752911123,12.774023567730895,bureau,data_science,1,0,0,1,0,0,0,1,0,0,0,0,1,0,1,0,1,0,ISAIA,synthetic_corpus_v2,syn_4b224146c7a9,synthetic
5.821451677593778,7.716167514437019,5.23939712932651,2.9863699330753875,2.0838628610033494,8.726544107081262,2.7851271933736683,2.190783203300869,5.983450705837594,4.092802703780608,14.657136387178904,remote,developpement_logiciel,1,1,0,0,0,1,0,1,1,0,0,0,0,0,1,0,0,0,IGGLIA,synthetic_corpus_v2,syn_5c85cad8025d,synthetic
4.668793349957669,5.126647833956705,4.289930654537322,8.342477396947697,3.9820880390625546,6.409691115799767,0.5425319118688132,0.6281549521630267,7.384087083610186,2.09422151479783,14.046047469832615,remote,multimedia_ux,1,0,0,0,1,1,0,0,1,1,1,0,0,0,1,0,0,1,IMTICIA,synthetic_corpus_v2,syn_f1b625c985b3,synthetic
9.196615275371306,7.635285198009265,5.99422451455917,1.8835038607107988,3.222479741009982,7.286084149758337,3.990592544551201,2.0693842368711035,4.2823554453792205,6.353180852895556,12.481960209770342,startup,gestion_projet_si,1,0,1,0,0,0,0,0,0,1,1,1,1,1,1,1,0,1,IGGLIA,synthetic_corpus_v2,syn_42d742187084,synthetic
5.735693312865216,3.9032874275681477,2.8900432227685258,6.109023266964686,0.3625945570121454,8.735319699300517,3.7697562426537177,4.254747147139248,6.879010284539865,6.799555269723001,12.9935908900776,terrain,commerce_gestion,0,0,0,0,1,1,1,0,0,1,0,0,0,1,1,1,0,0,TEH,synthetic_corpus_v2,syn_d5da1b59e4bf,synthetic
5.041443398008768,8.938124853003583,4.83963045165612,7.85975648099595,2.5270273225638777,5.353747401399333,3.0568800325799717,2.98385646289721,6.95709630447934,2.746882559020994,13.400057044257322,startup,multimedia_ux,1,1,0,1,0,1,0,1,0,0,1,1,1,0,1,0,1,0,IAA,synthetic_corpus_v2,syn_78fd3024361c,synthetic
4.813102193213421,2.3283050839291213,3.8375101475008,2.784375878536966,4.704125373520874,6.128924474230775,3.4810067012206236,8.19365884876468,4.466716498944299,2.703568178509667,12.318157312901153,startup,agroalimentaire,1,1,0,1,0,0,1,0,1,1,0,0,1,1,1,0,1,1,IAA,synthetic_corpus_v2,syn_b53e0ca6bee6,synthetic
5.615378954397113,4.918749583953835,6.474051922830206,1.3167884821362847,7.970146433064138,2.1062642986411464,7.591989790169205,2.7664467757274194,4.557228868705677,2.8826786059581164,11.284219701408109,labo,recherche_appliquee,1,0,0,1,0,0,0,1,1,0,0,1,0,0,1,1,1,0,ESIIA,synthetic_corpus_v2,syn_c64dd75abf30,synthetic
9.426147162002824,4.853080272164957,7.137393110413075,5.027717003184252,4.187442130292539,6.540947107210342,6.204371927982279,3.1925700487091344,2.641634908375269,6.247097485920143,13.800341163240184,terrain,data_science,0,1,1,0,1,0,1,0,1,1,0,0,1,0,1,1,1,1,ISAIA,synthetic_corpus_v2,syn_1be4c640c049,synthetic
6.654844440646063,4.065277657783298,3.567947273731046,2.1637425006779463,5.5634005101774,3.5786634030988163,8.281458152253833,2.6404897108449172,0.1445900708546386,1.6662727184049428,12.745254739792268,labo,electronique_embarque,0,1,0,1,1,1,0,1,0,0,0,0,1,0,0,0,0,1,EMII,synthetic_corpus_v2,syn_f66ed42b0695,synthetic
6.441131407327602,4.311931053997478,6.941714687628729,3.074490136756255,2.5161673380069853,4.387071968825653,4.053210500983332,4.381456300657489,5.256018491448422,6.473604732641176,11.572084014809146,remote,data_science,0,1,1,1,0,0,0,1,1,0,0,1,1,1,0,0,1,1,ISAIA,synthetic_corpus_v2,syn_32ad7a606456,synthetic
7.208895960016304,2.78375088520013,3.2225294370186157,2.5333880196069245,0.6819136892360653,5.07495890097013,6.448207051854029,10.0,3.9164392929967042,3.983796551814071,10.910848539818671,atelier,agroalimentaire,1,1,0,1,1,0,1,1,0,0,0,0,0,1,1,1,0,0,IAA,synthetic_corpus_v2,syn_95d16a387d69,synthetic
4.060523961441511,3.839613950000479,4.524578707755898,3.8384950890327616,1.558626037228801,7.175706756849847,5.629641529095628,7.383429781591512,10.0,4.7375861948680935,13.593975947158594,atelier,tourisme_hotellerie,0,0,0,1,1,0,0,0,0,0,0,0,1,0,0,0,0,0,IAA,synthetic_corpus_v2,syn_cc7e48df334f,synthetic
8.01831359772273,3.5456956395061074,5.862471232644271,3.703041370788417,4.024681168166445,3.0537766087111278,6.724082874819247,6.88091193245152,4.841986424067821,5.183979077119023,14.336511905089404,labo,recherche_appliquee,0,1,0,0,1,0,1,0,0,1,0,1,1,1,0,1,0,1,PIP,synthetic_corpus_v2,syn_6ad384328e13,synthetic
5.381378666910259,6.750178344352773,4.5133891767918906,2.8755297218943077,7.6115501421655845,2.255298827322832,7.957497819035898,2.0520452287340403,4.958743489752936,3.1412889916715736,15.466056914539882,atelier,recherche_appliquee,1,1,1,1,0,0,1,0,0,0,0,1,0,0,0,0,1,0,ESIIA,synthetic_corpus_v2,syn_7481144812c4,synthetic
5.537645647324696,3.5479708737644238,4.290345520675858,2.1333245198245394,4.330129534342824,5.850270061238455,3.923683136949005,8.781195876472168,5.014565965909837,5.5801179437041615,9.993466669336323,labo,agroalimentaire,1,0,0,1,0,1,0,1,0,1,0,0,1,1,0,0,0,1,IAA,synthetic_corpus_v2,syn_5908b8151dea,synthetic
5.656916939929538,5.390496397417332,6.469917585864206,3.797399392769985,9.35379315965728,6.536287512578852,8.136449386888051,4.196701088383955,4.388062626824808,2.2901842680318194,13.047847572979434,bureau,recherche_appliquee,1,1,0,1,0,0,1,1,0,0,1,1,1,0,0,1,1,1,ESIIA,synthetic_corpus_v2,syn_67c5f5c9cd7d,synthetic
7.9575366907861955,3.1450695813290306,4.486981064280062,1.5174294390043004,2.303622259893364,5.348275175903673,6.684103233721281,6.901669361662478,4.699006537989206,3.1192931000587807,14.451266730208383,labo,recherche_appliquee,0,0,1,1,0,0,1,1,0,1,0,0,0,0,0,1,0,0,PIP,synthetic_corpus_v2,syn_6917ea56b73a,synthetic
7.890436219633584,2.9082234233532493,5.381107138915352,5.388842933161476,4.825670155107015,3.1711121377011615,6.717432684100532,3.756657848758588,4.136888175271091,5.464888151620019,14.855592002631493,chantier,genie_civil_archi,0,0,0,0,1,1,0,0,1,0,0,0,1,0,1,1,0,1,GCA,synthetic_corpus_v2,syn_0af48aff2404,synthetic
8.096914536275342,4.2522807698061635,9.05230540450718,5.66082515589255,3.146122029041295,6.607092286862462,2.9038541638635866,2.8886256153160077,4.725006070036774,3.53700675504035,12.56503266031292,bureau,data_science,0,0,0,0,1,1,0,1,0,1,1,1,1,0,0,0,0,0,ISAIA,synthetic_corpus_v2,syn_82b82a64fcb2,synthetic
7.480839180090727,5.039463827212503,3.7754819868118146,2.8878700194001525,8.079096798493639,4.811927276190286,5.267928810889092,3.0618240114639823,4.912920332606819,0.3413226122971085,15.507997048332022,bureau,recherche_appliquee,1,0,0,0,1,0,1,1,1,0,0,0,0,0,1,0,0,0,ESIIA,synthetic_corpus_v2,syn_b77cf8b9c97b,synthetic
4.892853690333639,9.623550108785542,4.937979545134562,5.611026104277668,4.295092509807581,8.563128140157916,3.7079161366933855,4.493529119187449,2.5537628785075888,2.919694413768654,11.192325295144956,startup,gestion_projet_si,1,0,0,0,0,1,0,1,0,0,1,1,1,0,0,1,0,1,IGGLIA,synthetic_corpus_v2,syn_b1c0fd27493d,synthetic
6.7911806519488485,6.478816554636008,3.411588806922995,9.27901126368649,3.9492632376262065,6.035053320137708,4.013494816502524,2.9612856414993534,7.921143784020487,4.772663721787168,11.524700806066573,bureau,pharmacie,0,1,0,0,0,1,0,0,0,0,0,0,0,0,0,0,1,0,IMTICIA,synthetic_corpus_v2,syn_b98339f3490b,synthetic
5.854619936997471,4.913068888538653,5.35654408675484,5.6103454269976485,1.3811866888011592,3.9928989318948056,6.3863911980102115,7.216626918121188,6.453691802013963,3.6763558088255874,14.198157559252351,chantier,pharmacie,0,0,0,0,0,0,1,1,0,0,0,0,1,1,0,0,0,0,PIP,synthetic_corpus_v2,syn_692e0a308552,synthetic
6.419453713236734,2.6850908627956356,4.977134761030998,2.5585362819438444,1.7796823230519132,6.97982054030308,5.163795034796209,6.234333337548458,5.409307763406699,3.869670359382038,13.838249458306814,atelier,agroalimentaire,0,0,0,0,0,0,1,1,0,1,0,1,0,0,0,0,0,0,IAA,synthetic_corpus_v2,syn_5289ffb0dd80,synthetic
3.344672086745746,2.502661771833949,3.283290070363961,5.8058852834720085,1.7844663811839772,7.004266582659093,4.437769771406522,5.753759095433423,6.7374768075489255,4.154893197032498,12.7521886509213,bureau,commerce_gestion,1,0,1,1,0,1,1,0,0,1,1,0,0,0,1,0,0,1,TEH,synthetic_corpus_v2,syn_f7893a963ae5,synthetic
7.54535156093079,7.5008350077771535,4.2323535808340065,3.913980585908108,3.917105174375409,9.770576557811111,3.5240182313790465,2.0580699741362296,3.5614427071887973,5.208744295376574,13.10082970680271,remote,gestion_projet_si,1,1,1,0,0,0,0,1,0,0,1,0,0,0,1,0,0,1,IGGLIA,synthetic_corpus_v2,syn_c6f8f2cbed9c,synthetic
8.624765986708656,1.8640131668713986,2.630040408639061,2.094051315164563,2.0148187299740354,7.230208051067656,0.8215549282287331,2.1004133947766963,7.622023183033644,4.520182957165471,13.258821565151111,startup,commerce_gestion,0,0,0,0,0,1,1,1,1,1,0,0,1,1,0,0,0,1,EMP,synthetic_corpus_v2,syn_8b5e436958c0,synthetic
5.093254123182669,6.536571731879734,5.66696833686714,8.639684020604967,3.2850047984886586,5.838147674045754,4.675760928324021,0.0,6.531696451526674,3.0694004864232296,9.841338901096155,remote,developpement_logiciel,0,0,0,0,1,0,0,0,1,0,1,0,0,0,0,0,1,1,DTJA,synthetic_corpus_v2,syn_bf4a1292ed9a,synthetic
5.308757429137008,3.6353545733153285,6.535806034706538,3.161253660816922,2.7097667984089764,9.187736692237424,2.923961407486207,3.551512091784419,7.177435993492622,7.9654106251926144,13.381052661337847,startup,commerce_gestion,1,0,0,0,1,1,0,1,0,0,0,0,0,1,0,0,0,1,CAA,synthetic_corpus_v2,syn_707c548228b0,synthetic
8.133010638630637,7.0980037172291155,8.517814676778292,2.794400972803839,3.0219929176067235,6.0780185775624345,3.2741456736940524,1.8251843772701297,3.3951669093219845,6.866874414451926,12.874070539001812,labo,data_science,0,1,0,1,1,0,1,1,0,1,0,0,0,1,0,0,0,1,ISAIA,synthetic_corpus_v2,syn_09d8fed924e5,synthetic
7.2643518207912425,7.03310231125687,9.185763967812871,2.13841859923195,6.249593874740492,4.6785881750217495,3.5288049338544307,2.5806700749913083,5.056334315883694,3.6657803091343317,11.880623273612994,bureau,recherche_appliquee,0,0,1,0,0,0,0,1,1,1,0,1,0,0,0,0,0,0,ISAIA,synthetic_corpus_v2,syn_0ad58da37f0f,synthetic
5.465661481459823,3.2065781102220074,5.807873587435999,3.7240814208457294,3.3151842661648114,8.768918891841107,1.1657368903785457,2.104413947320543,6.524485124477022,8.080362359203688,10.87858209321562,bureau,commerce_gestion,0,0,1,0,1,1,0,0,0,1,0,0,1,0,0,0,0,1,CAA,synthetic_corpus_v2,syn_5fa35694627e,synthetic
6.925616298689155,7.624276931541575,3.538260022955777,2.464038365867408,10.0,1.4744319893880933,8.586465357589306,3.9349094677942826,5.148950809485267,2.3899845150109154,14.549704702156063,labo,recherche_appliquee,1,0,0,0,0,1,1,0,1,0,0,1,0,0,0,0,0,0,ESIIA,synthetic_corpus_v2,syn_d96e0097a592,synthetic
5.452285332560085,2.827165983287857,2.5823771170363217,2.326109363060657,3.775762761431514,4.62716181334216,8.500746494024407,7.348936665791758,2.9659553455651917,3.1911853660369975,11.477402315356377,labo,industrie_automatisme,0,0,0,0,1,1,1,0,1,1,0,0,0,1,1,0,1,0,ICMP,synthetic_corpus_v2,syn_844a4064b2d5,synthetic
8.790756536442855,2.982057164525264,6.372757910136615,2.743990505396619,1.8850055594674222,6.296293391356107,3.160325694769401,1.8831209271526346,4.64382568993918,9.726854307963835,11.752943427511726,bureau,pharmacie,1,1,1,0,0,1,1,0,1,1,1,0,0,0,0,1,0,0,FIC,synthetic_corpus_v2,syn_aa94526658c3,synthetic
5.454012244943296,9.226258062851702,3.7173821355754244,3.3608851837603706,10.0,2.404188090671945,6.143028170062105,4.1435739346019815,5.900194630545772,0.9525713046331936,11.884460870439515,terrain,electronique_embarque,1,1,1,1,1,1,1,1,1,1,0,1,0,1,0,0,0,1,ESIIA,synthetic_corpus_v2,syn_73868e50c8b3,synthetic
4.937548812170323,2.433093455282441,3.0017995700697204,5.3761266164511605,2.6931579563986676,6.770599570134061,2.4480658775733017,6.264840453720232,6.572796640756499,5.190919974955503,12.660653979393864,bureau,tourisme_hotellerie,0,0,0,1,1,1,1,0,0,1,0,1,1,0,0,0,0,1,TEE,synthetic_corpus_v2,syn_a821d86ed165,synthetic
8.238725245648613,3.7498798998980645,6.697993785641831,6.58466189740579,2.911828842724578,6.05252030218799,8.25663062871175,5.326837765329433,6.889744804987936,2.862476044063765,14.224573819578072,bureau,genie_civil_archi,0,1,0,1,0,1,1,1,0,0,0,0,1,0,1,0,0,1,GCA,synthetic_corpus_v2,syn_199715c5f220,synthetic
5.146346884933645,4.474122168015278,6.756943903251681,4.367727682625919,2.531512850115804,5.097748727634351,5.467624934541851,9.210815492845306,2.074867026347722,2.42404699886558,13.162626858047672,atelier,tourisme_hotellerie,0,0,0,1,0,1,0,0,0,0,1,0,0,0,1,1,0,1,IAA,synthetic_corpus_v2,syn_dad9a26f61ca,synthetic
8.043705831048129,4.932729227506386,7.298267944618809,2.05082128019478,2.4178564501976814,8.324511997197607,1.4726301079064472,4.75240959372374,5.997808948213916,8.708300381223864,13.762802440971598,bureau,recherche_appliquee,0,0,0,1,1,0,1,1,0,1,1,0,0,0,1,1,0,0,FIC,synthetic_corpus_v2,syn_8f0675034425,synthetic
5.283794524914347,1.199519901712261,3.003713428955953,2.0424972741374368,0.32842265268010307,6.59443793910791,2.0971936675564877,1.1209592296512696,6.9678418130890485,8.564776301583075,12.657467706241167,bureau,droit_affaires,0,1,0,0,1,0,0,0,0,1,1,0,0,0,1,1,0,1,DTJA,synthetic_corpus_v2,syn_25af93c173ca,synthetic
4.796396074624389,1.2391537432437856,2.968477436256564,3.627938288577501,0.8189819719378008,7.9539973808390645,1.8769331192799297,1.5815333838897132,9.368151465842036,8.208707342311863,13.001712068834625,atelier,droit_affaires,1,1,1,0,1,0,1,1,0,0,0,1,1,0,0,0,1,1,PIP,synthetic_corpus_v2,syn_069d5a3135b6,synthetic
6.317841426783784,2.7950702546654593,3.6387504480125443,2.501625183976598,4.169183357334501,4.865951209743769,6.147393121303539,8.28977070658157,3.089458666943592,4.270926456733715,12.553473325919374,terrain,recherche_appliquee,0,1,0,0,0,0,1,0,0,0,0,0,1,0,1,1,1,1,PIP,synthetic_corpus_v2,syn_fe9d6075081d,synthetic
6.963894558613685,0.1370130409070458,4.085206341484657,4.168690704291654,1.8718525386920943,9.12188542292971,3.306283073034172,1.427006077782297,6.256188126554008,8.161488268706522,14.264846499165966,bureau,commerce_gestion,0,0,0,1,0,0,0,1,1,1,0,1,0,0,1,1,0,1,EMP,synthetic_corpus_v2,syn_1dccd062d3f1,synthetic
6.4300798543152,4.3766335565797565,4.088188304143581,5.905660447083985,3.429775077045172,5.80696574528405,2.620132476824713,2.8462789028901536,6.867629617896524,2.8439290018941596,10.94709236269937,bureau,multimedia_ux,0,1,1,0,1,0,0,1,1,0,1,0,0,0,0,1,0,0,IMTICIA,synthetic_corpus_v2,syn_bf87b2f5b2db,synthetic
5.358551132323368,8.148574349045665,3.1278530433792118,2.829278593549713,2.2232675139938687,7.892991346589325,4.2241221382779806,1.2081671395236901,6.065445109282008,7.310617069859552,12.500696254383602,remote,recherche_appliquee,1,1,1,1,1,0,0,1,0,0,1,1,0,0,0,0,0,0,IGGLIA,synthetic_corpus_v2,syn_1316da61ad89,synthetic
6.422533626260281,1.9137266910373527,4.814931332401132,4.288400640861422,1.358463952686114,9.317557762033186,2.3739672454048466,2.881030493464724,9.186682304534404,9.0070725058624,15.075112061352073,remote,commerce_gestion,0,0,1,0,1,1,0,0,1,1,0,0,1,0,1,0,0,0,EMP,synthetic_corpus_v2,syn_a69dcdccb684,synthetic
6.323133590608635,6.7400419507998395,5.656505472616601,1.3328355899212032,3.778517474042971,7.828552892072533,1.0236091480590646,0.16519386943144942,3.2730896853942983,4.9149211696752335,11.547881820959944,atelier,tourisme_hotellerie,1,1,0,0,0,1,0,1,0,0,0,0,0,1,0,1,0,0,IGGLIA,synthetic_corpus_v2,syn_360da4ed9714,synthetic
5.234346216627462,3.9980392900051522,6.226168370097871,7.235630355096518,2.285683325388417,4.2465635881641,3.232750635627757,2.033135774549909,6.785557071572461,4.5663788178356395,10.1060387641117,labo,developpement_logiciel,0,0,1,0,1,1,0,0,0,1,1,0,1,1,0,1,0,0,IMTICIA,synthetic_corpus_v2,syn_6cc16f28f57e,synthetic
7.403493592392515,8.58267671033234,6.658429904837187,8.367392654288132,2.282351197714883,7.605341408929902,3.273476970986632,4.052706756612273,5.3240756604031905,6.225936886050981,12.859912466817539,remote,data_science,0,0,0,1,1,1,0,0,0,0,0,0,0,0,1,1,0,0,IGGLIA,synthetic_corpus_v2,syn_1717b0af186d,synthetic
4.89485070799016,2.47559791074474,4.5341399288113555,3.1128998508656203,1.948860823748983,8.215964699614933,1.6359395742401026,1.7372923925395471,6.183338859306511,9.351243250829409,13.29567828727691,startup,commerce_gestion,0,0,1,1,0,1,0,1,0,1,0,0,1,0,0,0,0,0,CAA,synthetic_corpus_v2,syn_70ff23ef9ed6,synthetic
7.0401496124028755,4.4796526714683065,5.080993996422215,2.6887847725267227,8.082576194689283,3.4224776525320424,6.4164289018807334,2.758769661768671,3.2092030672241507,5.141035786151985,15.562477599967128,atelier,electronique_embarque,1,0,0,1,0,1,1,0,1,0,0,0,1,0,0,0,1,0,ESIIA,synthetic_corpus_v2,syn_db6a25e391fe,synthetic
7.4280692295746595,2.541091580126261,6.464443825187606,2.7134772945810006,1.1018365435795472,8.042576220971007,1.9922197789753056,2.07037570672964,5.5179476188197825,7.874015249843748,13.34878569452324,remote,gestion_projet_si,1,0,0,0,1,0,1,1,1,0,0,1,0,0,0,0,0,0,EMP,synthetic_corpus_v2,syn_5daa65c26a77,synthetic
7.075378824931013,1.4710727786253728,3.5944915251399205,2.978263189645203,0.7087041540040451,3.4554530326334314,6.990474447113192,6.588233512117283,3.8616580570473693,4.439440999479147,14.43924140177343,atelier,agroalimentaire,0,0,1,1,0,0,1,0,0,0,0,0,1,1,1,1,0,0,IAA,synthetic_corpus_v2,syn_0b70af658104,synthetic
7.290999330658208,0.39018703011035605,4.305606761797774,2.425543016693358,1.3394949466388717,4.7551789048233255,4.966907827250065,8.46632337200752,2.4346032906885795,3.199542568864816,10.743599351837375,labo,agriculture_elevage,0,0,1,0,0,1,1,1,1,1,0,0,0,1,1,1,1,1,AEE,synthetic_corpus_v2,syn_62b444dee9fb,synthetic
9.544950960165188,4.595596477575368,10.0,3.7060129580819674,3.02377965175207,5.405746257872865,6.593842683645962,3.0142838526865607,4.762237839634488,5.482925504578357,14.416116333469057,labo,data_science,0,0,0,0,0,0,0,0,0,1,0,0,1,0,0,1,0,0,ISAIA,synthetic_corpus_v2,syn_48bb2e7d3604,synthetic
5.133206308052706,5.278127466807492,3.520710695910604,5.874306782013187,4.17735874691822,7.46168984353543,3.6631285946580734,4.775382814390218,9.369696947260506,5.553555367896719,14.136367664969,bureau,commerce_gestion,0,0,1,0,0,1,0,0,0,0,0,0,0,1,1,1,0,0,CAA,synthetic_corpus_v2,syn_5e5280a631fa,synthetic
5.202278306275051,0.8408227711772196,5.670798909275991,6.4927116197912245,3.5620605744612233,6.705704017311399,2.400151744125222,1.731117812451009,5.4768547570982,7.851593002879733,12.260304559433967,startup,commerce_gestion,0,1,1,0,0,1,0,0,1,1,0,1,0,0,0,0,0,1,CAA,synthetic_corpus_v2,syn_ed72f7bae8a0,synthetic
7.468172620037149,4.375939306630067,4.130986836304261,5.569827877353972,4.533358362441195,4.945744326292405,9.36173804328206,2.4858141404204286,0.09386885674903755,6.0724121358102074,11.63892167655,atelier,genie_civil_archi,1,0,0,1,1,1,0,1,0,0,1,1,0,0,1,0,1,0,GCA,synthetic_corpus_v2,syn_20acbea16a47,synthetic
7.784565812145484,6.90175460820176,8.144797998002318,3.098964489378835,2.338267234289495,8.836238985446276,4.175194876459823,2.320714065789405,3.961591209905552,9.511848811142485,15.157997405509233,bureau,agroalimentaire,1,1,1,1,0,1,0,1,0,0,1,0,0,0,0,0,0,0,FIC,synthetic_corpus_v2,syn_0eeecf498cb1,synthetic
5.4941080655643395,8.96029150861889,7.593611948460257,8.227409673209058,2.0443709425924603,4.292739811643936,5.656400901785096,1.144754975420082,6.01597444604223,4.766204506836711,12.508056235974781,bureau,chimie_procedes,0,1,0,1,0,1,0,0,0,0,0,0,0,0,0,0,1,1,IMTICIA,synthetic_corpus_v2,syn_f36d8347b683,synthetic
4.176325136111241,3.1786972245879364,4.949990961157383,4.7579973769134485,1.8281628555589782,8.055768426370582,3.2936486319995697,1.5850223707016404,6.67742786792533,7.250598812884825,11.836328017829784,atelier,droit_affaires,0,0,0,0,0,0,0,0,1,0,1,1,0,0,0,1,0,0,TEH,synthetic_corpus_v2,syn_4684e138fd26,synthetic
6.327348566415349,8.665199848774439,5.235299507465698,3.139237021422324,2.0087397837883136,8.047292500383955,2.6567106681136003,0.6533251270372988,3.917346869589287,4.1756873966452135,12.660495558887606,startup,developpement_logiciel,0,1,0,1,1,1,0,1,1,0,0,0,0,1,0,1,0,0,IGGLIA,synthetic_corpus_v2,syn_913156265524,synthetic
